trajectory,iteration,evaluation_season,league_std_dev,team_0,team_1,team_2,team_3,team_4,team_5,team_6,team_7,team_8,team_9,team_10,team_11,team_12,team_13,team_14,team_15,team_16,team_17,team_18,team_19,team_20,team_21,team_22,team_23,team_24,team_25,team_26,team_27,team_28,team_29
0,0,0,0.13972154399105707,0.4634146341463415,0.5121951219512195,0.5365853658536586,0.6463414634146342,0.36585365853658536,0.35365853658536583,0.47560975609756095,0.5,0.5121951219512195,0.2682926829268293,0.47560975609756095,0.573170731707317,0.5975609756097561,0.4024390243902439,0.6951219512195121,0.5609756097560976,0.3902439024390244,0.5487804878048781,0.9878048780487805,0.6341463414634146,0.43902439024390244,0.4024390243902439,0.4146341463414634,0.3048780487804878,0.43902439024390244,0.6463414634146342,0.4878048780487805,0.32926829268292684,0.6097560975609756,0.4268292682926829
0,0,1,0.12412693317072657,0.524390243902439,0.5609756097560976,0.5365853658536586,0.45121951219512196,0.3780487804878049,0.4146341463414634,0.3780487804878049,0.47560975609756095,0.4634146341463415,0.45121951219512196,0.5,0.5487804878048781,0.5975609756097561,0.4878048780487805,0.7439024390243902,0.3902439024390244,0.45121951219512196,0.3048780487804878,0.9634146341463414,0.4878048780487805,0.573170731707317,0.573170731707317,0.3780487804878049,0.5609756097560976,0.3780487804878049,0.36585365853658536,0.4634146341463415,0.573170731707317,0.5609756097560976,0.4634146341463415
0,0,2,0.12665716903975544,0.45121951219512196,0.4268292682926829,0.5121951219512195,0.7073170731707317,0.4268292682926829,0.6707317073170732,0.4146341463414634,0.45121951219512196,0.4878048780487805,0.5,0.35365853658536583,0.2926829268292683,0.3780487804878049,0.5609756097560976,0.35365853658536583,0.6097560975609756,0.3902439024390244,0.4268292682926829,0.8536585365853658,0.5975609756097561,0.3780487804878049,0.5487804878048781,0.5975609756097561,0.6829268292682927,0.3902439024390244,0.5,0.4878048780487805,0.6463414634146342,0.5487804878048781,0.35365853658536583
0,0,3,0.11530679662022258,0.3048780487804878,0.5975609756097561,0.47560975609756095,0.47560975609756095,0.4146341463414634,0.6829268292682927,0.5,0.5487804878048781,0.5121951219512195,0.43902439024390244,0.5609756097560976,0.3780487804878049,0.3780487804878049,0.5365853658536586,0.45121951219512196,0.6829268292682927,0.5609756097560976,0.3048780487804878,0.5121951219512195,0.47560975609756095,0.3048780487804878,0.5,0.6829268292682927,0.573170731707317,0.5,0.524390243902439,0.3780487804878049,0.5487804878048781,0.4024390243902439,0.7926829268292683
0,0,4,0.11869640268479632,0.6219512195121951,0.2926829268292683,0.45121951219512196,0.3902439024390244,0.5121951219512195,0.524390243902439,0.5487804878048781,0.36585365853658536,0.524390243902439,0.7804878048780488,0.4878048780487805,0.32926829268292684,0.4268292682926829,0.36585365853658536,0.36585365853658536,0.5487804878048781,0.43902439024390244,0.45121951219512196,0.6463414634146342,0.5365853658536586,0.45121951219512196,0.4024390243902439,0.7073170731707317,0.6585365853658537,0.5365853658536586,0.45121951219512196,0.47560975609756095,0.43902439024390244,0.524390243902439,0.7439024390243902
0,0,5,0.12575372600209772,0.6585365853658537,0.5365853658536586,0.24390243902439024,0.6463414634146342,0.3170731707317073,0.47560975609756095,0.3170731707317073,0.573170731707317,0.4634146341463415,0.5853658536585366,0.5609756097560976,0.5975609756097561,0.5,0.4634146341463415,0.573170731707317,0.4024390243902439,0.6707317073170732,0.7317073170731707,0.573170731707317,0.43902439024390244,0.3048780487804878,0.5,0.6097560975609756,0.4024390243902439,0.32926829268292684,0.47560975609756095,0.5975609756097561,0.2926829268292683,0.5365853658536586,0.6219512195121951
0,0,6,0.14805902644659696,0.34146341463414637,0.6097560975609756,0.524390243902439,0.25609756097560976,0.6463414634146342,0.45121951219512196,0.45121951219512196,0.3902439024390244,0.6707317073170732,0.6585365853658537,0.5487804878048781,0.7073170731707317,0.5121951219512195,0.35365853658536583,0.573170731707317,0.35365853658536583,0.3902439024390244,0.5609756097560976,0.4634146341463415,0.43902439024390244,0.32926829268292684,0.6341463414634146,0.4146341463414634,0.3902439024390244,0.24390243902439024,0.43902439024390244,0.7682926829268293,0.4634146341463415,0.5365853658536586,0.8780487804878049
0,0,7,0.13051249671404122,0.43902439024390244,0.524390243902439,0.573170731707317,0.5975609756097561,0.5609756097560976,0.8414634146341463,0.4146341463414634,0.43902439024390244,0.3780487804878049,0.4878048780487805,0.524390243902439,0.4024390243902439,0.5,0.43902439024390244,0.6219512195121951,0.6463414634146342,0.6585365853658537,0.6341463414634146,0.4878048780487805,0.1951219512195122,0.5365853658536586,0.3048780487804878,0.3170731707317073,0.5609756097560976,0.4634146341463415,0.524390243902439,0.3902439024390244,0.573170731707317,0.6585365853658537,0.3048780487804878
0,0,8,0.13043650689874084,0.5487804878048781,0.5121951219512195,0.4268292682926829,0.5,0.4146341463414634,0.6463414634146342,0.5365853658536586,0.3902439024390244,0.43902439024390244,0.5853658536585366,0.7073170731707317,0.43902439024390244,0.4024390243902439,0.47560975609756095,0.5121951219512195,0.7439024390243902,0.7317073170731707,0.35365853658536583,0.2682926829268293,0.4268292682926829,0.4878048780487805,0.4146341463414634,0.6463414634146342,0.3048780487804878,0.573170731707317,0.32926829268292684,0.6707317073170732,0.2926829268292683,0.5853658536585366,0.6341463414634146
0,0,9,0.12211371288142171,0.5121951219512195,0.7804878048780488,0.573170731707317,0.32926829268292684,0.5,0.6585365853658537,0.5,0.4878048780487805,0.6341463414634146,0.21951219512195122,0.3048780487804878,0.4146341463414634,0.5365853658536586,0.4634146341463415,0.4634146341463415,0.6463414634146342,0.5975609756097561,0.4146341463414634,0.36585365853658536,0.5121951219512195,0.5487804878048781,0.4024390243902439,0.4878048780487805,0.6829268292682927,0.5487804878048781,0.4146341463414634,0.4024390243902439,0.3780487804878049,0.6463414634146342,0.573170731707317
1,0,0,0.16625966565214856,0.43902439024390244,0.35365853658536583,0.5487804878048781,0.2682926829268293,0.6219512195121951,0.34146341463414637,0.4268292682926829,0.4268292682926829,0.3780487804878049,0.7195121951219512,0.8048780487804879,0.2804878048780488,0.524390243902439,0.6951219512195121,0.7682926829268293,0.6585365853658537,0.6097560975609756,0.24390243902439024,0.4268292682926829,0.3048780487804878,0.43902439024390244,0.7439024390243902,0.7682926829268293,0.6585365853658537,0.5121951219512195,0.2804878048780488,0.3780487804878049,0.47560975609756095,0.5121951219512195,0.3902439024390244
1,0,1,0.1135304068599101,0.5121951219512195,0.5609756097560976,0.47560975609756095,0.3048780487804878,0.5121951219512195,0.5975609756097561,0.4268292682926829,0.5487804878048781,0.5121951219512195,0.43902439024390244,0.32926829268292684,0.5,0.2926829268292683,0.5487804878048781,0.7804878048780488,0.6341463414634146,0.573170731707317,0.3048780487804878,0.5853658536585366,0.573170731707317,0.32926829268292684,0.6951219512195121,0.5609756097560976,0.5365853658536586,0.4268292682926829,0.573170731707317,0.47560975609756095,0.3902439024390244,0.5,0.5
1,0,2,0.12288262206783396,0.4634146341463415,0.47560975609756095,0.3780487804878049,0.8292682926829268,0.47560975609756095,0.36585365853658536,0.7439024390243902,0.7560975609756098,0.573170731707317,0.45121951219512196,0.32926829268292684,0.45121951219512196,0.35365853658536583,0.524390243902439,0.36585365853658536,0.4878048780487805,0.5853658536585366,0.3780487804878049,0.4878048780487805,0.3902439024390244,0.43902439024390244,0.6097560975609756,0.45121951219512196,0.6707317073170732,0.6097560975609756,0.5365853658536586,0.47560975609756095,0.4634146341463415,0.45121951219512196,0.4268292682926829
1,0,3,0.14367489243925013,0.573170731707317,0.573170731707317,0.2073170731707317,0.6341463414634146,0.34146341463414637,0.5853658536585366,0.6219512195121951,0.6341463414634146,0.6097560975609756,0.3170731707317073,0.32926829268292684,0.47560975609756095,0.3902439024390244,0.3170731707317073,0.34146341463414637,0.47560975609756095,0.6463414634146342,0.7195121951219512,0.6341463414634146,0.573170731707317,0.4878048780487805,0.524390243902439,0.24390243902439024,0.573170731707317,0.4268292682926829,0.36585365853658536,0.3902439024390244,0.6341463414634146,0.5975609756097561,0.7560975609756098
1,0,4,0.1360179853034018,0.45121951219512196,0.36585365853658536,0.17073170731707318,0.5853658536585366,0.47560975609756095,0.6829268292682927,0.6463414634146342,0.2926829268292683,0.6097560975609756,0.45121951219512196,0.524390243902439,0.3902439024390244,0.5975609756097561,0.32926829268292684,0.45121951219512196,0.24390243902439024,0.5853658536585366,0.5609756097560976,0.6341463414634146,0.524390243902439,0.4024390243902439,0.4878048780487805,0.7195121951219512,0.6219512195121951,0.4024390243902439,0.4634146341463415,0.5365853658536586,0.6219512195121951,0.43902439024390244,0.7317073170731707
1,0,5,0.11163699991556887,0.35365853658536583,0.5,0.4878048780487805,0.4634146341463415,0.524390243902439,0.5853658536585366,0.4024390243902439,0.6097560975609756,0.4634146341463415,0.5121951219512195,0.35365853658536583,0.4024390243902439,0.5365853658536586,0.4024390243902439,0.6829268292682927,0.43902439024390244,0.45121951219512196,0.524390243902439,0.3048780487804878,0.45121951219512196,0.6463414634146342,0.35365853658536583,0.6585365853658537,0.5121951219512195,0.3780487804878049,0.524390243902439,0.5121951219512195,0.7195121951219512,0.7560975609756098,0.4878048780487805
1,0,6,0.13307033351766454,0.6829268292682927,0.34146341463414637,0.4634146341463415,0.24390243902439024,0.4634146341463415,0.5975609756097561,0.4146341463414634,0.7317073170731707,0.5975609756097561,0.43902439024390244,0.34146341463414637,0.43902439024390244,0.4634146341463415,0.4024390243902439,0.9024390243902439,0.6219512195121951,0.4268292682926829,0.5487804878048781,0.3780487804878049,0.4268292682926829,0.36585365853658536,0.5609756097560976,0.524390243902439,0.32926829268292684,0.5853658536585366,0.524390243902439,0.524390243902439,0.5365853658536586,0.6219512195121951,0.5
1,0,7,0.13685368534223308,0.7560975609756098,0.6707317073170732,0.3048780487804878,0.32926829268292684,0.3902439024390244,0.4024390243902439,0.45121951219512196,0.5487804878048781,0.6463414634146342,0.2926829268292683,0.4878048780487805,0.43902439024390244,0.3780487804878049,0.36585365853658536,0.8414634146341463,0.7804878048780488,0.3902439024390244,0.5365853658536586,0.5365853658536586,0.47560975609756095,0.6341463414634146,0.45121951219512196,0.3780487804878049,0.47560975609756095,0.5853658536585366,0.4878048780487805,0.5365853658536586,0.4024390243902439,0.573170731707317,0.45121951219512196
1,0,8,0.14035873700817855,0.573170731707317,0.6585365853658537,0.6585365853658537,0.47560975609756095,0.45121951219512196,0.5487804878048781,0.3902439024390244,0.4146341463414634,0.24390243902439024,0.6219512195121951,0.5487804878048781,0.35365853658536583,0.4878048780487805,0.4268292682926829,0.3780487804878049,0.8414634146341463,0.5365853658536586,0.524390243902439,0.43902439024390244,0.45121951219512196,0.7195121951219512,0.6219512195121951,0.3048780487804878,0.4268292682926829,0.35365853658536583,0.36585365853658536,0.5,0.3780487804878049,0.8170731707317073,0.4878048780487805
1,0,9,0.14566238103389365,0.4878048780487805,0.45121951219512196,0.5975609756097561,0.5365853658536586,0.5,0.5487804878048781,0.4024390243902439,0.4634146341463415,0.4146341463414634,0.6585365853658537,0.5365853658536586,0.5121951219512195,0.7439024390243902,0.6097560975609756,0.13414634146341464,0.7317073170731707,0.45121951219512196,0.6829268292682927,0.6707317073170732,0.2682926829268293,0.3048780487804878,0.6097560975609756,0.4146341463414634,0.5,0.3780487804878049,0.5975609756097561,0.36585365853658536,0.4146341463414634,0.7195121951219512,0.2926829268292683
2,0,0,0.17463596310995755,0.3170731707317073,0.6829268292682927,0.524390243902439,0.25609756097560976,0.35365853658536583,0.5121951219512195,0.7560975609756098,0.5121951219512195,0.6341463414634146,0.2926829268292683,0.4146341463414634,0.6707317073170732,0.3048780487804878,0.524390243902439,0.7926829268292683,0.35365853658536583,0.524390243902439,0.4634146341463415,0.6585365853658537,0.2804878048780488,0.5365853658536586,0.975609756097561,0.25609756097560976,0.5609756097560976,0.36585365853658536,0.32926829268292684,0.4024390243902439,0.4878048780487805,0.5975609756097561,0.6585365853658537
2,0,1,0.17246506858208477,0.35365853658536583,0.34146341463414637,0.4634146341463415,0.3780487804878049,0.6219512195121951,0.3902439024390244,0.9024390243902439,0.4146341463414634,0.5365853658536586,0.4268292682926829,0.5487804878048781,0.35365853658536583,0.6219512195121951,0.45121951219512196,0.8780487804878049,0.43902439024390244,0.6951219512195121,0.4146341463414634,0.4634146341463415,0.6097560975609756,0.5975609756097561,0.926829268292683,0.2073170731707317,0.4634146341463415,0.4268292682926829,0.524390243902439,0.24390243902439024,0.4146341463414634,0.35365853658536583,0.5365853658536586
2,0,2,0.1575642477447238,0.4634146341463415,0.2804878048780488,0.47560975609756095,0.4024390243902439,0.45121951219512196,0.45121951219512196,0.9512195121951219,0.6463414634146342,0.35365853658536583,0.35365853658536583,0.36585365853658536,0.6097560975609756,0.6829268292682927,0.6585365853658537,0.524390243902439,0.43902439024390244,0.43902439024390244,0.5609756097560976,0.4268292682926829,0.5365853658536586,0.6463414634146342,0.8780487804878049,0.43902439024390244,0.47560975609756095,0.5975609756097561,0.43902439024390244,0.34146341463414637,0.34146341463414637,0.23170731707317074,0.5365853658536586
2,0,3,0.0917475262136782,0.4268292682926829,0.36585365853658536,0.45121951219512196,0.4634146341463415,0.5853658536585366,0.47560975609756095,0.7560975609756098,0.6341463414634146,0.4146341463414634,0.5121951219512195,0.4268292682926829,0.4878048780487805,0.5121951219512195,0.573170731707317,0.47560975609756095,0.4146341463414634,0.43902439024390244,0.6951219512195121,0.5,0.5975609756097561,0.3902439024390244,0.43902439024390244,0.4878048780487805,0.6097560975609756,0.5487804878048781,0.5487804878048781,0.3780487804878049,0.5121951219512195,0.4146341463414634,0.4634146341463415
2,0,4,0.127047966540602,0.6219512195121951,0.5,0.47560975609756095,0.4268292682926829,0.3902439024390244,0.43902439024390244,0.3780487804878049,0.5121951219512195,0.4878048780487805,0.5487804878048781,0.5121951219512195,0.5,0.7682926829268293,0.4268292682926829,0.7682926829268293,0.8048780487804879,0.45121951219512196,0.6097560975609756,0.5121951219512195,0.35365853658536583,0.3170731707317073,0.4878048780487805,0.3902439024390244,0.47560975609756095,0.43902439024390244,0.6463414634146342,0.2926829268292683,0.5121951219512195,0.6097560975609756,0.34146341463414637
2,0,5,0.12412693317072655,0.7317073170731707,0.5975609756097561,0.3902439024390244,0.5121951219512195,0.5,0.2804878048780488,0.36585365853658536,0.6951219512195121,0.6829268292682927,0.524390243902439,0.4634146341463415,0.36585365853658536,0.6219512195121951,0.5121951219512195,0.43902439024390244,0.7195121951219512,0.573170731707317,0.3048780487804878,0.524390243902439,0.6219512195121951,0.5609756097560976,0.3780487804878049,0.4634146341463415,0.5121951219512195,0.3902439024390244,0.524390243902439,0.3048780487804878,0.5121951219512195,0.5853658536585366,0.34146341463414637
2,0,6,0.14498011788721146,0.5365853658536586,0.47560975609756095,0.5487804878048781,0.4634146341463415,0.5853658536585366,0.6097560975609756,0.4268292682926829,0.35365853658536583,0.6463414634146342,0.4634146341463415,0.47560975609756095,0.45121951219512196,0.24390243902439024,0.23170731707317074,0.45121951219512196,0.8292682926829268,0.6097560975609756,0.7195121951219512,0.4634146341463415,0.5121951219512195,0.7195121951219512,0.4146341463414634,0.3048780487804878,0.2804878048780488,0.6219512195121951,0.3902439024390244,0.3902439024390244,0.4634146341463415,0.7317073170731707,0.5853658536585366
2,0,7,0.12543795971340285,0.573170731707317,0.2682926829268293,0.6219512195121951,0.4146341463414634,0.5609756097560976,0.5487804878048781,0.6707317073170732,0.4024390243902439,0.6341463414634146,0.3170731707317073,0.4878048780487805,0.6951219512195121,0.2804878048780488,0.6707317073170732,0.5853658536585366,0.6707317073170732,0.4268292682926829,0.6951219512195121,0.4634146341463415,0.43902439024390244,0.524390243902439,0.4878048780487805,0.3170731707317073,0.3048780487804878,0.43902439024390244,0.43902439024390244,0.5487804878048781,0.4146341463414634,0.5487804878048781,0.5487804878048781
2,0,8,0.12944457990317607,0.4024390243902439,0.4146341463414634,0.5853658536585366,0.5853658536585366,0.6829268292682927,0.6829268292682927,0.36585365853658536,0.36585365853658536,0.573170731707317,0.34146341463414637,0.4878048780487805,0.524390243902439,0.524390243902439,0.4146341463414634,0.25609756097560976,0.36585365853658536,0.5365853658536586,0.5853658536585366,0.3780487804878049,0.524390243902439,0.3780487804878049,0.34146341463414637,0.7195121951219512,0.4634146341463415,0.573170731707317,0.6463414634146342,0.6219512195121951,0.7926829268292683,0.4024390243902439,0.4634146341463415
2,0,9,0.13422023094379767,0.7073170731707317,0.4878048780487805,0.524390243902439,0.5365853658536586,0.5121951219512195,0.7195121951219512,0.43902439024390244,0.47560975609756095,0.5853658536585366,0.3048780487804878,0.3048780487804878,0.573170731707317,0.36585365853658536,0.36585365853658536,0.6463414634146342,0.524390243902439,0.3902439024390244,0.3780487804878049,0.5487804878048781,0.47560975609756095,0.2682926829268293,0.2926829268292683,0.7439024390243902,0.5609756097560976,0.43902439024390244,0.5975609756097561,0.6951219512195121,0.6707317073170732,0.34146341463414637,0.524390243902439
3,0,0,0.1515338982147226,0.32926829268292684,0.3902439024390244,0.43902439024390244,0.4146341463414634,0.573170731707317,0.8170731707317073,0.7560975609756098,0.45121951219512196,0.32926829268292684,0.8048780487804879,0.6341463414634146,0.5487804878048781,0.4146341463414634,0.3902439024390244,0.2804878048780488,0.2804878048780488,0.4634146341463415,0.4024390243902439,0.4146341463414634,0.34146341463414637,0.7317073170731707,0.6707317073170732,0.5975609756097561,0.3902439024390244,0.7073170731707317,0.5365853658536586,0.45121951219512196,0.5121951219512195,0.4024390243902439,0.524390243902439
3,0,1,0.15169738288651616,0.4268292682926829,0.3170731707317073,0.2926829268292683,0.4024390243902439,0.6463414634146342,0.45121951219512196,0.8048780487804879,0.47560975609756095,0.524390243902439,0.7926829268292683,0.8536585365853658,0.2926829268292683,0.36585365853658536,0.4634146341463415,0.36585365853658536,0.524390243902439,0.45121951219512196,0.5853658536585366,0.5853658536585366,0.35365853658536583,0.5365853658536586,0.8170731707317073,0.6097560975609756,0.43902439024390244,0.47560975609756095,0.4878048780487805,0.43902439024390244,0.43902439024390244,0.36585365853658536,0.4146341463414634
3,0,2,0.11547863992960805,0.5121951219512195,0.5487804878048781,0.4024390243902439,0.4268292682926829,0.4146341463414634,0.3902439024390244,0.6341463414634146,0.5853658536585366,0.3048780487804878,0.7195121951219512,0.6097560975609756,0.5365853658536586,0.3780487804878049,0.6463414634146342,0.4878048780487805,0.5609756097560976,0.36585365853658536,0.5,0.6585365853658537,0.4146341463414634,0.4878048780487805,0.8048780487804879,0.4146341463414634,0.4146341463414634,0.5853658536585366,0.3780487804878049,0.45121951219512196,0.47560975609756095,0.5121951219512195,0.3780487804878049
3,0,3,0.11848739318527922,0.4024390243902439,0.8048780487804879,0.4024390243902439,0.32926829268292684,0.5609756097560976,0.45121951219512196,0.6097560975609756,0.5365853658536586,0.5121951219512195,0.2804878048780488,0.6951219512195121,0.5609756097560976,0.4146341463414634,0.573170731707317,0.32926829268292684,0.4878048780487805,0.5487804878048781,0.47560975609756095,0.6341463414634146,0.32926829268292684,0.3902439024390244,0.6341463414634146,0.43902439024390244,0.5,0.6829268292682927,0.4878048780487805,0.5365853658536586,0.5,0.4878048780487805,0.4024390243902439
3,0,4,0.11396622576322103,0.5487804878048781,0.6951219512195121,0.47560975609756095,0.6829268292682927,0.34146341463414637,0.36585365853658536,0.43902439024390244,0.5365853658536586,0.524390243902439,0.5365853658536586,0.3902439024390244,0.4878048780487805,0.35365853658536583,0.45121951219512196,0.6219512195121951,0.573170731707317,0.573170731707317,0.47560975609756095,0.5487804878048781,0.4146341463414634,0.3902439024390244,0.24390243902439024,0.5365853658536586,0.4878048780487805,0.524390243902439,0.3902439024390244,0.7804878048780488,0.573170731707317,0.6097560975609756,0.4268292682926829
3,0,5,0.16197031917935603,0.7195121951219512,0.4634146341463415,0.6097560975609756,0.6585365853658537,0.2073170731707317,0.6829268292682927,0.32926829268292684,0.4634146341463415,0.6097560975609756,0.6707317073170732,0.21951219512195122,0.6341463414634146,0.3780487804878049,0.2682926829268293,0.47560975609756095,0.5975609756097561,0.4268292682926829,0.4268292682926829,0.6707317073170732,0.573170731707317,0.43902439024390244,0.36585365853658536,0.5365853658536586,0.2926829268292683,0.3170731707317073,0.7195121951219512,0.7926829268292683,0.5853658536585366,0.2926829268292683,0.573170731707317
3,0,6,0.14155449829135056,0.5975609756097561,0.32926829268292684,0.7195121951219512,0.6463414634146342,0.47560975609756095,0.5,0.36585365853658536,0.47560975609756095,0.6097560975609756,0.4878048780487805,0.6463414634146342,0.5853658536585366,0.6097560975609756,0.36585365853658536,0.23170731707317074,0.4878048780487805,0.4634146341463415,0.5,0.21951219512195122,0.5853658536585366,0.6951219512195121,0.36585365853658536,0.4268292682926829,0.5365853658536586,0.47560975609756095,0.5,0.4146341463414634,0.32926829268292684,0.8780487804878049,0.47560975609756095
3,0,7,0.12913783876138063,0.573170731707317,0.4146341463414634,0.5609756097560976,0.4634146341463415,0.6219512195121951,0.4024390243902439,0.5487804878048781,0.3902439024390244,0.5853658536585366,0.34146341463414637,0.7560975609756098,0.45121951219512196,0.4634146341463415,0.4146341463414634,0.4146341463414634,0.7804878048780488,0.36585365853658536,0.47560975609756095,0.36585365853658536,0.5365853658536586,0.6585365853658537,0.5487804878048781,0.4878048780487805,0.35365853658536583,0.43902439024390244,0.5853658536585366,0.34146341463414637,0.34146341463414637,0.8170731707317073,0.5
3,0,8,0.13717931254891902,0.45121951219512196,0.32926829268292684,0.5853658536585366,0.6829268292682927,0.6585365853658537,0.3902439024390244,0.7439024390243902,0.47560975609756095,0.4634146341463415,0.4024390243902439,0.7073170731707317,0.45121951219512196,0.4878048780487805,0.47560975609756095,0.23170731707317074,0.5609756097560976,0.32926829268292684,0.5853658536585366,0.4878048780487805,0.4878048780487805,0.4024390243902439,0.5121951219512195,0.7560975609756098,0.4634146341463415,0.45121951219512196,0.4268292682926829,0.3170731707317073,0.5,0.8048780487804879,0.3780487804878049
3,0,9,0.14623980208703677,0.36585365853658536,0.3048780487804878,0.47560975609756095,0.47560975609756095,0.47560975609756095,0.5609756097560976,0.8048780487804879,0.5121951219512195,0.2804878048780488,0.4146341463414634,0.7439024390243902,0.47560975609756095,0.24390243902439024,0.4878048780487805,0.4268292682926829,0.5121951219512195,0.4634146341463415,0.573170731707317,0.6341463414634146,0.6951219512195121,0.5853658536585366,0.5,0.7439024390243902,0.25609756097560976,0.6097560975609756,0.4634146341463415,0.6707317073170732,0.4024390243902439,0.2682926829268293,0.573170731707317
4,0,0,0.15387131995695125,0.9634146341463414,0.3902439024390244,0.3902439024390244,0.47560975609756095,0.6951219512195121,0.2682926829268293,0.5121951219512195,0.47560975609756095,0.3048780487804878,0.5121951219512195,0.5853658536585366,0.47560975609756095,0.32926829268292684,0.5609756097560976,0.5609756097560976,0.32926829268292684,0.4878048780487805,0.6219512195121951,0.43902439024390244,0.5487804878048781,0.47560975609756095,0.4146341463414634,0.4024390243902439,0.7560975609756098,0.32926829268292684,0.6097560975609756,0.2682926829268293,0.7560975609756098,0.524390243902439,0.5365853658536586
4,0,1,0.12520061236790828,0.9390243902439024,0.47560975609756095,0.5121951219512195,0.6463414634146342,0.5,0.6097560975609756,0.4878048780487805,0.4878048780487805,0.43902439024390244,0.6219512195121951,0.4146341463414634,0.35365853658536583,0.4024390243902439,0.4146341463414634,0.45121951219512196,0.6219512195121951,0.47560975609756095,0.7439024390243902,0.5609756097560976,0.4268292682926829,0.5609756097560976,0.4634146341463415,0.4024390243902439,0.4268292682926829,0.2804878048780488,0.5,0.4024390243902439,0.3780487804878049,0.5,0.5
4,0,2,0.14542395303184238,0.9390243902439024,0.32926829268292684,0.5609756097560976,0.43902439024390244,0.4024390243902439,0.7560975609756098,0.5487804878048781,0.4878048780487805,0.3902439024390244,0.5121951219512195,0.4268292682926829,0.34146341463414637,0.4024390243902439,0.524390243902439,0.5,0.45121951219512196,0.6707317073170732,0.5853658536585366,0.6707317073170732,0.4024390243902439,0.5121951219512195,0.6829268292682927,0.3780487804878049,0.32926829268292684,0.21951219512195122,0.5,0.4878048780487805,0.5853658536585366,0.35365853658536583,0.6097560975609756
4,0,3,0.1312699754871848,0.2682926829268293,0.4024390243902439,0.5365853658536586,0.4146341463414634,0.7073170731707317,0.4268292682926829,0.5975609756097561,0.5365853658536586,0.7195121951219512,0.6463414634146342,0.5121951219512195,0.3902439024390244,0.35365853658536583,0.7439024390243902,0.4024390243902439,0.5365853658536586,0.5975609756097561,0.32926829268292684,0.7317073170731707,0.35365853658536583,0.5853658536585366,0.524390243902439,0.45121951219512196,0.25609756097560976,0.45121951219512196,0.5853658536585366,0.5487804878048781,0.5487804878048781,0.45121951219512196,0.3902439024390244
4,0,4,0.162092699490869,0.4024390243902439,0.43902439024390244,0.2073170731707317,0.45121951219512196,0.7195121951219512,0.573170731707317,0.3902439024390244,0.45121951219512196,0.7682926829268293,0.5975609756097561,0.5487804878048781,0.6585365853658537,0.25609756097560976,0.7560975609756098,0.25609756097560976,0.4268292682926829,0.43902439024390244,0.36585365853658536,0.6463414634146342,0.5365853658536586,0.7195121951219512,0.6707317073170732,0.36585365853658536,0.3170731707317073,0.3780487804878049,0.5121951219512195,0.8170731707317073,0.5487804878048781,0.34146341463414637,0.43902439024390244
4,0,5,0.1741242499253229,0.43902439024390244,0.35365853658536583,0.4634146341463415,0.4146341463414634,0.45121951219512196,0.35365853658536583,0.6341463414634146,0.23170731707317074,0.6341463414634146,0.35365853658536583,0.6707317073170732,0.7682926829268293,0.21951219512195122,0.7804878048780488,0.36585365853658536,0.6707317073170732,0.5,0.3902439024390244,0.3170731707317073,0.5975609756097561,0.3170731707317073,0.524390243902439,0.45121951219512196,0.9634146341463414,0.6341463414634146,0.2804878048780488,0.5853658536585366,0.6829268292682927,0.5121951219512195,0.43902439024390244
4,0,6,0.14384730926888578,0.5609756097560976,0.45121951219512196,0.524390243902439,0.3170731707317073,0.5609756097560976,0.43902439024390244,0.6097560975609756,0.5487804878048781,0.6707317073170732,0.45121951219512196,0.45121951219512196,0.6707317073170732,0.25609756097560976,0.6463414634146342,0.47560975609756095,0.36585365853658536,0.3780487804878049,0.6707317073170732,0.573170731707317,0.6463414634146342,0.34146341463414637,0.45121951219512196,0.4634146341463415,0.9024390243902439,0.35365853658536583,0.7073170731707317,0.4268292682926829,0.4268292682926829,0.35365853658536583,0.3048780487804878
4,0,7,0.17070266884295937,0.7073170731707317,0.5853658536585366,0.5487804878048781,0.4634146341463415,0.3902439024390244,0.4878048780487805,0.6463414634146342,0.4268292682926829,0.4268292682926829,0.4878048780487805,0.2804878048780488,0.7439024390243902,0.47560975609756095,0.23170731707317074,0.6219512195121951,0.8536585365853658,0.5975609756097561,0.4146341463414634,0.4634146341463415,0.35365853658536583,0.5975609756097561,0.4024390243902439,0.3048780487804878,0.9634146341463414,0.36585365853658536,0.47560975609756095,0.3048780487804878,0.524390243902439,0.6219512195121951,0.23170731707317074
4,0,8,0.15464260960143764,0.6585365853658537,0.36585365853658536,0.4146341463414634,0.4268292682926829,0.6219512195121951,0.7317073170731707,0.23170731707317074,0.5975609756097561,0.34146341463414637,0.47560975609756095,0.45121951219512196,0.34146341463414637,0.5487804878048781,0.34146341463414637,0.573170731707317,0.5487804878048781,0.5,0.2682926829268293,0.43902439024390244,0.4634146341463415,0.6097560975609756,0.5853658536585366,0.524390243902439,0.9634146341463414,0.5365853658536586,0.6707317073170732,0.21951219512195122,0.4024390243902439,0.5853658536585366,0.5609756097560976
4,0,9,0.15834885695736034,0.47560975609756095,0.5365853658536586,0.4268292682926829,0.4878048780487805,0.573170731707317,0.7560975609756098,0.2804878048780488,0.3902439024390244,0.5853658536585366,0.4878048780487805,0.3780487804878049,0.5365853658536586,0.4878048780487805,0.3780487804878049,0.4268292682926829,0.5853658536585366,0.32926829268292684,0.2804878048780488,0.36585365853658536,0.2073170731707317,0.4634146341463415,0.8414634146341463,0.6463414634146342,0.5121951219512195,0.43902439024390244,0.5,0.4268292682926829,0.9146341463414634,0.5365853658536586,0.7439024390243902
0,25,0,0.18760944323925732,0.7560975609756098,0.25609756097560976,0.8536585365853658,0.32926829268292684,0.7804878048780488,0.3048780487804878,0.4146341463414634,0.34146341463414637,0.573170731707317,0.5853658536585366,0.5853658536585366,0.4878048780487805,0.8902439024390244,0.36585365853658536,0.6097560975609756,0.6585365853658537,0.3902439024390244,0.2682926829268293,0.6097560975609756,0.4634146341463415,0.34146341463414637,0.3902439024390244,0.5121951219512195,0.2073170731707317,0.8414634146341463,0.524390243902439,0.5853658536585366,0.2804878048780488,0.35365853658536583,0.43902439024390244
0,25,1,0.15100955789436352,0.7560975609756098,0.2682926829268293,0.4146341463414634,0.5121951219512195,0.8902439024390244,0.36585365853658536,0.5487804878048781,0.43902439024390244,0.5,0.573170731707317,0.5853658536585366,0.524390243902439,0.7317073170731707,0.2804878048780488,0.4268292682926829,0.3902439024390244,0.4024390243902439,0.5,0.36585365853658536,0.3170731707317073,0.25609756097560976,0.47560975609756095,0.5609756097560976,0.4634146341463415,0.7073170731707317,0.5,0.6219512195121951,0.6341463414634146,0.34146341463414637,0.6463414634146342
0,25,2,0.16129556770910233,0.6951219512195121,0.36585365853658536,0.43902439024390244,0.4634146341463415,0.6829268292682927,0.3902439024390244,0.5853658536585366,0.43902439024390244,0.5609756097560976,0.5,0.6463414634146342,0.5,0.5121951219512195,0.35365853658536583,0.4024390243902439,0.2804878048780488,0.5,0.25609756097560976,0.573170731707317,0.35365853658536583,0.36585365853658536,0.3902439024390244,0.5365853658536586,0.18292682926829268,0.8048780487804879,0.5365853658536586,0.5609756097560976,0.9512195121951219,0.47560975609756095,0.6951219512195121
0,25,3,0.16924439277395675,0.24390243902439024,0.4024390243902439,0.36585365853658536,0.4024390243902439,0.4634146341463415,0.7195121951219512,0.7439024390243902,0.32926829268292684,0.3902439024390244,0.6951219512195121,0.4878048780487805,0.4634146341463415,0.5,0.45121951219512196,0.573170731707317,0.3902439024390244,0.7560975609756098,0.24390243902439024,0.7926829268292683,0.4268292682926829,0.4634146341463415,0.32926829268292684,0.5487804878048781,0.3170731707317073,0.36585365853658536,0.5487804878048781,0.3780487804878049,0.926829268292683,0.6097560975609756,0.6707317073170732
0,25,4,0.16427995624963418,0.6097560975609756,0.3780487804878049,0.524390243902439,0.524390243902439,0.4268292682926829,0.5487804878048781,0.6707317073170732,0.5609756097560976,0.3902439024390244,0.6463414634146342,0.4024390243902439,0.2926829268292683,0.573170731707317,0.3902439024390244,0.3780487804878049,0.34146341463414637,0.7439024390243902,0.47560975609756095,0.7926829268292683,0.5365853658536586,0.4146341463414634,0.4146341463414634,0.3048780487804878,0.36585365853658536,0.3780487804878049,0.5365853658536586,0.18292682926829268,0.9634146341463414,0.7195121951219512,0.5121951219512195
0,25,5,0.1558878164026809,0.5487804878048781,0.45121951219512196,0.6951219512195121,0.47560975609756095,0.5853658536585366,0.6097560975609756,0.4878048780487805,0.45121951219512196,0.4268292682926829,0.4024390243902439,0.36585365853658536,0.5,0.5121951219512195,0.5609756097560976,0.4024390243902439,0.1951219512195122,0.6707317073170732,0.6463414634146342,0.7073170731707317,0.6585365853658537,0.4878048780487805,0.4634146341463415,0.3048780487804878,0.7439024390243902,0.7317073170731707,0.2682926829268293,0.47560975609756095,0.7195121951219512,0.21951219512195122,0.23170731707317074
0,25,6,0.15084532776649975,0.7073170731707317,0.524390243902439,0.5609756097560976,0.6219512195121951,0.573170731707317,0.524390243902439,0.47560975609756095,0.5365853658536586,0.4634146341463415,0.3048780487804878,0.36585365853658536,0.36585365853658536,0.5365853658536586,0.3902439024390244,0.6097560975609756,0.2804878048780488,0.32926829268292684,0.3780487804878049,0.4024390243902439,0.6951219512195121,0.4634146341463415,0.6341463414634146,0.6341463414634146,0.6829268292682927,0.7926829268292683,0.35365853658536583,0.5,0.7682926829268293,0.32926829268292684,0.1951219512195122
0,25,7,0.1322107211868537,0.7439024390243902,0.4146341463414634,0.34146341463414637,0.6463414634146342,0.6341463414634146,0.32926829268292684,0.3780487804878049,0.3902439024390244,0.43902439024390244,0.5121951219512195,0.6341463414634146,0.5975609756097561,0.524390243902439,0.43902439024390244,0.5853658536585366,0.573170731707317,0.3048780487804878,0.4146341463414634,0.45121951219512196,0.35365853658536583,0.4634146341463415,0.6341463414634146,0.7317073170731707,0.573170731707317,0.25609756097560976,0.4024390243902439,0.45121951219512196,0.6463414634146342,0.4268292682926829,0.7073170731707317
0,25,8,0.14432898063109129,0.32926829268292684,0.5,0.7195121951219512,0.5365853658536586,0.45121951219512196,0.5,0.2926829268292683,0.4024390243902439,0.4268292682926829,0.6219512195121951,0.7317073170731707,0.7439024390243902,0.524390243902439,0.25609756097560976,0.5121951219512195,0.6463414634146342,0.2682926829268293,0.23170731707317074,0.4634146341463415,0.4634146341463415,0.4634146341463415,0.5853658536585366,0.6219512195121951,0.4146341463414634,0.3902439024390244,0.5,0.6097560975609756,0.4024390243902439,0.7560975609756098,0.6341463414634146
0,25,9,0.12567485880964147,0.43902439024390244,0.4878048780487805,0.5365853658536586,0.36585365853658536,0.4024390243902439,0.6219512195121951,0.4878048780487805,0.573170731707317,0.5,0.4634146341463415,0.7682926829268293,0.4268292682926829,0.3170731707317073,0.7195121951219512,0.5,0.573170731707317,0.5609756097560976,0.45121951219512196,0.3780487804878049,0.32926829268292684,0.5975609756097561,0.36585365853658536,0.43902439024390244,0.3048780487804878,0.7560975609756098,0.43902439024390244,0.5609756097560976,0.6097560975609756,0.6707317073170732,0.35365853658536583
1,25,0,0.1615105671331054,0.6097560975609756,0.3048780487804878,0.32926829268292684,0.7804878048780488,0.3902439024390244,0.47560975609756095,0.8780487804878049,0.524390243902439,0.2804878048780488,0.35365853658536583,0.9390243902439024,0.43902439024390244,0.524390243902439,0.6585365853658537,0.3780487804878049,0.3902439024390244,0.7073170731707317,0.4024390243902439,0.6463414634146342,0.3902439024390244,0.5,0.5121951219512195,0.3902439024390244,0.5365853658536586,0.4268292682926829,0.4024390243902439,0.43902439024390244,0.5121951219512195,0.5487804878048781,0.32926829268292684
1,25,1,0.14859377862149173,0.7195121951219512,0.32926829268292684,0.4146341463414634,0.7073170731707317,0.34146341463414637,0.5365853658536586,0.8780487804878049,0.5487804878048781,0.5609756097560976,0.4146341463414634,0.8902439024390244,0.5609756097560976,0.35365853658536583,0.5975609756097561,0.3902439024390244,0.5487804878048781,0.47560975609756095,0.47560975609756095,0.573170731707317,0.45121951219512196,0.2926829268292683,0.35365853658536583,0.5487804878048781,0.5487804878048781,0.5609756097560976,0.4268292682926829,0.36585365853658536,0.35365853658536583,0.3902439024390244,0.3902439024390244
1,25,2,0.10857540184672981,0.5853658536585366,0.5,0.4634146341463415,0.5853658536585366,0.3780487804878049,0.5487804878048781,0.5975609756097561,0.45121951219512196,0.5609756097560976,0.35365853658536583,0.8658536585365854,0.45121951219512196,0.4878048780487805,0.5487804878048781,0.47560975609756095,0.573170731707317,0.4878048780487805,0.47560975609756095,0.5,0.5121951219512195,0.3902439024390244,0.4634146341463415,0.3170731707317073,0.6219512195121951,0.5121951219512195,0.4878048780487805,0.2804878048780488,0.6341463414634146,0.4024390243902439,0.4878048780487805
1,25,3,0.12203249324298406,0.45121951219512196,0.6585365853658537,0.4634146341463415,0.5365853658536586,0.47560975609756095,0.6097560975609756,0.4268292682926829,0.4146341463414634,0.3902439024390244,0.25609756097560976,0.6463414634146342,0.5121951219512195,0.45121951219512196,0.6707317073170732,0.524390243902439,0.573170731707317,0.35365853658536583,0.2804878048780488,0.573170731707317,0.34146341463414637,0.524390243902439,0.4634146341463415,0.34146341463414637,0.4878048780487805,0.45121951219512196,0.5365853658536586,0.6951219512195121,0.7926829268292683,0.524390243902439,0.573170731707317
1,25,4,0.13579913080073225,0.36585365853658536,0.6585365853658537,0.5609756097560976,0.6097560975609756,0.47560975609756095,0.36585365853658536,0.6219512195121951,0.3048780487804878,0.45121951219512196,0.7317073170731707,0.3048780487804878,0.5975609756097561,0.5365853658536586,0.6951219512195121,0.2682926829268293,0.4146341463414634,0.4634146341463415,0.47560975609756095,0.2804878048780488,0.5487804878048781,0.6829268292682927,0.3170731707317073,0.4024390243902439,0.4634146341463415,0.5487804878048781,0.45121951219512196,0.5365853658536586,0.7804878048780488,0.5365853658536586,0.5487804878048781
1,25,5,0.16871632785874402,0.34146341463414637,0.4634146341463415,0.4878048780487805,0.4268292682926829,0.6341463414634146,0.45121951219512196,0.21951219512195122,0.25609756097560976,0.6707317073170732,0.7804878048780488,0.43902439024390244,0.2682926829268293,0.8170731707317073,0.6097560975609756,0.3170731707317073,0.45121951219512196,0.5365853658536586,0.6219512195121951,0.3170731707317073,0.5853658536585366,0.8170731707317073,0.3170731707317073,0.3780487804878049,0.4634146341463415,0.4268292682926829,0.36585365853658536,0.7195121951219512,0.4878048780487805,0.7560975609756098,0.573170731707317
1,25,6,0.13480988883351688,0.5365853658536586,0.2926829268292683,0.4146341463414634,0.5,0.6341463414634146,0.6707317073170732,0.5,0.47560975609756095,0.7560975609756098,0.8658536585365854,0.36585365853658536,0.4146341463414634,0.524390243902439,0.6097560975609756,0.3780487804878049,0.5,0.3902439024390244,0.5853658536585366,0.4634146341463415,0.4146341463414634,0.47560975609756095,0.43902439024390244,0.43902439024390244,0.4878048780487805,0.2926829268292683,0.43902439024390244,0.6707317073170732,0.47560975609756095,0.6951219512195121,0.2926829268292683
1,25,7,0.13062639855103425,0.6219512195121951,0.15853658536585366,0.47560975609756095,0.5487804878048781,0.45121951219512196,0.6097560975609756,0.5,0.5609756097560976,0.573170731707317,0.7560975609756098,0.4268292682926829,0.4024390243902439,0.8414634146341463,0.4024390243902439,0.5365853658536586,0.47560975609756095,0.573170731707317,0.6341463414634146,0.4634146341463415,0.5853658536585366,0.3170731707317073,0.6219512195121951,0.4878048780487805,0.4024390243902439,0.5609756097560976,0.4146341463414634,0.35365853658536583,0.43902439024390244,0.3902439024390244,0.4146341463414634
1,25,8,0.1169715005686029,0.43902439024390244,0.524390243902439,0.47560975609756095,0.4878048780487805,0.4634146341463415,0.6219512195121951,0.3902439024390244,0.524390243902439,0.34146341463414637,0.6097560975609756,0.5975609756097561,0.573170731707317,0.7804878048780488,0.4146341463414634,0.4146341463414634,0.3780487804878049,0.4268292682926829,0.45121951219512196,0.5609756097560976,0.524390243902439,0.5365853658536586,0.8292682926829268,0.4024390243902439,0.43902439024390244,0.6463414634146342,0.34146341463414637,0.34146341463414637,0.47560975609756095,0.5609756097560976,0.4268292682926829
1,25,9,0.13381333389605077,0.3902439024390244,0.5853658536585366,0.2682926829268293,0.4024390243902439,0.3048780487804878,0.5609756097560976,0.6707317073170732,0.4024390243902439,0.4268292682926829,0.5609756097560976,0.524390243902439,0.6829268292682927,0.8048780487804879,0.4634146341463415,0.6097560975609756,0.3780487804878049,0.5365853658536586,0.6097560975609756,0.45121951219512196,0.3780487804878049,0.43902439024390244,0.5853658536585366,0.5975609756097561,0.24390243902439024,0.5121951219512195,0.7560975609756098,0.3780487804878049,0.524390243902439,0.4024390243902439,0.5487804878048781
2,25,0,0.19636292363656574,0.7682926829268293,0.3902439024390244,0.2073170731707317,0.8048780487804879,0.5365853658536586,0.5853658536585366,0.36585365853658536,0.2682926829268293,0.2926829268292683,0.8658536585365854,0.7073170731707317,0.2804878048780488,0.4878048780487805,0.47560975609756095,0.43902439024390244,0.5487804878048781,0.43902439024390244,0.8048780487804879,0.5121951219512195,0.3902439024390244,0.25609756097560976,0.32926829268292684,0.3780487804878049,0.8048780487804879,0.32926829268292684,0.6829268292682927,0.34146341463414637,0.3048780487804878,0.5853658536585366,0.8170731707317073
2,25,1,0.15563320158772856,0.8292682926829268,0.5,0.3902439024390244,0.6463414634146342,0.6707317073170732,0.6097560975609756,0.47560975609756095,0.36585365853658536,0.3048780487804878,0.7439024390243902,0.573170731707317,0.43902439024390244,0.5,0.6219512195121951,0.34146341463414637,0.4146341463414634,0.4634146341463415,0.8536585365853658,0.36585365853658536,0.4878048780487805,0.4146341463414634,0.35365853658536583,0.5609756097560976,0.6219512195121951,0.18292682926829268,0.5609756097560976,0.25609756097560976,0.4024390243902439,0.47560975609756095,0.573170731707317
2,25,2,0.1451509843199766,0.4878048780487805,0.34146341463414637,0.5609756097560976,0.6707317073170732,0.6951219512195121,0.47560975609756095,0.2804878048780488,0.6341463414634146,0.6219512195121951,0.7560975609756098,0.36585365853658536,0.45121951219512196,0.5,0.6463414634146342,0.34146341463414637,0.8170731707317073,0.32926829268292684,0.7317073170731707,0.3048780487804878,0.4634146341463415,0.4146341463414634,0.4268292682926829,0.5853658536585366,0.36585365853658536,0.2804878048780488,0.4878048780487805,0.4024390243902439,0.4878048780487805,0.524390243902439,0.5487804878048781
2,25,3,0.1451851334756826,0.6829268292682927,0.35365853658536583,0.573170731707317,0.4268292682926829,0.8170731707317073,0.43902439024390244,0.5975609756097561,0.6341463414634146,0.5487804878048781,0.36585365853658536,0.4634146341463415,0.35365853658536583,0.5487804878048781,0.4878048780487805,0.5121951219512195,0.8658536585365854,0.35365853658536583,0.24390243902439024,0.5365853658536586,0.6829268292682927,0.36585365853658536,0.35365853658536583,0.35365853658536583,0.4268292682926829,0.6341463414634146,0.3780487804878049,0.6219512195121951,0.3780487804878049,0.45121951219512196,0.5487804878048781
2,25,4,0.14779092477538905,0.5365853658536586,0.4634146341463415,0.4878048780487805,0.5121951219512195,0.524390243902439,0.2804878048780488,0.6219512195121951,0.7317073170731707,0.8048780487804879,0.2682926829268293,0.3170731707317073,0.45121951219512196,0.6707317073170732,0.6463414634146342,0.6341463414634146,0.5975609756097561,0.4268292682926829,0.2926829268292683,0.7073170731707317,0.2682926829268293,0.4268292682926829,0.4146341463414634,0.3902439024390244,0.3902439024390244,0.6585365853658537,0.36585365853658536,0.6951219512195121,0.43902439024390244,0.4268292682926829,0.5487804878048781
2,25,5,0.1532903059753236,0.4024390243902439,0.3170731707317073,0.34146341463414637,0.5365853658536586,0.7682926829268293,0.32926829268292684,0.3902439024390244,0.573170731707317,0.45121951219512196,0.4146341463414634,0.524390243902439,0.4146341463414634,0.5121951219512195,0.3902439024390244,0.3780487804878049,0.6707317073170732,0.5609756097560976,0.45121951219512196,0.8170731707317073,0.6097560975609756,0.7926829268292683,0.6463414634146342,0.573170731707317,0.7195121951219512,0.25609756097560976,0.4268292682926829,0.6585365853658537,0.45121951219512196,0.3048780487804878,0.3170731707317073
2,25,6,0.17658379373149166,0.43902439024390244,0.926829268292683,0.2804878048780488,0.5121951219512195,0.573170731707317,0.6097560975609756,0.3780487804878049,0.47560975609756095,0.45121951219512196,0.23170731707317074,0.5,0.2926829268292683,0.45121951219512196,0.6707317073170732,0.2926829268292683,0.2682926829268293,0.4024390243902439,0.3902439024390244,0.7926829268292683,0.7682926829268293,0.6951219512195121,0.5609756097560976,0.6341463414634146,0.7439024390243902,0.4878048780487805,0.3780487804878049,0.4268292682926829,0.6585365853658537,0.4878048780487805,0.21951219512195122
2,25,7,0.15677571187852676,0.4878048780487805,0.8048780487804879,0.17073170731707318,0.4146341463414634,0.6463414634146342,0.45121951219512196,0.4634146341463415,0.2073170731707317,0.3902439024390244,0.6707317073170732,0.47560975609756095,0.45121951219512196,0.5609756097560976,0.7926829268292683,0.43902439024390244,0.3048780487804878,0.35365853658536583,0.7195121951219512,0.7195121951219512,0.6585365853658537,0.5609756097560976,0.6341463414634146,0.4146341463414634,0.2926829268292683,0.4268292682926829,0.47560975609756095,0.6097560975609756,0.5,0.5,0.4024390243902439
2,25,8,0.14922630792723077,0.6219512195121951,0.7560975609756098,0.5853658536585366,0.5121951219512195,0.7073170731707317,0.34146341463414637,0.36585365853658536,0.2682926829268293,0.45121951219512196,0.573170731707317,0.45121951219512196,0.573170731707317,0.6341463414634146,0.4146341463414634,0.3780487804878049,0.6097560975609756,0.35365853658536583,0.5609756097560976,0.3780487804878049,0.8536585365853658,0.6951219512195121,0.35365853658536583,0.4634146341463415,0.1951219512195122,0.43902439024390244,0.5487804878048781,0.5487804878048781,0.3170731707317073,0.5975609756097561,0.45121951219512196
2,25,9,0.11007181330781335,0.35365853658536583,0.7073170731707317,0.6341463414634146,0.5365853658536586,0.3170731707317073,0.4268292682926829,0.4634146341463415,0.5487804878048781,0.5121951219512195,0.5853658536585366,0.5365853658536586,0.5853658536585366,0.6341463414634146,0.2682926829268293,0.6097560975609756,0.4634146341463415,0.4878048780487805,0.35365853658536583,0.4024390243902439,0.6341463414634146,0.5853658536585366,0.35365853658536583,0.573170731707317,0.4146341463414634,0.47560975609756095,0.5853658536585366,0.6097560975609756,0.36585365853658536,0.5487804878048781,0.4268292682926829
3,25,0,0.16331145875285094,0.2926829268292683,0.35365853658536583,0.35365853658536583,0.3780487804878049,0.573170731707317,0.8414634146341463,0.36585365853658536,0.6829268292682927,0.7195121951219512,0.4268292682926829,0.4878048780487805,0.3780487804878049,0.5,0.3170731707317073,0.524390243902439,0.5121951219512195,0.43902439024390244,0.8292682926829268,0.32926829268292684,0.6829268292682927,0.2926829268292683,0.4146341463414634,0.7804878048780488,0.5487804878048781,0.5365853658536586,0.7560975609756098,0.4634146341463415,0.3170731707317073,0.524390243902439,0.3780487804878049
3,25,1,0.16279460093624626,0.32926829268292684,0.4146341463414634,0.5365853658536586,0.4634146341463415,0.5609756097560976,0.7804878048780488,0.47560975609756095,0.45121951219512196,0.6829268292682927,0.5,0.34146341463414637,0.43902439024390244,0.6463414634146342,0.2926829268292683,0.5121951219512195,0.5853658536585366,0.21951219512195122,0.6585365853658537,0.43902439024390244,0.6707317073170732,0.32926829268292684,0.4146341463414634,0.8170731707317073,0.573170731707317,0.43902439024390244,0.8902439024390244,0.35365853658536583,0.5487804878048781,0.3902439024390244,0.24390243902439024
3,25,2,0.13659988308448592,0.36585365853658536,0.4634146341463415,0.5487804878048781,0.34146341463414637,0.3048780487804878,0.6829268292682927,0.5365853658536586,0.8292682926829268,0.524390243902439,0.5609756097560976,0.34146341463414637,0.3902439024390244,0.6829268292682927,0.43902439024390244,0.3780487804878049,0.36585365853658536,0.45121951219512196,0.6097560975609756,0.4146341463414634,0.6341463414634146,0.5,0.34146341463414637,0.7317073170731707,0.4146341463414634,0.32926829268292684,0.6341463414634146,0.573170731707317,0.6951219512195121,0.4634146341463415,0.45121951219512196
3,25,3,0.13224821182171667,0.4878048780487805,0.573170731707317,0.5365853658536586,0.3170731707317073,0.7195121951219512,0.1951219512195122,0.2682926829268293,0.47560975609756095,0.524390243902439,0.5487804878048781,0.5365853658536586,0.5975609756097561,0.32926829268292684,0.6219512195121951,0.4146341463414634,0.524390243902439,0.36585365853658536,0.43902439024390244,0.47560975609756095,0.3048780487804878,0.5365853658536586,0.524390243902439,0.524390243902439,0.4146341463414634,0.5609756097560976,0.7073170731707317,0.5121951219512195,0.5975609756097561,0.5609756097560976,0.8048780487804879
3,25,4,0.12125819343252286,0.5487804878048781,0.5487804878048781,0.5365853658536586,0.32926829268292684,0.6951219512195121,0.2926829268292683,0.34146341463414637,0.6097560975609756,0.45121951219512196,0.5853658536585366,0.6463414634146342,0.524390243902439,0.5487804878048781,0.5853658536585366,0.4024390243902439,0.5609756097560976,0.36585365853658536,0.4268292682926829,0.5365853658536586,0.45121951219512196,0.5853658536585366,0.6585365853658537,0.6219512195121951,0.2804878048780488,0.35365853658536583,0.5975609756097561,0.6219512195121951,0.5853658536585366,0.43902439024390244,0.2682926829268293
3,25,5,0.1314963682546714,0.7317073170731707,0.4024390243902439,0.45121951219512196,0.45121951219512196,0.34146341463414637,0.4634146341463415,0.4878048780487805,0.5487804878048781,0.5487804878048781,0.6219512195121951,0.5,0.43902439024390244,0.5121951219512195,0.6097560975609756,0.7804878048780488,0.5,0.7073170731707317,0.7317073170731707,0.3902439024390244,0.32926829268292684,0.573170731707317,0.3780487804878049,0.4146341463414634,0.3780487804878049,0.5487804878048781,0.3048780487804878,0.4024390243902439,0.25609756097560976,0.573170731707317,0.6219512195121951
3,25,6,0.1446720497641015,0.6341463414634146,0.43902439024390244,0.5121951219512195,0.5487804878048781,0.3780487804878049,0.573170731707317,0.4024390243902439,0.7439024390243902,0.6463414634146342,0.7926829268292683,0.3170731707317073,0.36585365853658536,0.6219512195121951,0.5853658536585366,0.5609756097560976,0.3780487804878049,0.6219512195121951,0.6951219512195121,0.43902439024390244,0.573170731707317,0.24390243902439024,0.45121951219512196,0.5,0.3780487804878049,0.5365853658536586,0.2804878048780488,0.3170731707317073,0.2682926829268293,0.5121951219512195,0.6829268292682927
3,25,7,0.13262253527579085,0.4634146341463415,0.3170731707317073,0.6707317073170732,0.6951219512195121,0.35365853658536583,0.573170731707317,0.6219512195121951,0.524390243902439,0.43902439024390244,0.6707317073170732,0.2804878048780488,0.43902439024390244,0.573170731707317,0.573170731707317,0.4878048780487805,0.43902439024390244,0.6097560975609756,0.7439024390243902,0.3048780487804878,0.6707317073170732,0.45121951219512196,0.36585365853658536,0.3170731707317073,0.6463414634146342,0.4146341463414634,0.34146341463414637,0.5365853658536586,0.4268292682926829,0.4024390243902439,0.6463414634146342
3,25,8,0.10802611298503141,0.4634146341463415,0.5365853658536586,0.7926829268292683,0.5365853658536586,0.5487804878048781,0.5609756097560976,0.4268292682926829,0.3170731707317073,0.5975609756097561,0.573170731707317,0.3780487804878049,0.5121951219512195,0.32926829268292684,0.4878048780487805,0.3780487804878049,0.35365853658536583,0.3780487804878049,0.6585365853658537,0.43902439024390244,0.4878048780487805,0.6463414634146342,0.4268292682926829,0.5365853658536586,0.4146341463414634,0.5,0.43902439024390244,0.573170731707317,0.5487804878048781,0.6707317073170732,0.4878048780487805
3,25,9,0.11688670787854077,0.32926829268292684,0.5365853658536586,0.573170731707317,0.4146341463414634,0.6829268292682927,0.36585365853658536,0.32926829268292684,0.6707317073170732,0.3780487804878049,0.5,0.4146341463414634,0.5,0.4268292682926829,0.6219512195121951,0.573170731707317,0.4146341463414634,0.6707317073170732,0.7439024390243902,0.3780487804878049,0.5365853658536586,0.4878048780487805,0.32926829268292684,0.45121951219512196,0.573170731707317,0.4634146341463415,0.5121951219512195,0.43902439024390244,0.6463414634146342,0.3902439024390244,0.6463414634146342
4,25,0,0.2041848512987701,0.2073170731707317,0.6585365853658537,0.6219512195121951,0.7804878048780488,0.2926829268292683,0.8170731707317073,0.573170731707317,0.4634146341463415,0.25609756097560976,0.45121951219512196,0.4878048780487805,0.2804878048780488,0.34146341463414637,0.21951219512195122,0.5365853658536586,0.6341463414634146,0.45121951219512196,0.5365853658536586,0.34146341463414637,0.5609756097560976,0.7926829268292683,0.24390243902439024,0.24390243902439024,0.4878048780487805,0.8780487804878049,0.6341463414634146,0.5121951219512195,0.25609756097560976,0.9390243902439024,0.5
4,25,1,0.16706278526857332,0.45121951219512196,0.6219512195121951,0.43902439024390244,0.6219512195121951,0.3048780487804878,0.43902439024390244,0.5853658536585366,0.45121951219512196,0.6829268292682927,0.5609756097560976,0.2804878048780488,0.3902439024390244,0.32926829268292684,0.2804878048780488,0.6097560975609756,0.5121951219512195,0.4146341463414634,0.43902439024390244,0.3902439024390244,0.6829268292682927,0.7926829268292683,0.2682926829268293,0.45121951219512196,0.36585365853658536,0.8048780487804879,0.6585365853658537,0.573170731707317,0.3170731707317073,0.9146341463414634,0.36585365853658536
4,25,2,0.14301781282361398,0.7439024390243902,0.524390243902439,0.524390243902439,0.6829268292682927,0.4146341463414634,0.5121951219512195,0.3048780487804878,0.4634146341463415,0.6341463414634146,0.36585365853658536,0.47560975609756095,0.5609756097560976,0.3048780487804878,0.45121951219512196,0.6829268292682927,0.3170731707317073,0.3780487804878049,0.45121951219512196,0.3170731707317073,0.4878048780487805,0.7439024390243902,0.2804878048780488,0.6341463414634146,0.5121951219512195,0.7317073170731707,0.5609756097560976,0.35365853658536583,0.5365853658536586,0.7073170731707317,0.34146341463414637
4,25,3,0.1791202862278038,0.6707317073170732,0.5609756097560976,0.5,0.4878048780487805,0.23170731707317074,0.3780487804878049,0.8048780487804879,0.17073170731707318,0.9390243902439024,0.4268292682926829,0.34146341463414637,0.6219512195121951,0.4878048780487805,0.5487804878048781,0.7560975609756098,0.3170731707317073,0.4878048780487805,0.32926829268292684,0.6097560975609756,0.573170731707317,0.4024390243902439,0.4146341463414634,0.5121951219512195,0.45121951219512196,0.24390243902439024,0.6585365853658537,0.6219512195121951,0.2073170731707317,0.7073170731707317,0.5365853658536586
4,25,4,0.17020825680358928,0.8292682926829268,0.4024390243902439,0.47560975609756095,0.3170731707317073,0.25609756097560976,0.5121951219512195,0.8292682926829268,0.35365853658536583,0.8048780487804879,0.5975609756097561,0.5487804878048781,0.7926829268292683,0.2073170731707317,0.5365853658536586,0.47560975609756095,0.4024390243902439,0.3048780487804878,0.5,0.5853658536585366,0.524390243902439,0.4146341463414634,0.524390243902439,0.5609756097560976,0.5853658536585366,0.36585365853658536,0.573170731707317,0.573170731707317,0.24390243902439024,0.25609756097560976,0.6463414634146342
4,25,5,0.13179762035225656,0.7317073170731707,0.34146341463414637,0.3902439024390244,0.5121951219512195,0.5853658536585366,0.524390243902439,0.2926829268292683,0.5609756097560976,0.6463414634146342,0.524390243902439,0.4634146341463415,0.5853658536585366,0.6463414634146342,0.573170731707317,0.4146341463414634,0.45121951219512196,0.7926829268292683,0.5853658536585366,0.3170731707317073,0.3780487804878049,0.5121951219512195,0.5853658536585366,0.35365853658536583,0.4024390243902439,0.5975609756097561,0.6951219512195121,0.45121951219512196,0.25609756097560976,0.36585365853658536,0.4634146341463415
4,25,6,0.1273597411604284,0.6097560975609756,0.34146341463414637,0.34146341463414637,0.573170731707317,0.5853658536585366,0.45121951219512196,0.3902439024390244,0.6707317073170732,0.5121951219512195,0.7073170731707317,0.5121951219512195,0.4024390243902439,0.6707317073170732,0.6585365853658537,0.35365853658536583,0.5853658536585366,0.8292682926829268,0.4878048780487805,0.3170731707317073,0.4268292682926829,0.4146341463414634,0.4024390243902439,0.5,0.5487804878048781,0.4634146341463415,0.6219512195121951,0.47560975609756095,0.35365853658536583,0.34146341463414637,0.45121951219512196
4,25,7,0.13310758203722337,0.5487804878048781,0.524390243902439,0.6585365853658537,0.6097560975609756,0.6585365853658537,0.5121951219512195,0.5487804878048781,0.7195121951219512,0.21951219512195122,0.43902439024390244,0.36585365853658536,0.32926829268292684,0.5853658536585366,0.2682926829268293,0.5975609756097561,0.35365853658536583,0.8170731707317073,0.36585365853658536,0.3048780487804878,0.4634146341463415,0.5,0.5121951219512195,0.5365853658536586,0.5121951219512195,0.524390243902439,0.6097560975609756,0.5853658536585366,0.45121951219512196,0.3902439024390244,0.4878048780487805
4,25,8,0.14158951486536575,0.21951219512195122,0.6585365853658537,0.8170731707317073,0.573170731707317,0.5975609756097561,0.6341463414634146,0.5365853658536586,0.5609756097560976,0.24390243902439024,0.34146341463414637,0.45121951219512196,0.4634146341463415,0.5121951219512195,0.4634146341463415,0.5365853658536586,0.3048780487804878,0.7073170731707317,0.4146341463414634,0.4146341463414634,0.5487804878048781,0.47560975609756095,0.4634146341463415,0.573170731707317,0.4146341463414634,0.4878048780487805,0.2682926829268293,0.524390243902439,0.524390243902439,0.8048780487804879,0.4634146341463415
4,25,9,0.13601798530340178,0.4268292682926829,0.45121951219512196,0.7073170731707317,0.8170731707317073,0.36585365853658536,0.4146341463414634,0.6707317073170732,0.4268292682926829,0.4024390243902439,0.6097560975609756,0.5487804878048781,0.4146341463414634,0.4268292682926829,0.6219512195121951,0.3048780487804878,0.3902439024390244,0.25609756097560976,0.2804878048780488,0.8048780487804879,0.524390243902439,0.5609756097560976,0.45121951219512196,0.47560975609756095,0.573170731707317,0.4146341463414634,0.43902439024390244,0.573170731707317,0.6097560975609756,0.524390243902439,0.5121951219512195
0,50,0,0.1802239336771821,0.8170731707317073,0.8414634146341463,0.2926829268292683,0.3780487804878049,0.6341463414634146,0.7804878048780488,0.5975609756097561,0.3902439024390244,0.5365853658536586,0.2804878048780488,0.24390243902439024,0.2926829268292683,0.524390243902439,0.3780487804878049,0.8536585365853658,0.6463414634146342,0.35365853658536583,0.7560975609756098,0.3902439024390244,0.5487804878048781,0.3048780487804878,0.3048780487804878,0.4878048780487805,0.573170731707317,0.43902439024390244,0.3170731707317073,0.5365853658536586,0.5487804878048781,0.34146341463414637,0.6097560975609756
0,50,1,0.18903094664737446,0.8170731707317073,0.7439024390243902,0.3048780487804878,0.35365853658536583,0.7804878048780488,0.7560975609756098,0.5853658536585366,0.524390243902439,0.36585365853658536,0.15853658536585366,0.36585365853658536,0.5487804878048781,0.5609756097560976,0.4024390243902439,0.926829268292683,0.3902439024390244,0.3902439024390244,0.8780487804878049,0.3170731707317073,0.35365853658536583,0.5,0.25609756097560976,0.4634146341463415,0.47560975609756095,0.4024390243902439,0.3170731707317073,0.43902439024390244,0.6341463414634146,0.4634146341463415,0.524390243902439
0,50,2,0.17975571146443406,0.7073170731707317,0.4634146341463415,0.35365853658536583,0.9146341463414634,0.8292682926829268,0.7560975609756098,0.45121951219512196,0.4268292682926829,0.4634146341463415,0.25609756097560976,0.25609756097560976,0.7439024390243902,0.3780487804878049,0.3170731707317073,0.7926829268292683,0.35365853658536583,0.5609756097560976,0.5609756097560976,0.6219512195121951,0.36585365853658536,0.6707317073170732,0.35365853658536583,0.23170731707317074,0.36585365853658536,0.4634146341463415,0.45121951219512196,0.36585365853658536,0.5975609756097561,0.4634146341463415,0.4634146341463415
0,50,3,0.17800979637813022,0.3902439024390244,0.34146341463414637,0.5121951219512195,0.8536585365853658,0.7439024390243902,0.5487804878048781,0.5,0.4024390243902439,0.32926829268292684,0.4268292682926829,0.32926829268292684,0.6829268292682927,0.35365853658536583,0.9512195121951219,0.6097560975609756,0.32926829268292684,0.7073170731707317,0.32926829268292684,0.45121951219512196,0.4878048780487805,0.7804878048780488,0.35365853658536583,0.4268292682926829,0.3170731707317073,0.43902439024390244,0.4878048780487805,0.2926829268292683,0.3902439024390244,0.45121951219512196,0.7804878048780488
0,50,4,0.15182804387791138,0.24390243902439024,0.1951219512195122,0.34146341463414637,0.7195121951219512,0.7926829268292683,0.4146341463414634,0.4268292682926829,0.4268292682926829,0.6341463414634146,0.5365853658536586,0.36585365853658536,0.8048780487804879,0.34146341463414637,0.5,0.5121951219512195,0.5121951219512195,0.5,0.5121951219512195,0.5365853658536586,0.47560975609756095,0.8414634146341463,0.5609756097560976,0.4878048780487805,0.32926829268292684,0.524390243902439,0.6829268292682927,0.43902439024390244,0.4878048780487805,0.4268292682926829,0.4268292682926829
0,50,5,0.12276153553285772,0.34146341463414637,0.3902439024390244,0.4878048780487805,0.5975609756097561,0.5487804878048781,0.35365853658536583,0.3902439024390244,0.43902439024390244,0.6097560975609756,0.6707317073170732,0.4024390243902439,0.6219512195121951,0.5121951219512195,0.6585365853658537,0.3170731707317073,0.4878048780487805,0.3048780487804878,0.5975609756097561,0.3902439024390244,0.6707317073170732,0.35365853658536583,0.5487804878048781,0.4024390243902439,0.3902439024390244,0.47560975609756095,0.7073170731707317,0.6951219512195121,0.5609756097560976,0.6341463414634146,0.43902439024390244
0,50,6,0.14204394479395244,0.4268292682926829,0.5609756097560976,0.3902439024390244,0.6097560975609756,0.32926829268292684,0.6585365853658537,0.3170731707317073,0.5975609756097561,0.5975609756097561,0.3780487804878049,0.5121951219512195,0.45121951219512196,0.4146341463414634,0.4146341463414634,0.573170731707317,0.3048780487804878,0.4878048780487805,0.524390243902439,0.7073170731707317,0.2926829268292683,0.3170731707317073,0.43902439024390244,0.5365853658536586,0.35365853658536583,0.5121951219512195,0.6707317073170732,0.8292682926829268,0.8048780487804879,0.573170731707317,0.4146341463414634
0,50,7,0.14674740445357387,0.5365853658536586,0.8536585365853658,0.35365853658536583,0.2682926829268293,0.4878048780487805,0.7804878048780488,0.4146341463414634,0.45121951219512196,0.5,0.4146341463414634,0.45121951219512196,0.34146341463414637,0.7073170731707317,0.6341463414634146,0.47560975609756095,0.24390243902439024,0.4634146341463415,0.5121951219512195,0.7804878048780488,0.3902439024390244,0.45121951219512196,0.3780487804878049,0.5365853658536586,0.6097560975609756,0.4878048780487805,0.47560975609756095,0.5121951219512195,0.6219512195121951,0.2804878048780488,0.5853658536585366
0,50,8,0.1406410072520829,0.47560975609756095,0.7317073170731707,0.35365853658536583,0.23170731707317074,0.4634146341463415,0.573170731707317,0.6219512195121951,0.5121951219512195,0.4634146341463415,0.6707317073170732,0.4268292682926829,0.4634146341463415,0.7682926829268293,0.5487804878048781,0.5,0.4146341463414634,0.4634146341463415,0.4268292682926829,0.8414634146341463,0.34146341463414637,0.4146341463414634,0.6219512195121951,0.34146341463414637,0.573170731707317,0.25609756097560976,0.6097560975609756,0.45121951219512196,0.5365853658536586,0.34146341463414637,0.5609756097560976
0,50,9,0.1408523387120089,0.5853658536585366,0.6707317073170732,0.5121951219512195,0.4146341463414634,0.573170731707317,0.5365853658536586,0.524390243902439,0.5365853658536586,0.5853658536585366,0.5487804878048781,0.5365853658536586,0.32926829268292684,0.573170731707317,0.4024390243902439,0.43902439024390244,0.6829268292682927,0.25609756097560976,0.24390243902439024,0.7439024390243902,0.4634146341463415,0.6829268292682927,0.15853658536585366,0.4268292682926829,0.524390243902439,0.524390243902439,0.5365853658536586,0.5,0.5975609756097561,0.6585365853658537,0.23170731707317074
1,50,0,0.1845456823222141,0.43902439024390244,0.7073170731707317,0.6463414634146342,0.7682926829268293,0.3048780487804878,0.4024390243902439,0.6829268292682927,0.2073170731707317,0.8292682926829268,0.7195121951219512,0.2682926829268293,0.6463414634146342,0.5365853658536586,0.4878048780487805,0.3048780487804878,0.3780487804878049,0.7926829268292683,0.3902439024390244,0.7073170731707317,0.47560975609756095,0.2926829268292683,0.4634146341463415,0.2682926829268293,0.24390243902439024,0.6463414634146342,0.7195121951219512,0.45121951219512196,0.2804878048780488,0.5,0.43902439024390244
1,50,1,0.17540073377917112,0.32926829268292684,0.5121951219512195,0.45121951219512196,0.7926829268292683,0.43902439024390244,0.2682926829268293,0.524390243902439,0.24390243902439024,0.8902439024390244,0.7682926829268293,0.47560975609756095,0.5975609756097561,0.4268292682926829,0.5975609756097561,0.2804878048780488,0.4024390243902439,0.6829268292682927,0.2682926829268293,0.7195121951219512,0.4024390243902439,0.3048780487804878,0.3780487804878049,0.45121951219512196,0.6341463414634146,0.6951219512195121,0.6951219512195121,0.43902439024390244,0.23170731707317074,0.5609756097560976,0.5365853658536586
1,50,2,0.16605081538405198,0.2804878048780488,0.6585365853658537,0.5121951219512195,0.5,0.5121951219512195,0.3048780487804878,0.6341463414634146,0.2682926829268293,0.7682926829268293,0.34146341463414637,0.8170731707317073,0.6341463414634146,0.34146341463414637,0.6707317073170732,0.43902439024390244,0.3780487804878049,0.6707317073170732,0.4878048780487805,0.6463414634146342,0.8414634146341463,0.3048780487804878,0.35365853658536583,0.4268292682926829,0.4878048780487805,0.5,0.34146341463414637,0.2804878048780488,0.4268292682926829,0.4634146341463415,0.7073170731707317
1,50,3,0.17961776676491806,0.573170731707317,0.5975609756097561,0.4268292682926829,0.5,0.5487804878048781,0.4268292682926829,0.36585365853658536,0.35365853658536583,0.8902439024390244,0.32926829268292684,0.7195121951219512,0.35365853658536583,0.3902439024390244,0.5,0.8048780487804879,0.2804878048780488,0.2926829268292683,0.6463414634146342,0.6829268292682927,0.975609756097561,0.45121951219512196,0.35365853658536583,0.3902439024390244,0.3048780487804878,0.5853658536585366,0.34146341463414637,0.43902439024390244,0.6951219512195121,0.3902439024390244,0.3902439024390244
1,50,4,0.1900248895686093,0.573170731707317,0.35365853658536583,0.7682926829268293,0.21951219512195122,0.5609756097560976,0.5,0.524390243902439,0.3902439024390244,0.43902439024390244,0.3170731707317073,0.7682926829268293,0.4146341463414634,0.4878048780487805,0.2926829268292683,0.9024390243902439,0.4634146341463415,0.4146341463414634,0.47560975609756095,0.7195121951219512,0.8536585365853658,0.8292682926829268,0.4268292682926829,0.5975609756097561,0.3048780487804878,0.1951219512195122,0.3780487804878049,0.45121951219512196,0.7195121951219512,0.2682926829268293,0.3902439024390244
1,50,5,0.1636753168914245,0.7073170731707317,0.4146341463414634,0.4024390243902439,0.6951219512195121,0.5487804878048781,0.3780487804878049,0.4878048780487805,0.4268292682926829,0.5,0.32926829268292684,0.3780487804878049,0.4878048780487805,0.43902439024390244,0.7195121951219512,0.6951219512195121,0.5487804878048781,0.3780487804878049,0.3902439024390244,0.6585365853658537,0.36585365853658536,0.8536585365853658,0.7195121951219512,0.6341463414634146,0.24390243902439024,0.25609756097560976,0.4268292682926829,0.5487804878048781,0.7439024390243902,0.4146341463414634,0.2073170731707317
1,50,6,0.14470631194333003,0.5487804878048781,0.4878048780487805,0.6707317073170732,0.524390243902439,0.34146341463414637,0.6585365853658537,0.5975609756097561,0.24390243902439024,0.5609756097560976,0.524390243902439,0.5,0.3048780487804878,0.4268292682926829,0.6707317073170732,0.36585365853658536,0.8048780487804879,0.6707317073170732,0.23170731707317074,0.6219512195121951,0.5853658536585366,0.34146341463414637,0.5121951219512195,0.43902439024390244,0.35365853658536583,0.2926829268292683,0.4024390243902439,0.5853658536585366,0.6097560975609756,0.43902439024390244,0.6829268292682927
1,50,7,0.11252161754979445,0.6219512195121951,0.4878048780487805,0.5975609756097561,0.6219512195121951,0.4268292682926829,0.3780487804878049,0.5,0.3780487804878049,0.5,0.6097560975609756,0.32926829268292684,0.5,0.3780487804878049,0.5975609756097561,0.5853658536585366,0.5,0.7195121951219512,0.5,0.4634146341463415,0.4878048780487805,0.5487804878048781,0.35365853658536583,0.5975609756097561,0.32926829268292684,0.43902439024390244,0.3780487804878049,0.47560975609756095,0.3780487804878049,0.524390243902439,0.7926829268292683
1,50,8,0.10834686991191991,0.47560975609756095,0.5121951219512195,0.6219512195121951,0.47560975609756095,0.5,0.4268292682926829,0.24390243902439024,0.4878048780487805,0.47560975609756095,0.45121951219512196,0.3902439024390244,0.5609756097560976,0.36585365853658536,0.7926829268292683,0.5121951219512195,0.4146341463414634,0.6585365853658537,0.6341463414634146,0.43902439024390244,0.6219512195121951,0.36585365853658536,0.36585365853658536,0.6097560975609756,0.4146341463414634,0.5365853658536586,0.524390243902439,0.47560975609756095,0.47560975609756095,0.5975609756097561,0.573170731707317
1,50,9,0.14242732995762375,0.3048780487804878,0.5121951219512195,0.5,0.32926829268292684,0.45121951219512196,0.43902439024390244,0.573170731707317,0.5975609756097561,0.6097560975609756,0.4024390243902439,0.4268292682926829,0.7317073170731707,0.7195121951219512,0.34146341463414637,0.524390243902439,0.7439024390243902,0.35365853658536583,0.7804878048780488,0.2926829268292683,0.3048780487804878,0.5975609756097561,0.5,0.5609756097560976,0.6219512195121951,0.36585365853658536,0.5609756097560976,0.45121951219512196,0.6097560975609756,0.25609756097560976,0.5365853658536586
2,50,0,0.21657932314136913,0.43902439024390244,0.5121951219512195,0.8414634146341463,0.7804878048780488,0.21951219512195122,0.6829268292682927,0.524390243902439,0.8292682926829268,0.43902439024390244,0.4878048780487805,0.24390243902439024,0.12195121951219512,0.4634146341463415,0.5,0.1951219512195122,0.25609756097560976,0.4878048780487805,0.7682926829268293,0.5609756097560976,0.25609756097560976,0.5,0.45121951219512196,0.6951219512195121,0.5365853658536586,0.2804878048780488,0.8536585365853658,0.2073170731707317,0.7560975609756098,0.3170731707317073,0.7926829268292683
2,50,1,0.18811082670894816,0.36585365853658536,0.4634146341463415,0.4268292682926829,0.8658536585365854,0.43902439024390244,0.8170731707317073,0.3902439024390244,0.7560975609756098,0.5121951219512195,0.2804878048780488,0.2804878048780488,0.17073170731707318,0.45121951219512196,0.6341463414634146,0.5365853658536586,0.24390243902439024,0.4634146341463415,0.6951219512195121,0.6341463414634146,0.32926829268292684,0.43902439024390244,0.573170731707317,0.7682926829268293,0.4024390243902439,0.2926829268292683,0.7560975609756098,0.7317073170731707,0.34146341463414637,0.2926829268292683,0.6463414634146342
2,50,2,0.1340724112613467,0.3902439024390244,0.4268292682926829,0.4634146341463415,0.4878048780487805,0.36585365853658536,0.6463414634146342,0.5853658536585366,0.6463414634146342,0.2804878048780488,0.34146341463414637,0.3902439024390244,0.5609756097560976,0.5853658536585366,0.5,0.5365853658536586,0.3780487804878049,0.43902439024390244,0.7073170731707317,0.4146341463414634,0.45121951219512196,0.524390243902439,0.5365853658536586,0.7804878048780488,0.5487804878048781,0.34146341463414637,0.7439024390243902,0.7073170731707317,0.25609756097560976,0.4024390243902439,0.5609756097560976
2,50,3,0.16679550839890853,0.6341463414634146,0.6097560975609756,0.573170731707317,0.45121951219512196,0.32926829268292684,0.32926829268292684,0.4268292682926829,0.6951219512195121,0.6707317073170732,0.4146341463414634,0.5121951219512195,0.5975609756097561,0.5,0.2804878048780488,0.5365853658536586,0.5487804878048781,0.34146341463414637,0.25609756097560976,0.5487804878048781,0.5487804878048781,0.573170731707317,0.4024390243902439,0.2682926829268293,0.34146341463414637,0.8048780487804879,0.8292682926829268,0.8536585365853658,0.2804878048780488,0.3048780487804878,0.5365853658536586
2,50,4,0.1562055012979143,0.7195121951219512,0.4878048780487805,0.5609756097560976,0.4634146341463415,0.5853658536585366,0.18292682926829268,0.5,0.7439024390243902,0.3780487804878049,0.5609756097560976,0.6219512195121951,0.5121951219512195,0.4878048780487805,0.36585365853658536,0.6463414634146342,0.6097560975609756,0.3170731707317073,0.23170731707317074,0.4634146341463415,0.5121951219512195,0.5853658536585366,0.3902439024390244,0.25609756097560976,0.4878048780487805,0.6951219512195121,0.9146341463414634,0.4634146341463415,0.4878048780487805,0.35365853658536583,0.4146341463414634
2,50,5,0.16563232481492576,0.6219512195121951,0.5853658536585366,0.47560975609756095,0.4268292682926829,0.47560975609756095,0.23170731707317074,0.5609756097560976,0.2804878048780488,0.6463414634146342,0.4024390243902439,0.6097560975609756,0.5975609756097561,0.2682926829268293,0.5609756097560976,0.8902439024390244,0.6463414634146342,0.43902439024390244,0.3780487804878049,0.4146341463414634,0.34146341463414637,0.4024390243902439,0.45121951219512196,0.36585365853658536,0.573170731707317,0.4878048780487805,0.926829268292683,0.21951219512195122,0.6585365853658537,0.45121951219512196,0.6097560975609756
2,50,6,0.15715470287122474,0.45121951219512196,0.21951219512195122,0.5609756097560976,0.4634146341463415,0.524390243902439,0.4634146341463415,0.3780487804878049,0.5365853658536586,0.6097560975609756,0.3902439024390244,0.5121951219512195,0.7317073170731707,0.32926829268292684,0.9024390243902439,0.8170731707317073,0.34146341463414637,0.47560975609756095,0.6951219512195121,0.5975609756097561,0.2682926829268293,0.34146341463414637,0.5,0.5121951219512195,0.7317073170731707,0.3780487804878049,0.4634146341463415,0.35365853658536583,0.573170731707317,0.5121951219512195,0.36585365853658536
2,50,7,0.16052536195336786,0.3048780487804878,0.6707317073170732,0.573170731707317,0.35365853658536583,0.4146341463414634,0.6219512195121951,0.3780487804878049,0.3902439024390244,0.32926829268292684,0.35365853658536583,0.6219512195121951,0.5,0.5365853658536586,0.926829268292683,0.8170731707317073,0.3048780487804878,0.524390243902439,0.8048780487804879,0.3902439024390244,0.3902439024390244,0.4634146341463415,0.47560975609756095,0.573170731707317,0.6829268292682927,0.2804878048780488,0.3780487804878049,0.573170731707317,0.47560975609756095,0.3780487804878049,0.5121951219512195
2,50,8,0.1396505653001718,0.25609756097560976,0.7195121951219512,0.36585365853658536,0.6219512195121951,0.4024390243902439,0.4878048780487805,0.43902439024390244,0.5,0.5609756097560976,0.2926829268292683,0.4146341463414634,0.6829268292682927,0.4878048780487805,0.524390243902439,0.8414634146341463,0.3048780487804878,0.5,0.6585365853658537,0.5487804878048781,0.4634146341463415,0.6707317073170732,0.6097560975609756,0.43902439024390244,0.3170731707317073,0.36585365853658536,0.5853658536585366,0.6585365853658537,0.5121951219512195,0.4268292682926829,0.34146341463414637
2,50,9,0.13601798530340178,0.4878048780487805,0.6829268292682927,0.45121951219512196,0.6341463414634146,0.32926829268292684,0.6951219512195121,0.2804878048780488,0.5609756097560976,0.45121951219512196,0.35365853658536583,0.6219512195121951,0.6219512195121951,0.47560975609756095,0.524390243902439,0.7073170731707317,0.34146341463414637,0.6219512195121951,0.5609756097560976,0.5487804878048781,0.43902439024390244,0.6951219512195121,0.5487804878048781,0.4024390243902439,0.4268292682926829,0.34146341463414637,0.36585365853658536,0.6463414634146342,0.5609756097560976,0.45121951219512196,0.17073170731707318
3,50,0,0.1795901651102388,0.2926829268292683,0.7317073170731707,0.6219512195121951,0.3780487804878049,0.4024390243902439,0.7682926829268293,0.3780487804878049,0.4268292682926829,0.6707317073170732,0.35365853658536583,0.5487804878048781,0.6707317073170732,0.573170731707317,0.3780487804878049,0.2682926829268293,0.2926829268292683,0.35365853658536583,0.8414634146341463,0.3902439024390244,0.7682926829268293,0.4878048780487805,0.43902439024390244,0.5121951219512195,0.47560975609756095,0.2804878048780488,0.8170731707317073,0.35365853658536583,0.8170731707317073,0.34146341463414637,0.36585365853658536
3,50,1,0.17081879312090856,0.1951219512195122,0.6951219512195121,0.5121951219512195,0.45121951219512196,0.45121951219512196,0.7195121951219512,0.4146341463414634,0.4634146341463415,0.6341463414634146,0.43902439024390244,0.5121951219512195,0.6951219512195121,0.4146341463414634,0.34146341463414637,0.2804878048780488,0.43902439024390244,0.3902439024390244,0.8292682926829268,0.24390243902439024,0.8170731707317073,0.3780487804878049,0.573170731707317,0.5853658536585366,0.43902439024390244,0.4268292682926829,0.573170731707317,0.2073170731707317,0.8292682926829268,0.6097560975609756,0.43902439024390244
3,50,2,0.18088288992916252,0.4878048780487805,0.7195121951219512,0.4146341463414634,0.35365853658536583,0.5609756097560976,0.7439024390243902,0.34146341463414637,0.3780487804878049,0.7073170731707317,0.573170731707317,0.34146341463414637,0.4878048780487805,0.5121951219512195,0.2682926829268293,0.4268292682926829,0.18292682926829268,0.7682926829268293,0.9146341463414634,0.3048780487804878,0.34146341463414637,0.5365853658536586,0.5,0.5609756097560976,0.35365853658536583,0.3902439024390244,0.4878048780487805,0.5609756097560976,0.6585365853658537,0.8658536585365854,0.25609756097560976
3,50,3,0.15906727936774762,0.7073170731707317,0.4878048780487805,0.47560975609756095,0.5,0.45121951219512196,0.7073170731707317,0.36585365853658536,0.4268292682926829,0.7926829268292683,0.43902439024390244,0.32926829268292684,0.524390243902439,0.5487804878048781,0.36585365853658536,0.4146341463414634,0.35365853658536583,0.6951219512195121,0.36585365853658536,0.8780487804878049,0.3902439024390244,0.5975609756097561,0.3048780487804878,0.5365853658536586,0.524390243902439,0.4634146341463415,0.34146341463414637,0.7560975609756098,0.36585365853658536,0.6707317073170732,0.21951219512195122
3,50,4,0.1607722292456292,0.3170731707317073,0.6707317073170732,0.3048780487804878,0.3780487804878049,0.4024390243902439,0.6219512195121951,0.34146341463414637,0.47560975609756095,0.7439024390243902,0.4268292682926829,0.4878048780487805,0.5,0.7195121951219512,0.4146341463414634,0.45121951219512196,0.4024390243902439,0.7195121951219512,0.18292682926829268,0.7560975609756098,0.34146341463414637,0.4024390243902439,0.4634146341463415,0.573170731707317,0.7073170731707317,0.5487804878048781,0.5975609756097561,0.8536585365853658,0.3902439024390244,0.47560975609756095,0.32926829268292684
3,50,5,0.1434331606859947,0.8414634146341463,0.32926829268292684,0.4024390243902439,0.34146341463414637,0.23170731707317074,0.6097560975609756,0.4146341463414634,0.4878048780487805,0.4878048780487805,0.35365853658536583,0.3902439024390244,0.4634146341463415,0.5,0.6463414634146342,0.524390243902439,0.6829268292682927,0.5121951219512195,0.524390243902439,0.524390243902439,0.45121951219512196,0.5487804878048781,0.5487804878048781,0.2926829268292683,0.6951219512195121,0.4634146341463415,0.36585365853658536,0.43902439024390244,0.8536585365853658,0.6219512195121951,0.45121951219512196
3,50,6,0.11768977190590157,0.6829268292682927,0.4634146341463415,0.3902439024390244,0.3048780487804878,0.3902439024390244,0.6829268292682927,0.5487804878048781,0.5853658536585366,0.524390243902439,0.5,0.4878048780487805,0.5,0.4146341463414634,0.5121951219512195,0.35365853658536583,0.5365853658536586,0.36585365853658536,0.5609756097560976,0.5609756097560976,0.6341463414634146,0.3170731707317073,0.6463414634146342,0.4024390243902439,0.4878048780487805,0.524390243902439,0.3170731707317073,0.35365853658536583,0.6707317073170732,0.5609756097560976,0.7195121951219512
3,50,7,0.1185710411965346,0.5487804878048781,0.524390243902439,0.4634146341463415,0.3048780487804878,0.4634146341463415,0.524390243902439,0.6829268292682927,0.5975609756097561,0.5121951219512195,0.5487804878048781,0.35365853658536583,0.5609756097560976,0.3902439024390244,0.4024390243902439,0.36585365853658536,0.6707317073170732,0.5609756097560976,0.47560975609756095,0.5975609756097561,0.5487804878048781,0.34146341463414637,0.25609756097560976,0.35365853658536583,0.35365853658536583,0.524390243902439,0.5975609756097561,0.47560975609756095,0.6585365853658537,0.6585365853658537,0.6829268292682927
3,50,8,0.12751534261266764,0.47560975609756095,0.7560975609756098,0.5975609756097561,0.5975609756097561,0.45121951219512196,0.4146341463414634,0.6829268292682927,0.47560975609756095,0.5365853658536586,0.2804878048780488,0.45121951219512196,0.45121951219512196,0.3902439024390244,0.4878048780487805,0.4146341463414634,0.7317073170731707,0.3902439024390244,0.43902439024390244,0.4146341463414634,0.5487804878048781,0.4878048780487805,0.3902439024390244,0.5121951219512195,0.25609756097560976,0.6707317073170732,0.6707317073170732,0.3048780487804878,0.5853658536585366,0.4634146341463415,0.6707317073170732
3,50,9,0.1402527392055143,0.45121951219512196,0.5975609756097561,0.4878048780487805,0.7195121951219512,0.5121951219512195,0.36585365853658536,0.43902439024390244,0.5975609756097561,0.4634146341463415,0.4146341463414634,0.4878048780487805,0.34146341463414637,0.5609756097560976,0.6341463414634146,0.45121951219512196,0.8292682926829268,0.4146341463414634,0.4024390243902439,0.524390243902439,0.5121951219512195,0.7804878048780488,0.524390243902439,0.5853658536585366,0.36585365853658536,0.43902439024390244,0.5121951219512195,0.7439024390243902,0.3170731707317073,0.2682926829268293,0.25609756097560976
4,50,0,0.195958572270776,0.6463414634146342,0.1951219512195122,0.25609756097560976,0.4268292682926829,0.25609756097560976,0.5121951219512195,0.5121951219512195,0.4268292682926829,0.7926829268292683,0.5365853658536586,0.8414634146341463,0.5,0.2682926829268293,0.7317073170731707,0.4878048780487805,0.4146341463414634,0.3170731707317073,0.7682926829268293,0.3170731707317073,0.45121951219512196,0.25609756097560976,0.7804878048780488,0.34146341463414637,0.4878048780487805,0.8658536585365854,0.43902439024390244,0.524390243902439,0.47560975609756095,0.8414634146341463,0.32926829268292684
4,50,1,0.1851624900716289,0.6341463414634146,0.36585365853658536,0.3048780487804878,0.524390243902439,0.524390243902439,0.4146341463414634,0.4146341463414634,0.45121951219512196,0.7317073170731707,0.4268292682926829,0.8414634146341463,0.5487804878048781,0.36585365853658536,0.8536585365853658,0.45121951219512196,0.2926829268292683,0.4146341463414634,0.7195121951219512,0.524390243902439,0.4634146341463415,0.23170731707317074,0.7682926829268293,0.24390243902439024,0.4878048780487805,0.5853658536585366,0.4146341463414634,0.35365853658536583,0.43902439024390244,0.9512195121951219,0.25609756097560976
4,50,2,0.13609085859301417,0.7804878048780488,0.4268292682926829,0.36585365853658536,0.36585365853658536,0.6341463414634146,0.35365853658536583,0.6707317073170732,0.3780487804878049,0.47560975609756095,0.6585365853658537,0.7804878048780488,0.4268292682926829,0.47560975609756095,0.6951219512195121,0.524390243902439,0.32926829268292684,0.34146341463414637,0.5365853658536586,0.45121951219512196,0.47560975609756095,0.4634146341463415,0.5,0.3048780487804878,0.573170731707317,0.5121951219512195,0.6219512195121951,0.35365853658536583,0.4878048780487805,0.6951219512195121,0.34146341463414637
4,50,3,0.16279460093624623,0.5365853658536586,0.5853658536585366,0.35365853658536583,0.25609756097560976,0.7073170731707317,0.6341463414634146,0.3780487804878049,0.5,0.25609756097560976,0.7195121951219512,0.8048780487804879,0.34146341463414637,0.47560975609756095,0.4878048780487805,0.6097560975609756,0.36585365853658536,0.45121951219512196,0.573170731707317,0.34146341463414637,0.45121951219512196,0.5609756097560976,0.3780487804878049,0.7682926829268293,0.36585365853658536,0.23170731707317074,0.6585365853658537,0.3170731707317073,0.45121951219512196,0.7195121951219512,0.7195121951219512
4,50,4,0.14925952469067555,0.35365853658536583,0.5487804878048781,0.4268292682926829,0.43902439024390244,0.8414634146341463,0.573170731707317,0.34146341463414637,0.6219512195121951,0.2804878048780488,0.32926829268292684,0.7439024390243902,0.32926829268292684,0.5,0.3048780487804878,0.6707317073170732,0.4878048780487805,0.4146341463414634,0.4878048780487805,0.5487804878048781,0.45121951219512196,0.4634146341463415,0.36585365853658536,0.7195121951219512,0.43902439024390244,0.5121951219512195,0.5853658536585366,0.7317073170731707,0.6097560975609756,0.24390243902439024,0.6341463414634146
4,50,5,0.14446630604810456,0.5121951219512195,0.7926829268292683,0.4268292682926829,0.7439024390243902,0.5121951219512195,0.5121951219512195,0.3780487804878049,0.4146341463414634,0.6707317073170732,0.4146341463414634,0.4146341463414634,0.6097560975609756,0.2804878048780488,0.2926829268292683,0.5853658536585366,0.24390243902439024,0.47560975609756095,0.34146341463414637,0.4634146341463415,0.32926829268292684,0.5121951219512195,0.5365853658536586,0.6951219512195121,0.4024390243902439,0.7560975609756098,0.45121951219512196,0.7073170731707317,0.5121951219512195,0.5975609756097561,0.4146341463414634
4,50,6,0.10664051335137381,0.5487804878048781,0.573170731707317,0.6219512195121951,0.4634146341463415,0.5365853658536586,0.5121951219512195,0.4268292682926829,0.34146341463414637,0.5975609756097561,0.3780487804878049,0.4268292682926829,0.6097560975609756,0.34146341463414637,0.4146341463414634,0.6219512195121951,0.4146341463414634,0.5365853658536586,0.5853658536585366,0.4146341463414634,0.6219512195121951,0.3048780487804878,0.43902439024390244,0.4634146341463415,0.5121951219512195,0.7439024390243902,0.4878048780487805,0.5853658536585366,0.3170731707317073,0.5487804878048781,0.6097560975609756
4,50,7,0.12657886475465732,0.3048780487804878,0.7804878048780488,0.3048780487804878,0.4024390243902439,0.5121951219512195,0.3780487804878049,0.573170731707317,0.4634146341463415,0.45121951219512196,0.4634146341463415,0.4024390243902439,0.6707317073170732,0.7560975609756098,0.35365853658536583,0.5487804878048781,0.35365853658536583,0.6585365853658537,0.5,0.5365853658536586,0.35365853658536583,0.43902439024390244,0.4634146341463415,0.47560975609756095,0.6341463414634146,0.5365853658536586,0.6097560975609756,0.6463414634146342,0.573170731707317,0.524390243902439,0.32926829268292684
4,50,8,0.14735421919017772,0.3170731707317073,0.32926829268292684,0.6707317073170732,0.34146341463414637,0.4024390243902439,0.36585365853658536,0.6829268292682927,0.35365853658536583,0.6951219512195121,0.5365853658536586,0.4268292682926829,0.5365853658536586,0.7439024390243902,0.7195121951219512,0.34146341463414637,0.573170731707317,0.3902439024390244,0.5,0.5487804878048781,0.6097560975609756,0.5487804878048781,0.5853658536585366,0.6097560975609756,0.17073170731707318,0.6585365853658537,0.524390243902439,0.3780487804878049,0.6829268292682927,0.3170731707317073,0.43902439024390244
4,50,9,0.14498011788721146,0.21951219512195122,0.5121951219512195,0.2804878048780488,0.4024390243902439,0.5853658536585366,0.6707317073170732,0.5365853658536586,0.5,0.4024390243902439,0.4024390243902439,0.5121951219512195,0.32926829268292684,0.5853658536585366,0.573170731707317,0.35365853658536583,0.7073170731707317,0.47560975609756095,0.7439024390243902,0.5609756097560976,0.6829268292682927,0.6585365853658537,0.6097560975609756,0.5609756097560976,0.4146341463414634,0.2682926829268293,0.524390243902439,0.3902439024390244,0.7926829268292683,0.3902439024390244,0.35365853658536583
0,75,0,0.20493611256195127,0.3780487804878049,0.6097560975609756,0.32926829268292684,0.36585365853658536,0.7560975609756098,0.8780487804878049,0.3048780487804878,0.2926829268292683,0.5487804878048781,0.7317073170731707,0.5365853658536586,0.36585365853658536,0.2804878048780488,0.36585365853658536,0.7926829268292683,0.18292682926829268,0.3780487804878049,0.6951219512195121,0.5853658536585366,0.2926829268292683,0.7195121951219512,0.2926829268292683,0.6951219512195121,0.8902439024390244,0.7804878048780488,0.5609756097560976,0.36585365853658536,0.4146341463414634,0.3048780487804878,0.3048780487804878
0,75,1,0.17800979637813025,0.3048780487804878,0.6707317073170732,0.5121951219512195,0.36585365853658536,0.34146341463414637,0.7560975609756098,0.3902439024390244,0.34146341463414637,0.7195121951219512,0.573170731707317,0.35365853658536583,0.5609756097560976,0.5853658536585366,0.4024390243902439,0.6097560975609756,0.6707317073170732,0.35365853658536583,0.47560975609756095,0.5853658536585366,0.25609756097560976,0.6829268292682927,0.3048780487804878,0.6585365853658537,0.8292682926829268,0.8780487804878049,0.45121951219512196,0.3048780487804878,0.3780487804878049,0.17073170731707318,0.5121951219512195
0,75,2,0.14886043433821589,0.34146341463414637,0.5975609756097561,0.3780487804878049,0.3170731707317073,0.43902439024390244,0.7682926829268293,0.5975609756097561,0.25609756097560976,0.35365853658536583,0.6097560975609756,0.3780487804878049,0.47560975609756095,0.6097560975609756,0.6585365853658537,0.7195121951219512,0.7682926829268293,0.3048780487804878,0.47560975609756095,0.5121951219512195,0.43902439024390244,0.5853658536585366,0.3902439024390244,0.6829268292682927,0.7073170731707317,0.5853658536585366,0.4024390243902439,0.35365853658536583,0.2682926829268293,0.524390243902439,0.5
0,75,3,0.13532373181898516,0.21951219512195122,0.4268292682926829,0.7317073170731707,0.5365853658536586,0.5,0.6097560975609756,0.6097560975609756,0.47560975609756095,0.34146341463414637,0.5,0.7926829268292683,0.5121951219512195,0.5609756097560976,0.3780487804878049,0.45121951219512196,0.36585365853658536,0.4634146341463415,0.47560975609756095,0.5,0.573170731707317,0.3780487804878049,0.5853658536585366,0.5975609756097561,0.3902439024390244,0.5,0.6707317073170732,0.3780487804878049,0.2073170731707317,0.5365853658536586,0.7317073170731707
0,75,4,0.16104950262652856,0.2682926829268293,0.4146341463414634,0.8536585365853658,0.45121951219512196,0.3780487804878049,0.6951219512195121,0.43902439024390244,0.3902439024390244,0.36585365853658536,0.3170731707317073,0.8536585365853658,0.5365853658536586,0.524390243902439,0.43902439024390244,0.3780487804878049,0.47560975609756095,0.4634146341463415,0.3780487804878049,0.45121951219512196,0.5121951219512195,0.5121951219512195,0.573170731707317,0.5853658536585366,0.2804878048780488,0.45121951219512196,0.3902439024390244,0.6219512195121951,0.3780487804878049,0.8658536585365854,0.7560975609756098
0,75,5,0.177647392532977,0.25609756097560976,0.3170731707317073,0.7195121951219512,0.4878048780487805,0.4634146341463415,0.5853658536585366,0.5853658536585366,0.3170731707317073,0.5121951219512195,0.4024390243902439,0.8658536585365854,0.6585365853658537,0.4146341463414634,0.5975609756097561,0.5121951219512195,0.5853658536585366,0.6951219512195121,0.6097560975609756,0.45121951219512196,0.7195121951219512,0.3170731707317073,0.5365853658536586,0.18292682926829268,0.2926829268292683,0.35365853658536583,0.2073170731707317,0.5121951219512195,0.6341463414634146,0.8658536585365854,0.34146341463414637
0,75,6,0.15159931323966233,0.5121951219512195,0.6463414634146342,0.6463414634146342,0.3048780487804878,0.5975609756097561,0.3170731707317073,0.5,0.4878048780487805,0.4634146341463415,0.4878048780487805,0.9146341463414634,0.32926829268292684,0.6707317073170732,0.4634146341463415,0.573170731707317,0.4878048780487805,0.7560975609756098,0.5853658536585366,0.34146341463414637,0.5487804878048781,0.5853658536585366,0.34146341463414637,0.3780487804878049,0.5365853658536586,0.47560975609756095,0.2926829268292683,0.3048780487804878,0.6707317073170732,0.24390243902439024,0.5365853658536586
0,75,7,0.11852922456987823,0.4878048780487805,0.43902439024390244,0.3902439024390244,0.4268292682926829,0.5487804878048781,0.4878048780487805,0.36585365853658536,0.5,0.524390243902439,0.4024390243902439,0.7804878048780488,0.43902439024390244,0.47560975609756095,0.6463414634146342,0.7926829268292683,0.35365853658536583,0.6463414634146342,0.524390243902439,0.5975609756097561,0.34146341463414637,0.5975609756097561,0.4146341463414634,0.573170731707317,0.6341463414634146,0.4878048780487805,0.5121951219512195,0.2804878048780488,0.4878048780487805,0.4268292682926829,0.4146341463414634
0,75,8,0.12076660413787846,0.5121951219512195,0.5,0.36585365853658536,0.5121951219512195,0.6951219512195121,0.6341463414634146,0.3170731707317073,0.43902439024390244,0.32926829268292684,0.5,0.573170731707317,0.43902439024390244,0.5975609756097561,0.3902439024390244,0.6341463414634146,0.3170731707317073,0.524390243902439,0.4146341463414634,0.573170731707317,0.4878048780487805,0.5121951219512195,0.4024390243902439,0.47560975609756095,0.6707317073170732,0.5609756097560976,0.6219512195121951,0.2926829268292683,0.4878048780487805,0.4146341463414634,0.8048780487804879
0,75,9,0.10747401680001858,0.5853658536585366,0.47560975609756095,0.43902439024390244,0.4878048780487805,0.6951219512195121,0.5487804878048781,0.47560975609756095,0.3170731707317073,0.36585365853658536,0.524390243902439,0.3048780487804878,0.4878048780487805,0.6707317073170732,0.4634146341463415,0.23170731707317074,0.5365853658536586,0.43902439024390244,0.43902439024390244,0.5365853658536586,0.5609756097560976,0.6585365853658537,0.4146341463414634,0.5365853658536586,0.5,0.5487804878048781,0.6097560975609756,0.6585365853658537,0.4024390243902439,0.524390243902439,0.5609756097560976
1,75,0,0.2033820722217413,0.8658536585365854,0.21951219512195122,0.2804878048780488,0.7804878048780488,0.7195121951219512,0.524390243902439,0.6707317073170732,0.2804878048780488,0.25609756097560976,0.7073170731707317,0.3170731707317073,0.23170731707317074,0.6585365853658537,0.6829268292682927,0.2682926829268293,0.4878048780487805,0.2926829268292683,0.6463414634146342,0.45121951219512196,0.5487804878048781,0.2926829268292683,0.5487804878048781,0.2804878048780488,0.35365853658536583,0.5,0.7195121951219512,0.9024390243902439,0.4634146341463415,0.6951219512195121,0.35365853658536583
1,75,1,0.17435186342108794,0.8902439024390244,0.4878048780487805,0.573170731707317,0.5487804878048781,0.5121951219512195,0.4268292682926829,0.573170731707317,0.5365853658536586,0.23170731707317074,0.5609756097560976,0.47560975609756095,0.23170731707317074,0.4878048780487805,0.7439024390243902,0.3170731707317073,0.5609756097560976,0.36585365853658536,0.6951219512195121,0.6219512195121951,0.524390243902439,0.2682926829268293,0.6585365853658537,0.2804878048780488,0.25609756097560976,0.7073170731707317,0.4024390243902439,0.7439024390243902,0.45121951219512196,0.6707317073170732,0.1951219512195122
1,75,2,0.15041749026015885,0.7926829268292683,0.4268292682926829,0.7317073170731707,0.5609756097560976,0.36585365853658536,0.6097560975609756,0.4024390243902439,0.5,0.1951219512195122,0.6097560975609756,0.4024390243902439,0.3170731707317073,0.45121951219512196,0.4634146341463415,0.7195121951219512,0.5121951219512195,0.6341463414634146,0.5609756097560976,0.5975609756097561,0.4146341463414634,0.5,0.5487804878048781,0.4146341463414634,0.2926829268292683,0.4634146341463415,0.43902439024390244,0.3902439024390244,0.2682926829268293,0.5609756097560976,0.8536585365853658
1,75,3,0.15081246027994197,0.45121951219512196,0.5853658536585366,0.6707317073170732,0.5609756097560976,0.4268292682926829,0.3902439024390244,0.35365853658536583,0.45121951219512196,0.5365853658536586,0.3902439024390244,0.6097560975609756,0.4146341463414634,0.45121951219512196,0.5365853658536586,0.8048780487804879,0.2804878048780488,0.7926829268292683,0.6707317073170732,0.6219512195121951,0.3902439024390244,0.6585365853658537,0.35365853658536583,0.573170731707317,0.34146341463414637,0.2682926829268293,0.4024390243902439,0.4634146341463415,0.3902439024390244,0.34146341463414637,0.8170731707317073
1,75,4,0.15374239549363009,0.2682926829268293,0.3780487804878049,0.7073170731707317,0.5853658536585366,0.3170731707317073,0.4634146341463415,0.5,0.5853658536585366,0.6219512195121951,0.32926829268292684,0.47560975609756095,0.3780487804878049,0.4634146341463415,0.5853658536585366,0.8170731707317073,0.3170731707317073,0.5487804878048781,0.47560975609756095,0.7195121951219512,0.6951219512195121,0.5487804878048781,0.524390243902439,0.5853658536585366,0.47560975609756095,0.13414634146341464,0.5609756097560976,0.3780487804878049,0.3902439024390244,0.4024390243902439,0.7682926829268293
1,75,5,0.15775290985310775,0.3048780487804878,0.45121951219512196,0.5,0.34146341463414637,0.2926829268292683,0.45121951219512196,0.5121951219512195,0.35365853658536583,0.6585365853658537,0.32926829268292684,0.3780487804878049,0.8536585365853658,0.5,0.7439024390243902,0.6829268292682927,0.3902439024390244,0.47560975609756095,0.32926829268292684,0.6951219512195121,0.6219512195121951,0.7682926829268293,0.7560975609756098,0.43902439024390244,0.4634146341463415,0.3048780487804878,0.6097560975609756,0.35365853658536583,0.3902439024390244,0.47560975609756095,0.573170731707317
1,75,6,0.15123918046758533,0.36585365853658536,0.5,0.5121951219512195,0.3048780487804878,0.6463414634146342,0.4268292682926829,0.4268292682926829,0.3048780487804878,0.5487804878048781,0.5487804878048781,0.36585365853658536,0.8414634146341463,0.2682926829268293,0.6463414634146342,0.2804878048780488,0.36585365853658536,0.524390243902439,0.47560975609756095,0.35365853658536583,0.6951219512195121,0.6829268292682927,0.5487804878048781,0.573170731707317,0.3780487804878049,0.3902439024390244,0.6951219512195121,0.6097560975609756,0.8048780487804879,0.5,0.4146341463414634
1,75,7,0.15483483168881831,0.524390243902439,0.5365853658536586,0.524390243902439,0.4024390243902439,0.5121951219512195,0.45121951219512196,0.7195121951219512,0.4268292682926829,0.2804878048780488,0.524390243902439,0.2926829268292683,0.8902439024390244,0.2682926829268293,0.6585365853658537,0.34146341463414637,0.2926829268292683,0.36585365853658536,0.7195121951219512,0.47560975609756095,0.5609756097560976,0.45121951219512196,0.4268292682926829,0.5853658536585366,0.5365853658536586,0.7560975609756098,0.5,0.524390243902439,0.7439024390243902,0.4024390243902439,0.3048780487804878
1,75,8,0.13901012621162315,0.5609756097560976,0.4268292682926829,0.5,0.24390243902439024,0.5853658536585366,0.32926829268292684,0.45121951219512196,0.5487804878048781,0.43902439024390244,0.7317073170731707,0.45121951219512196,0.7195121951219512,0.5975609756097561,0.5853658536585366,0.2682926829268293,0.3048780487804878,0.4268292682926829,0.5853658536585366,0.524390243902439,0.3780487804878049,0.3170731707317073,0.34146341463414637,0.5853658536585366,0.4268292682926829,0.6585365853658537,0.5121951219512195,0.5121951219512195,0.8170731707317073,0.6463414634146342,0.524390243902439
1,75,9,0.09607609846580402,0.6463414634146342,0.45121951219512196,0.6585365853658537,0.4268292682926829,0.4268292682926829,0.6829268292682927,0.45121951219512196,0.4634146341463415,0.5365853658536586,0.6463414634146342,0.5609756097560976,0.5365853658536586,0.32926829268292684,0.45121951219512196,0.43902439024390244,0.5121951219512195,0.5609756097560976,0.4024390243902439,0.6829268292682927,0.35365853658536583,0.4634146341463415,0.4634146341463415,0.5,0.34146341463414637,0.47560975609756095,0.45121951219512196,0.45121951219512196,0.6219512195121951,0.524390243902439,0.4878048780487805
2,75,0,0.20503284899054458,0.23170731707317074,0.7439024390243902,0.3048780487804878,0.6829268292682927,0.5121951219512195,0.23170731707317074,0.4634146341463415,0.24390243902439024,0.6097560975609756,0.7804878048780488,0.7682926829268293,0.3902439024390244,0.8170731707317073,0.3902439024390244,0.2926829268292683,0.3170731707317073,0.5,0.3902439024390244,0.6829268292682927,0.8536585365853658,0.32926829268292684,0.36585365853658536,0.2926829268292683,0.6341463414634146,0.4268292682926829,0.3170731707317073,0.4146341463414634,0.8658536585365854,0.36585365853658536,0.7804878048780488
2,75,1,0.15925416090394348,0.5853658536585366,0.6951219512195121,0.2926829268292683,0.6707317073170732,0.524390243902439,0.5487804878048781,0.5121951219512195,0.3048780487804878,0.6951219512195121,0.4268292682926829,0.7560975609756098,0.3170731707317073,0.6219512195121951,0.4146341463414634,0.2804878048780488,0.3902439024390244,0.6341463414634146,0.3170731707317073,0.6951219512195121,0.6097560975609756,0.4634146341463415,0.3048780487804878,0.23170731707317074,0.4634146341463415,0.47560975609756095,0.25609756097560976,0.4634146341463415,0.6829268292682927,0.6585365853658537,0.7073170731707317
2,75,2,0.1668846482512139,0.9390243902439024,0.5365853658536586,0.2804878048780488,0.6707317073170732,0.5,0.5853658536585366,0.5,0.3902439024390244,0.7682926829268293,0.6829268292682927,0.34146341463414637,0.5,0.6341463414634146,0.4634146341463415,0.24390243902439024,0.573170731707317,0.5487804878048781,0.24390243902439024,0.6707317073170732,0.5365853658536586,0.6219512195121951,0.36585365853658536,0.3048780487804878,0.34146341463414637,0.4268292682926829,0.2804878048780488,0.47560975609756095,0.3048780487804878,0.6097560975609756,0.6585365853658537
2,75,3,0.178926448031795,0.926829268292683,0.35365853658536583,0.2926829268292683,0.23170731707317074,0.2804878048780488,0.3048780487804878,0.4268292682926829,0.6951219512195121,0.6951219512195121,0.6585365853658537,0.4878048780487805,0.6463414634146342,0.45121951219512196,0.3780487804878049,0.2926829268292683,0.4878048780487805,0.5121951219512195,0.6829268292682927,0.45121951219512196,0.5975609756097561,0.36585365853658536,0.43902439024390244,0.2926829268292683,0.32926829268292684,0.35365853658536583,0.7073170731707317,0.7926829268292683,0.4878048780487805,0.6341463414634146,0.7439024390243902
2,75,4,0.17537246841217122,0.975609756097561,0.3902439024390244,0.573170731707317,0.36585365853658536,0.43902439024390244,0.4024390243902439,0.3902439024390244,0.8658536585365854,0.6707317073170732,0.45121951219512196,0.45121951219512196,0.6097560975609756,0.3780487804878049,0.4878048780487805,0.25609756097560976,0.6585365853658537,0.3780487804878049,0.4146341463414634,0.2073170731707317,0.4634146341463415,0.5365853658536586,0.7195121951219512,0.21951219512195122,0.43902439024390244,0.4146341463414634,0.6219512195121951,0.5365853658536586,0.45121951219512196,0.7926829268292683,0.43902439024390244
2,75,5,0.1476902611754874,0.8414634146341463,0.3048780487804878,0.6463414634146342,0.5365853658536586,0.4268292682926829,0.4634146341463415,0.524390243902439,0.6707317073170732,0.3048780487804878,0.43902439024390244,0.2804878048780488,0.5853658536585366,0.5,0.6585365853658537,0.4878048780487805,0.4878048780487805,0.35365853658536583,0.4024390243902439,0.4146341463414634,0.35365853658536583,0.21951219512195122,0.7317073170731707,0.5121951219512195,0.5121951219512195,0.45121951219512196,0.7804878048780488,0.6097560975609756,0.35365853658536583,0.5609756097560976,0.5853658536585366
2,75,6,0.14432898063109129,0.35365853658536583,0.43902439024390244,0.7804878048780488,0.5975609756097561,0.4634146341463415,0.43902439024390244,0.43902439024390244,0.4146341463414634,0.43902439024390244,0.5853658536585366,0.5365853658536586,0.25609756097560976,0.6585365853658537,0.3048780487804878,0.36585365853658536,0.2804878048780488,0.6219512195121951,0.5609756097560976,0.43902439024390244,0.5487804878048781,0.4268292682926829,0.7682926829268293,0.5121951219512195,0.5121951219512195,0.4146341463414634,0.4146341463414634,0.8414634146341463,0.5365853658536586,0.35365853658536583,0.6951219512195121
2,75,7,0.13243550580003088,0.36585365853658536,0.6829268292682927,0.4878048780487805,0.7073170731707317,0.5609756097560976,0.5,0.47560975609756095,0.35365853658536583,0.5121951219512195,0.2682926829268293,0.5975609756097561,0.2804878048780488,0.35365853658536583,0.5853658536585366,0.5365853658536586,0.5487804878048781,0.4268292682926829,0.43902439024390244,0.5121951219512195,0.47560975609756095,0.6707317073170732,0.7073170731707317,0.5121951219512195,0.5975609756097561,0.3902439024390244,0.34146341463414637,0.8048780487804879,0.32926829268292684,0.4146341463414634,0.5609756097560976
2,75,8,0.16052536195336786,0.5487804878048781,0.8170731707317073,0.3048780487804878,0.5121951219512195,0.5609756097560976,0.3048780487804878,0.5853658536585366,0.573170731707317,0.8170731707317073,0.2804878048780488,0.6463414634146342,0.36585365853658536,0.3048780487804878,0.6097560975609756,0.3902439024390244,0.6463414634146342,0.3048780487804878,0.3902439024390244,0.5487804878048781,0.4268292682926829,0.43902439024390244,0.2804878048780488,0.7073170731707317,0.4634146341463415,0.3048780487804878,0.573170731707317,0.7682926829268293,0.3780487804878049,0.5,0.6463414634146342
2,75,9,0.14745511219699356,0.524390243902439,0.8048780487804879,0.3170731707317073,0.43902439024390244,0.36585365853658536,0.4146341463414634,0.5609756097560976,0.6585365853658537,0.6341463414634146,0.5,0.2926829268292683,0.7073170731707317,0.5,0.3170731707317073,0.5609756097560976,0.35365853658536583,0.34146341463414637,0.45121951219512196,0.3902439024390244,0.6585365853658537,0.4634146341463415,0.4634146341463415,0.5121951219512195,0.3170731707317073,0.47560975609756095,0.4146341463414634,0.8048780487804879,0.573170731707317,0.7926829268292683,0.3902439024390244
3,75,0,0.19382188846911047,0.4268292682926829,0.7926829268292683,0.2073170731707317,0.43902439024390244,0.2804878048780488,0.3170731707317073,0.21951219512195122,0.4024390243902439,0.5975609756097561,0.24390243902439024,0.4634146341463415,0.6829268292682927,0.7560975609756098,0.6707317073170732,0.7073170731707317,0.2926829268292683,0.573170731707317,0.8536585365853658,0.7560975609756098,0.4146341463414634,0.34146341463414637,0.7560975609756098,0.25609756097560976,0.2926829268292683,0.5121951219512195,0.7439024390243902,0.4878048780487805,0.36585365853658536,0.5975609756097561,0.5487804878048781
3,75,1,0.16479215543033043,0.36585365853658536,0.8780487804878049,0.32926829268292684,0.3170731707317073,0.4024390243902439,0.25609756097560976,0.6341463414634146,0.32926829268292684,0.6951219512195121,0.23170731707317074,0.5853658536585366,0.573170731707317,0.7195121951219512,0.5975609756097561,0.573170731707317,0.2926829268292683,0.6585365853658537,0.7195121951219512,0.7195121951219512,0.47560975609756095,0.5365853658536586,0.5853658536585366,0.36585365853658536,0.2926829268292683,0.5,0.6097560975609756,0.5,0.3902439024390244,0.32926829268292684,0.5365853658536586
3,75,2,0.16542268251525044,0.5853658536585366,0.7560975609756098,0.5,0.35365853658536583,0.25609756097560976,0.4878048780487805,0.6707317073170732,0.5975609756097561,0.8780487804878049,0.3170731707317073,0.4634146341463415,0.3780487804878049,0.6341463414634146,0.2926829268292683,0.4634146341463415,0.4024390243902439,0.2682926829268293,0.6829268292682927,0.5853658536585366,0.45121951219512196,0.7926829268292683,0.6097560975609756,0.3048780487804878,0.3780487804878049,0.4268292682926829,0.7073170731707317,0.524390243902439,0.524390243902439,0.24390243902439024,0.4634146341463415
3,75,3,0.1583801604778712,0.6707317073170732,0.4146341463414634,0.47560975609756095,0.6951219512195121,0.43902439024390244,0.6097560975609756,0.7195121951219512,0.5609756097560976,0.2926829268292683,0.7560975609756098,0.36585365853658536,0.3780487804878049,0.43902439024390244,0.5121951219512195,0.5609756097560976,0.4634146341463415,0.2682926829268293,0.6585365853658537,0.1951219512195122,0.34146341463414637,0.6951219512195121,0.47560975609756095,0.4878048780487805,0.4878048780487805,0.4878048780487805,0.3048780487804878,0.524390243902439,0.35365853658536583,0.9024390243902439,0.4634146341463415
3,75,4,0.15234956724747128,0.5,0.36585365853658536,0.5975609756097561,0.7195121951219512,0.8048780487804879,0.36585365853658536,0.4878048780487805,0.35365853658536583,0.2073170731707317,0.6219512195121951,0.34146341463414637,0.45121951219512196,0.7073170731707317,0.23170731707317074,0.7682926829268293,0.4268292682926829,0.5365853658536586,0.3902439024390244,0.4146341463414634,0.2804878048780488,0.5975609756097561,0.573170731707317,0.43902439024390244,0.6219512195121951,0.5121951219512195,0.524390243902439,0.4878048780487805,0.4024390243902439,0.7317073170731707,0.5365853658536586
3,75,5,0.15740685658792736,0.34146341463414637,0.7195121951219512,0.3170731707317073,0.8536585365853658,0.5975609756097561,0.7195121951219512,0.4268292682926829,0.4146341463414634,0.47560975609756095,0.6463414634146342,0.3902439024390244,0.32926829268292684,0.4878048780487805,0.5365853658536586,0.4878048780487805,0.4634146341463415,0.7682926829268293,0.4146341463414634,0.6951219512195121,0.35365853658536583,0.4024390243902439,0.43902439024390244,0.524390243902439,0.6219512195121951,0.36585365853658536,0.23170731707317074,0.3170731707317073,0.32926829268292684,0.6463414634146342,0.6829268292682927
3,75,6,0.1307402011559362,0.5,0.6341463414634146,0.3780487804878049,0.6829268292682927,0.5853658536585366,0.4024390243902439,0.4878048780487805,0.5121951219512195,0.36585365853658536,0.4268292682926829,0.34146341463414637,0.43902439024390244,0.573170731707317,0.6219512195121951,0.5365853658536586,0.47560975609756095,0.7439024390243902,0.45121951219512196,0.6463414634146342,0.6097560975609756,0.35365853658536583,0.18292682926829268,0.5,0.4146341463414634,0.2926829268292683,0.4146341463414634,0.5853658536585366,0.4634146341463415,0.6951219512195121,0.6829268292682927
3,75,7,0.1353969787698528,0.45121951219512196,0.45121951219512196,0.7926829268292683,0.45121951219512196,0.3780487804878049,0.3780487804878049,0.47560975609756095,0.7560975609756098,0.3048780487804878,0.4268292682926829,0.3048780487804878,0.32926829268292684,0.47560975609756095,0.5975609756097561,0.5975609756097561,0.47560975609756095,0.6585365853658537,0.43902439024390244,0.6829268292682927,0.6585365853658537,0.4878048780487805,0.36585365853658536,0.6707317073170732,0.3780487804878049,0.45121951219512196,0.4634146341463415,0.6463414634146342,0.2926829268292683,0.573170731707317,0.5853658536585366
3,75,8,0.14294847084968396,0.4268292682926829,0.43902439024390244,0.8780487804878049,0.3902439024390244,0.3048780487804878,0.524390243902439,0.35365853658536583,0.6097560975609756,0.6463414634146342,0.7682926829268293,0.6097560975609756,0.35365853658536583,0.3780487804878049,0.35365853658536583,0.5975609756097561,0.5609756097560976,0.47560975609756095,0.5975609756097561,0.5121951219512195,0.6829268292682927,0.21951219512195122,0.5,0.47560975609756095,0.34146341463414637,0.5121951219512195,0.4634146341463415,0.6219512195121951,0.4634146341463415,0.34146341463414637,0.5975609756097561
3,75,9,0.1448432796142611,0.3170731707317073,0.3780487804878049,0.8170731707317073,0.45121951219512196,0.2682926829268293,0.5609756097560976,0.3170731707317073,0.6341463414634146,0.5,0.5975609756097561,0.7560975609756098,0.4024390243902439,0.47560975609756095,0.5609756097560976,0.36585365853658536,0.5853658536585366,0.45121951219512196,0.524390243902439,0.4634146341463415,0.8170731707317073,0.6951219512195121,0.36585365853658536,0.2804878048780488,0.6097560975609756,0.5121951219512195,0.524390243902439,0.43902439024390244,0.5121951219512195,0.32926829268292684,0.4878048780487805
4,75,0,0.18784710748954106,0.35365853658536583,0.5853658536585366,0.5487804878048781,0.3048780487804878,0.43902439024390244,0.32926829268292684,0.6219512195121951,0.36585365853658536,0.25609756097560976,0.7439024390243902,0.6707317073170732,0.6463414634146342,0.9512195121951219,0.2926829268292683,0.6219512195121951,0.5487804878048781,0.7317073170731707,0.24390243902439024,0.4878048780487805,0.5487804878048781,0.5121951219512195,0.7439024390243902,0.3048780487804878,0.4024390243902439,0.2804878048780488,0.3048780487804878,0.4268292682926829,0.3170731707317073,0.5487804878048781,0.8658536585365854
4,75,1,0.16276414642266274,0.6463414634146342,0.6341463414634146,0.5487804878048781,0.5121951219512195,0.3902439024390244,0.23170731707317074,0.35365853658536583,0.43902439024390244,0.4024390243902439,0.7560975609756098,0.8048780487804879,0.43902439024390244,0.6707317073170732,0.45121951219512196,0.6219512195121951,0.2804878048780488,0.6951219512195121,0.3170731707317073,0.3170731707317073,0.5487804878048781,0.47560975609756095,0.6951219512195121,0.25609756097560976,0.5,0.524390243902439,0.3170731707317073,0.5,0.32926829268292684,0.5121951219512195,0.8292682926829268
4,75,2,0.15303136946279652,0.43902439024390244,0.524390243902439,0.36585365853658536,0.36585365853658536,0.3170731707317073,0.47560975609756095,0.3170731707317073,0.25609756097560976,0.573170731707317,0.6951219512195121,0.6829268292682927,0.47560975609756095,0.6951219512195121,0.573170731707317,0.6829268292682927,0.5487804878048781,0.3170731707317073,0.6463414634146342,0.3902439024390244,0.6097560975609756,0.43902439024390244,0.5853658536585366,0.6951219512195121,0.6097560975609756,0.4268292682926829,0.5,0.21951219512195122,0.2682926829268293,0.4878048780487805,0.8170731707317073
4,75,3,0.1749762738512469,0.32926829268292684,0.3902439024390244,0.32926829268292684,0.5365853658536586,0.45121951219512196,0.6219512195121951,0.5365853658536586,0.3048780487804878,0.47560975609756095,0.12195121951219512,0.5975609756097561,0.573170731707317,0.7926829268292683,0.5975609756097561,0.8658536585365854,0.573170731707317,0.4146341463414634,0.8170731707317073,0.6097560975609756,0.524390243902439,0.43902439024390244,0.43902439024390244,0.6219512195121951,0.7560975609756098,0.45121951219512196,0.3902439024390244,0.21951219512195122,0.2926829268292683,0.6219512195121951,0.3048780487804878
4,75,4,0.1671814378298863,0.3902439024390244,0.32926829268292684,0.3780487804878049,0.36585365853658536,0.4268292682926829,0.5853658536585366,0.6463414634146342,0.4878048780487805,0.5853658536585366,0.17073170731707318,0.5609756097560976,0.7804878048780488,0.5365853658536586,0.5487804878048781,0.7073170731707317,0.47560975609756095,0.4878048780487805,0.9390243902439024,0.6463414634146342,0.5121951219512195,0.45121951219512196,0.36585365853658536,0.8048780487804879,0.5853658536585366,0.4878048780487805,0.4024390243902439,0.2804878048780488,0.21951219512195122,0.4024390243902439,0.43902439024390244
4,75,5,0.15884897302910506,0.573170731707317,0.32926829268292684,0.34146341463414637,0.45121951219512196,0.3780487804878049,0.4878048780487805,0.7926829268292683,0.6585365853658537,0.45121951219512196,0.35365853658536583,0.1951219512195122,0.7682926829268293,0.3780487804878049,0.5,0.5,0.45121951219512196,0.5365853658536586,0.8292682926829268,0.45121951219512196,0.3170731707317073,0.4146341463414634,0.5365853658536586,0.8170731707317073,0.2804878048780488,0.6463414634146342,0.5975609756097561,0.43902439024390244,0.3780487804878049,0.573170731707317,0.573170731707317
4,75,6,0.12348627375409475,0.47560975609756095,0.6585365853658537,0.4146341463414634,0.4146341463414634,0.6219512195121951,0.35365853658536583,0.6707317073170732,0.5853658536585366,0.4268292682926829,0.5853658536585366,0.36585365853658536,0.5,0.524390243902439,0.35365853658536583,0.6951219512195121,0.35365853658536583,0.7317073170731707,0.45121951219512196,0.32926829268292684,0.4634146341463415,0.2682926829268293,0.524390243902439,0.5365853658536586,0.4024390243902439,0.6707317073170732,0.36585365853658536,0.6219512195121951,0.5487804878048781,0.6219512195121951,0.4634146341463415
4,75,7,0.1426012552024918,0.35365853658536583,0.7073170731707317,0.43902439024390244,0.4024390243902439,0.6463414634146342,0.2926829268292683,0.7195121951219512,0.573170731707317,0.4146341463414634,0.5487804878048781,0.573170731707317,0.36585365853658536,0.6829268292682927,0.4146341463414634,0.34146341463414637,0.4878048780487805,0.47560975609756095,0.5121951219512195,0.3780487804878049,0.35365853658536583,0.9512195121951219,0.47560975609756095,0.4878048780487805,0.5975609756097561,0.6097560975609756,0.4878048780487805,0.4024390243902439,0.5487804878048781,0.45121951219512196,0.3048780487804878
4,75,8,0.16464167402242305,0.34146341463414637,0.6951219512195121,0.4268292682926829,0.4878048780487805,0.8048780487804879,0.5,0.573170731707317,0.23170731707317074,0.3170731707317073,0.6829268292682927,0.3780487804878049,0.2073170731707317,0.5121951219512195,0.5,0.6463414634146342,0.5121951219512195,0.6097560975609756,0.47560975609756095,0.2926829268292683,0.3170731707317073,0.9024390243902439,0.6219512195121951,0.32926829268292684,0.6463414634146342,0.5121951219512195,0.6463414634146342,0.3780487804878049,0.6219512195121951,0.3780487804878049,0.45121951219512196
4,75,9,0.15425744683748194,0.35365853658536583,0.5365853658536586,0.45121951219512196,0.524390243902439,0.8658536585365854,0.5609756097560976,0.2682926829268293,0.24390243902439024,0.7560975609756098,0.45121951219512196,0.4146341463414634,0.43902439024390244,0.6219512195121951,0.4878048780487805,0.6097560975609756,0.3902439024390244,0.43902439024390244,0.4268292682926829,0.3902439024390244,0.5487804878048781,0.9024390243902439,0.5,0.3902439024390244,0.6707317073170732,0.524390243902439,0.5365853658536586,0.2804878048780488,0.5,0.32926829268292684,0.5853658536585366
0,100,0,0.22072833847314666,0.23170731707317074,0.5,0.25609756097560976,0.7439024390243902,0.4024390243902439,0.6951219512195121,0.34146341463414637,0.8536585365853658,0.7317073170731707,0.25609756097560976,0.9024390243902439,0.2926829268292683,0.25609756097560976,0.25609756097560976,0.5487804878048781,0.3048780487804878,0.6951219512195121,0.2804878048780488,0.4024390243902439,0.6829268292682927,0.7439024390243902,0.3902439024390244,0.8048780487804879,0.2926829268292683,0.7317073170731707,0.8658536585365854,0.3048780487804878,0.47560975609756095,0.34146341463414637,0.4146341463414634
0,100,1,0.18107463378999622,0.3048780487804878,0.4146341463414634,0.2926829268292683,0.6707317073170732,0.47560975609756095,0.573170731707317,0.3170731707317073,0.7682926829268293,0.7073170731707317,0.32926829268292684,0.7439024390243902,0.34146341463414637,0.2804878048780488,0.4268292682926829,0.7195121951219512,0.32926829268292684,0.7804878048780488,0.5121951219512195,0.3780487804878049,0.6219512195121951,0.6341463414634146,0.6707317073170732,0.6097560975609756,0.43902439024390244,0.524390243902439,0.8658536585365854,0.36585365853658536,0.2926829268292683,0.1951219512195122,0.4146341463414634
0,100,2,0.1563323944961741,0.4634146341463415,0.4268292682926829,0.4878048780487805,0.3170731707317073,0.5487804878048781,0.5609756097560976,0.2926829268292683,0.524390243902439,0.5853658536585366,0.34146341463414637,0.25609756097560976,0.4268292682926829,0.7560975609756098,0.7560975609756098,0.6951219512195121,0.3170731707317073,0.7804878048780488,0.5,0.35365853658536583,0.4024390243902439,0.5975609756097561,0.6463414634146342,0.5853658536585366,0.524390243902439,0.3902439024390244,0.8048780487804879,0.5365853658536586,0.2682926829268293,0.5365853658536586,0.3170731707317073
0,100,3,0.15025261298791648,0.6341463414634146,0.3048780487804878,0.6219512195121951,0.4024390243902439,0.5853658536585366,0.43902439024390244,0.34146341463414637,0.47560975609756095,0.3170731707317073,0.45121951219512196,0.36585365853658536,0.45121951219512196,0.8170731707317073,0.8292682926829268,0.573170731707317,0.5365853658536586,0.36585365853658536,0.47560975609756095,0.524390243902439,0.3048780487804878,0.5609756097560976,0.5853658536585366,0.34146341463414637,0.3048780487804878,0.47560975609756095,0.4634146341463415,0.7682926829268293,0.573170731707317,0.7439024390243902,0.36585365853658536
0,100,4,0.12657886475465732,0.8170731707317073,0.34146341463414637,0.6707317073170732,0.3048780487804878,0.6463414634146342,0.3780487804878049,0.35365853658536583,0.6707317073170732,0.3048780487804878,0.5,0.3780487804878049,0.5121951219512195,0.6707317073170732,0.5975609756097561,0.4146341463414634,0.5853658536585366,0.524390243902439,0.3780487804878049,0.5487804878048781,0.4634146341463415,0.5121951219512195,0.3780487804878049,0.5,0.43902439024390244,0.43902439024390244,0.5853658536585366,0.5121951219512195,0.6097560975609756,0.6097560975609756,0.35365853658536583
0,100,5,0.1707026688429594,0.573170731707317,0.4878048780487805,0.5609756097560976,0.2804878048780488,0.3780487804878049,0.32926829268292684,0.524390243902439,0.9146341463414634,0.4634146341463415,0.4146341463414634,0.8048780487804879,0.34146341463414637,0.7804878048780488,0.5,0.4024390243902439,0.5487804878048781,0.6341463414634146,0.3780487804878049,0.21951219512195122,0.3048780487804878,0.573170731707317,0.3170731707317073,0.6097560975609756,0.36585365853658536,0.36585365853658536,0.5,0.4024390243902439,0.8414634146341463,0.5487804878048781,0.6341463414634146
0,100,6,0.16108028131818591,0.7073170731707317,0.5975609756097561,0.4268292682926829,0.6585365853658537,0.3902439024390244,0.3902439024390244,0.5,0.8658536585365854,0.4146341463414634,0.35365853658536583,0.7439024390243902,0.3780487804878049,0.34146341463414637,0.5121951219512195,0.4268292682926829,0.25609756097560976,0.6829268292682927,0.43902439024390244,0.4634146341463415,0.5487804878048781,0.4268292682926829,0.21951219512195122,0.36585365853658536,0.4268292682926829,0.5365853658536586,0.5365853658536586,0.4146341463414634,0.8292682926829268,0.3902439024390244,0.7560975609756098
0,100,7,0.1720909885735027,0.4024390243902439,0.43902439024390244,0.23170731707317074,0.5853658536585366,0.3170731707317073,0.524390243902439,0.45121951219512196,0.6585365853658537,0.1951219512195122,0.524390243902439,0.8414634146341463,0.6585365853658537,0.3048780487804878,0.4634146341463415,0.6463414634146342,0.34146341463414637,0.7073170731707317,0.4268292682926829,0.3170731707317073,0.8902439024390244,0.3048780487804878,0.3902439024390244,0.7195121951219512,0.4268292682926829,0.35365853658536583,0.45121951219512196,0.6097560975609756,0.6097560975609756,0.5487804878048781,0.6585365853658537
0,100,8,0.13764830301973133,0.3048780487804878,0.5121951219512195,0.5487804878048781,0.6463414634146342,0.4634146341463415,0.4878048780487805,0.4146341463414634,0.17073170731707318,0.3902439024390244,0.4878048780487805,0.7439024390243902,0.6219512195121951,0.5975609756097561,0.3048780487804878,0.7195121951219512,0.45121951219512196,0.47560975609756095,0.5487804878048781,0.4878048780487805,0.7560975609756098,0.6463414634146342,0.5487804878048781,0.6707317073170732,0.43902439024390244,0.573170731707317,0.4146341463414634,0.4878048780487805,0.36585365853658536,0.2926829268292683,0.4268292682926829
0,100,9,0.14852703988979762,0.32926829268292684,0.14634146341463414,0.7682926829268293,0.524390243902439,0.6097560975609756,0.36585365853658536,0.6341463414634146,0.24390243902439024,0.7073170731707317,0.6463414634146342,0.36585365853658536,0.5853658536585366,0.4634146341463415,0.45121951219512196,0.7317073170731707,0.5853658536585366,0.3780487804878049,0.4146341463414634,0.6829268292682927,0.5487804878048781,0.4634146341463415,0.573170731707317,0.3780487804878049,0.36585365853658536,0.4268292682926829,0.6097560975609756,0.4634146341463415,0.4268292682926829,0.4146341463414634,0.6951219512195121
1,100,0,0.20919759262065804,0.6707317073170732,0.35365853658536583,0.2926829268292683,0.8536585365853658,0.5609756097560976,0.7804878048780488,0.2682926829268293,0.2926829268292683,0.524390243902439,0.8414634146341463,0.4024390243902439,0.5365853658536586,0.6463414634146342,0.36585365853658536,0.6951219512195121,0.23170731707317074,0.3902439024390244,0.21951219512195122,0.3902439024390244,0.7073170731707317,0.4146341463414634,0.3780487804878049,0.32926829268292684,0.7682926829268293,0.1951219512195122,0.2926829268292683,0.34146341463414637,0.6463414634146342,0.8170731707317073,0.7926829268292683
1,100,1,0.17953494907046783,0.7317073170731707,0.3780487804878049,0.4146341463414634,0.8780487804878049,0.4878048780487805,0.6097560975609756,0.4146341463414634,0.34146341463414637,0.5975609756097561,0.7317073170731707,0.34146341463414637,0.34146341463414637,0.4634146341463415,0.5121951219512195,0.6341463414634146,0.34146341463414637,0.3780487804878049,0.35365853658536583,0.34146341463414637,0.7804878048780488,0.24390243902439024,0.36585365853658536,0.5853658536585366,0.7926829268292683,0.43902439024390244,0.35365853658536583,0.3902439024390244,0.6463414634146342,0.8414634146341463,0.2682926829268293
1,100,2,0.17398184027532282,0.5121951219512195,0.7073170731707317,0.6463414634146342,0.9390243902439024,0.5487804878048781,0.4268292682926829,0.4634146341463415,0.4268292682926829,0.5,0.34146341463414637,0.3780487804878049,0.34146341463414637,0.4024390243902439,0.6585365853658537,0.4024390243902439,0.32926829268292684,0.45121951219512196,0.36585365853658536,0.2926829268292683,0.7804878048780488,0.2926829268292683,0.25609756097560976,0.5365853658536586,0.6951219512195121,0.2682926829268293,0.6951219512195121,0.7073170731707317,0.6097560975609756,0.6951219512195121,0.32926829268292684
1,100,3,0.13414634146341464,0.6219512195121951,0.5609756097560976,0.7804878048780488,0.4634146341463415,0.43902439024390244,0.35365853658536583,0.524390243902439,0.6585365853658537,0.4146341463414634,0.4878048780487805,0.524390243902439,0.23170731707317074,0.4634146341463415,0.5853658536585366,0.36585365853658536,0.5609756097560976,0.2926829268292683,0.6219512195121951,0.34146341463414637,0.5975609756097561,0.5121951219512195,0.524390243902439,0.3780487804878049,0.35365853658536583,0.2804878048780488,0.5853658536585366,0.6829268292682927,0.6097560975609756,0.4634146341463415,0.7195121951219512
1,100,4,0.1353603602488937,0.32926829268292684,0.6707317073170732,0.7682926829268293,0.5609756097560976,0.7560975609756098,0.36585365853658536,0.4146341463414634,0.5853658536585366,0.4634146341463415,0.3902439024390244,0.4634146341463415,0.32926829268292684,0.4268292682926829,0.5,0.35365853658536583,0.5975609756097561,0.45121951219512196,0.7682926829268293,0.3170731707317073,0.47560975609756095,0.4146341463414634,0.32926829268292684,0.524390243902439,0.34146341463414637,0.6463414634146342,0.5487804878048781,0.6951219512195121,0.47560975609756095,0.47560975609756095,0.5609756097560976
1,100,5,0.13043650689874084,0.5609756097560976,0.6585365853658537,0.5365853658536586,0.25609756097560976,0.5365853658536586,0.47560975609756095,0.34146341463414637,0.573170731707317,0.3902439024390244,0.4268292682926829,0.524390243902439,0.5,0.6585365853658537,0.5121951219512195,0.45121951219512196,0.7073170731707317,0.5975609756097561,0.4878048780487805,0.8536585365853658,0.4268292682926829,0.5,0.3902439024390244,0.5365853658536586,0.45121951219512196,0.4878048780487805,0.3780487804878049,0.32926829268292684,0.524390243902439,0.24390243902439024,0.6829268292682927
1,100,6,0.146002317041203,0.4634146341463415,0.5853658536585366,0.3780487804878049,0.6585365853658537,0.24390243902439024,0.2926829268292683,0.43902439024390244,0.43902439024390244,0.2682926829268293,0.4146341463414634,0.4268292682926829,0.7317073170731707,0.6829268292682927,0.7317073170731707,0.573170731707317,0.4024390243902439,0.5487804878048781,0.23170731707317074,0.5609756097560976,0.573170731707317,0.4634146341463415,0.7682926829268293,0.45121951219512196,0.524390243902439,0.524390243902439,0.5365853658536586,0.35365853658536583,0.7195121951219512,0.6097560975609756,0.4024390243902439
1,100,7,0.1223165260304374,0.5853658536585366,0.4024390243902439,0.3902439024390244,0.6219512195121951,0.32926829268292684,0.47560975609756095,0.4024390243902439,0.35365853658536583,0.573170731707317,0.4878048780487805,0.7317073170731707,0.3048780487804878,0.43902439024390244,0.6829268292682927,0.7195121951219512,0.43902439024390244,0.573170731707317,0.4878048780487805,0.2926829268292683,0.5,0.47560975609756095,0.5853658536585366,0.4634146341463415,0.36585365853658536,0.5365853658536586,0.45121951219512196,0.47560975609756095,0.6341463414634146,0.7439024390243902,0.47560975609756095
1,100,8,0.14381284243976544,0.8048780487804879,0.36585365853658536,0.34146341463414637,0.6951219512195121,0.32926829268292684,0.6707317073170732,0.6341463414634146,0.5487804878048781,0.5975609756097561,0.43902439024390244,0.7073170731707317,0.3780487804878049,0.6219512195121951,0.2926829268292683,0.524390243902439,0.573170731707317,0.47560975609756095,0.6341463414634146,0.4268292682926829,0.36585365853658536,0.25609756097560976,0.36585365853658536,0.25609756097560976,0.4634146341463415,0.5609756097560976,0.5121951219512195,0.5853658536585366,0.6585365853658537,0.3780487804878049,0.5365853658536586
1,100,9,0.12909944487358058,0.4268292682926829,0.35365853658536583,0.35365853658536583,0.5853658536585366,0.5,0.6341463414634146,0.5,0.573170731707317,0.6707317073170732,0.4268292682926829,0.8780487804878049,0.43902439024390244,0.524390243902439,0.35365853658536583,0.4634146341463415,0.47560975609756095,0.36585365853658536,0.4634146341463415,0.45121951219512196,0.4024390243902439,0.2926829268292683,0.6585365853658537,0.3170731707317073,0.5487804878048781,0.4634146341463415,0.4146341463414634,0.5487804878048781,0.7195121951219512,0.6341463414634146,0.5609756097560976
2,100,0,0.19739529336876396,0.7682926829268293,0.7073170731707317,0.3170731707317073,0.5487804878048781,0.5609756097560976,0.6219512195121951,0.7195121951219512,0.2804878048780488,0.25609756097560976,0.34146341463414637,0.34146341463414637,0.2926829268292683,0.7195121951219512,0.5853658536585366,0.9024390243902439,0.6707317073170732,0.3170731707317073,0.35365853658536583,0.7804878048780488,0.32926829268292684,0.7804878048780488,0.3170731707317073,0.4146341463414634,0.32926829268292684,0.7560975609756098,0.45121951219512196,0.23170731707317074,0.36585365853658536,0.34146341463414637,0.5975609756097561
2,100,1,0.18670887033175254,0.8780487804878049,0.7682926829268293,0.34146341463414637,0.5487804878048781,0.6707317073170732,0.5487804878048781,0.7073170731707317,0.2926829268292683,0.43902439024390244,0.23170731707317074,0.4024390243902439,0.3780487804878049,0.35365853658536583,0.5,0.9024390243902439,0.7073170731707317,0.2804878048780488,0.4024390243902439,0.6707317073170732,0.3780487804878049,0.6341463414634146,0.35365853658536583,0.2073170731707317,0.43902439024390244,0.7804878048780488,0.4878048780487805,0.3902439024390244,0.5,0.3048780487804878,0.5
2,100,2,0.1581295588011515,0.573170731707317,0.5,0.45121951219512196,0.45121951219512196,0.6463414634146342,0.4634146341463415,0.573170731707317,0.21951219512195122,0.25609756097560976,0.36585365853658536,0.5609756097560976,0.524390243902439,0.3780487804878049,0.524390243902439,0.8902439024390244,0.45121951219512196,0.3780487804878049,0.3170731707317073,0.5975609756097561,0.5975609756097561,0.5975609756097561,0.7195121951219512,0.23170731707317074,0.5365853658536586,0.6951219512195121,0.4024390243902439,0.4878048780487805,0.35365853658536583,0.8292682926829268,0.4268292682926829
2,100,3,0.15582420170245892,0.4146341463414634,0.5975609756097561,0.3170731707317073,0.6707317073170732,0.5365853658536586,0.3048780487804878,0.6951219512195121,0.24390243902439024,0.5609756097560976,0.43902439024390244,0.45121951219512196,0.6219512195121951,0.524390243902439,0.7317073170731707,0.5975609756097561,0.4268292682926829,0.5365853658536586,0.2804878048780488,0.6707317073170732,0.4634146341463415,0.4146341463414634,0.6463414634146342,0.32926829268292684,0.6341463414634146,0.3048780487804878,0.4634146341463415,0.35365853658536583,0.43902439024390244,0.926829268292683,0.4024390243902439
2,100,4,0.16403836794796614,0.2073170731707317,0.573170731707317,0.3902439024390244,0.17073170731707318,0.6097560975609756,0.4268292682926829,0.18292682926829268,0.5121951219512195,0.6219512195121951,0.6463414634146342,0.4268292682926829,0.7317073170731707,0.5365853658536586,0.36585365853658536,0.5121951219512195,0.5121951219512195,0.6219512195121951,0.3780487804878049,0.573170731707317,0.3780487804878049,0.2926829268292683,0.8048780487804879,0.4024390243902439,0.7195121951219512,0.6829268292682927,0.5853658536585366,0.43902439024390244,0.4634146341463415,0.4634146341463415,0.7682926829268293
2,100,5,0.14246213199356345,0.2682926829268293,0.4634146341463415,0.4634146341463415,0.36585365853658536,0.6341463414634146,0.7439024390243902,0.45121951219512196,0.5975609756097561,0.4024390243902439,0.5853658536585366,0.32926829268292684,0.6341463414634146,0.5609756097560976,0.3048780487804878,0.5853658536585366,0.5975609756097561,0.5365853658536586,0.3780487804878049,0.3170731707317073,0.4634146341463415,0.36585365853658536,0.7317073170731707,0.6341463414634146,0.4146341463414634,0.524390243902439,0.5975609756097561,0.34146341463414637,0.3170731707317073,0.573170731707317,0.8170731707317073
2,100,6,0.14819289539478198,0.45121951219512196,0.45121951219512196,0.47560975609756095,0.5,0.5975609756097561,0.573170731707317,0.43902439024390244,0.4878048780487805,0.4634146341463415,0.4024390243902439,0.32926829268292684,0.4878048780487805,0.4878048780487805,0.5,0.7317073170731707,0.6463414634146342,0.2926829268292683,0.7439024390243902,0.32926829268292684,0.4146341463414634,0.7073170731707317,0.6585365853658537,0.47560975609756095,0.3902439024390244,0.5853658536585366,0.5853658536585366,0.2073170731707317,0.36585365853658536,0.32926829268292684,0.8902439024390244
2,100,7,0.16494249955012372,0.5487804878048781,0.573170731707317,0.5121951219512195,0.5853658536585366,0.2804878048780488,0.4634146341463415,0.6219512195121951,0.5975609756097561,0.7195121951219512,0.4024390243902439,0.47560975609756095,0.35365853658536583,0.3780487804878049,0.5121951219512195,0.5609756097560976,0.8170731707317073,0.36585365853658536,0.6341463414634146,0.5487804878048781,0.2926829268292683,0.6707317073170732,0.21951219512195122,0.43902439024390244,0.5121951219512195,0.23170731707317074,0.6707317073170732,0.32926829268292684,0.32926829268292684,0.43902439024390244,0.9146341463414634
2,100,8,0.12967415959269518,0.5,0.4878048780487805,0.2926829268292683,0.6585365853658537,0.32926829268292684,0.35365853658536583,0.6829268292682927,0.6219512195121951,0.6463414634146342,0.5365853658536586,0.5609756097560976,0.4024390243902439,0.36585365853658536,0.43902439024390244,0.3780487804878049,0.5975609756097561,0.4634146341463415,0.6585365853658537,0.45121951219512196,0.2682926829268293,0.4146341463414634,0.5,0.4634146341463415,0.6585365853658537,0.7073170731707317,0.6951219512195121,0.6463414634146342,0.3780487804878049,0.35365853658536583,0.4878048780487805
2,100,9,0.1353969787698528,0.6585365853658537,0.5,0.36585365853658536,0.7317073170731707,0.573170731707317,0.35365853658536583,0.3902439024390244,0.2926829268292683,0.6463414634146342,0.4634146341463415,0.6829268292682927,0.6463414634146342,0.573170731707317,0.35365853658536583,0.573170731707317,0.3048780487804878,0.4146341463414634,0.6463414634146342,0.2926829268292683,0.47560975609756095,0.4634146341463415,0.35365853658536583,0.4634146341463415,0.5975609756097561,0.6341463414634146,0.36585365853658536,0.6463414634146342,0.45121951219512196,0.7073170731707317,0.3780487804878049
3,100,0,0.20757993856418047,0.3170731707317073,0.7439024390243902,0.6463414634146342,0.7317073170731707,0.4146341463414634,0.4634146341463415,0.3170731707317073,0.2926829268292683,0.4146341463414634,0.3170731707317073,0.2804878048780488,0.7439024390243902,0.7926829268292683,0.32926829268292684,0.2682926829268293,0.6463414634146342,0.21951219512195122,0.7560975609756098,0.5487804878048781,0.34146341463414637,0.7926829268292683,0.6707317073170732,0.24390243902439024,0.3048780487804878,0.573170731707317,0.7195121951219512,0.3170731707317073,0.5609756097560976,0.926829268292683,0.3048780487804878
3,100,1,0.1711087590283458,0.3048780487804878,0.524390243902439,0.573170731707317,0.5609756097560976,0.3048780487804878,0.3170731707317073,0.34146341463414637,0.4268292682926829,0.5487804878048781,0.23170731707317074,0.4634146341463415,0.3780487804878049,0.7682926829268293,0.4268292682926829,0.5609756097560976,0.7073170731707317,0.36585365853658536,0.7073170731707317,0.35365853658536583,0.25609756097560976,0.6585365853658537,0.3902439024390244,0.6707317073170732,0.3902439024390244,0.5,0.6829268292682927,0.45121951219512196,0.7682926829268293,0.926829268292683,0.43902439024390244
3,100,2,0.15996851762448017,0.7073170731707317,0.47560975609756095,0.3780487804878049,0.6829268292682927,0.34146341463414637,0.2926829268292683,0.2804878048780488,0.36585365853658536,0.573170731707317,0.45121951219512196,0.5609756097560976,0.4634146341463415,0.8048780487804879,0.5365853658536586,0.4024390243902439,0.3048780487804878,0.45121951219512196,0.5,0.5487804878048781,0.4634146341463415,0.34146341463414637,0.6219512195121951,0.6707317073170732,0.3902439024390244,0.18292682926829268,0.7195121951219512,0.8414634146341463,0.5609756097560976,0.6585365853658537,0.4268292682926829
3,100,3,0.17343961719574952,0.8170731707317073,0.5609756097560976,0.21951219512195122,0.6097560975609756,0.2926829268292683,0.34146341463414637,0.5975609756097561,0.4878048780487805,0.524390243902439,0.8170731707317073,0.7073170731707317,0.5,0.3902439024390244,0.32926829268292684,0.36585365853658536,0.32926829268292684,0.43902439024390244,0.5975609756097561,0.7073170731707317,0.5121951219512195,0.3048780487804878,0.4634146341463415,0.7439024390243902,0.6219512195121951,0.2804878048780488,0.4146341463414634,0.8414634146341463,0.2926829268292683,0.5,0.3902439024390244
3,100,4,0.16933224348985154,0.7926829268292683,0.4024390243902439,0.3902439024390244,0.524390243902439,0.5365853658536586,0.5365853658536586,0.6707317073170732,0.5365853658536586,0.5,0.9024390243902439,0.6097560975609756,0.4146341463414634,0.5609756097560976,0.4146341463414634,0.45121951219512196,0.25609756097560976,0.32926829268292684,0.3780487804878049,0.5,0.573170731707317,0.2926829268292683,0.45121951219512196,0.7195121951219512,0.573170731707317,0.4024390243902439,0.36585365853658536,0.9390243902439024,0.2682926829268293,0.35365853658536583,0.35365853658536583
3,100,5,0.164611561233141,0.8658536585365854,0.3902439024390244,0.34146341463414637,0.6219512195121951,0.4024390243902439,0.47560975609756095,0.7926829268292683,0.32926829268292684,0.5609756097560976,0.6707317073170732,0.34146341463414637,0.6707317073170732,0.4634146341463415,0.3048780487804878,0.5121951219512195,0.2804878048780488,0.6951219512195121,0.5121951219512195,0.7439024390243902,0.32926829268292684,0.4878048780487805,0.36585365853658536,0.4146341463414634,0.6219512195121951,0.3048780487804878,0.43902439024390244,0.5975609756097561,0.36585365853658536,0.34146341463414637,0.7560975609756098
3,100,6,0.14329484516618066,0.6219512195121951,0.35365853658536583,0.3902439024390244,0.24390243902439024,0.34146341463414637,0.5365853658536586,0.6585365853658537,0.45121951219512196,0.23170731707317074,0.5975609756097561,0.4634146341463415,0.6219512195121951,0.6097560975609756,0.23170731707317074,0.4878048780487805,0.6951219512195121,0.6707317073170732,0.5609756097560976,0.7317073170731707,0.3902439024390244,0.573170731707317,0.47560975609756095,0.5975609756097561,0.7560975609756098,0.5365853658536586,0.3902439024390244,0.5121951219512195,0.3170731707317073,0.4878048780487805,0.4634146341463415
3,100,7,0.13153406249888974,0.5975609756097561,0.35365853658536583,0.5609756097560976,0.524390243902439,0.2804878048780488,0.6097560975609756,0.15853658536585366,0.4146341463414634,0.47560975609756095,0.6219512195121951,0.45121951219512196,0.6951219512195121,0.4634146341463415,0.5609756097560976,0.4024390243902439,0.7682926829268293,0.4634146341463415,0.524390243902439,0.5121951219512195,0.5121951219512195,0.35365853658536583,0.5121951219512195,0.43902439024390244,0.6463414634146342,0.6341463414634146,0.524390243902439,0.2926829268292683,0.5975609756097561,0.6585365853658537,0.3902439024390244
3,100,8,0.15841145781252663,0.5365853658536586,0.3780487804878049,0.6829268292682927,0.7682926829268293,0.45121951219512196,0.4878048780487805,0.45121951219512196,0.573170731707317,0.5,0.23170731707317074,0.25609756097560976,0.6463414634146342,0.7073170731707317,0.6585365853658537,0.35365853658536583,0.7317073170731707,0.34146341463414637,0.45121951219512196,0.6341463414634146,0.45121951219512196,0.4024390243902439,0.573170731707317,0.4024390243902439,0.34146341463414637,0.45121951219512196,0.5853658536585366,0.7439024390243902,0.2804878048780488,0.6951219512195121,0.23170731707317074
3,100,9,0.12798101187734887,0.524390243902439,0.3780487804878049,0.6219512195121951,0.7682926829268293,0.5487804878048781,0.5975609756097561,0.4024390243902439,0.5487804878048781,0.5121951219512195,0.5853658536585366,0.4878048780487805,0.3170731707317073,0.6585365853658537,0.34146341463414637,0.34146341463414637,0.3170731707317073,0.35365853658536583,0.43902439024390244,0.5609756097560976,0.5365853658536586,0.4634146341463415,0.36585365853658536,0.32926829268292684,0.4024390243902439,0.6707317073170732,0.5487804878048781,0.7804878048780488,0.5609756097560976,0.5975609756097561,0.43902439024390244
4,100,0,0.21202217042922591,0.5975609756097561,0.8170731707317073,0.1951219512195122,0.6707317073170732,0.5487804878048781,0.6585365853658537,0.524390243902439,0.5975609756097561,0.7682926829268293,0.5975609756097561,0.47560975609756095,0.15853658536585366,0.3170731707317073,0.2804878048780488,0.4878048780487805,0.2804878048780488,0.9390243902439024,0.2073170731707317,0.6097560975609756,0.43902439024390244,0.32926829268292684,0.2073170731707317,0.6707317073170732,0.5975609756097561,0.32926829268292684,0.2804878048780488,0.8170731707317073,0.2682926829268293,0.573170731707317,0.7560975609756098
4,100,1,0.20594957885448342,0.6341463414634146,0.8780487804878049,0.24390243902439024,0.34146341463414637,0.32926829268292684,0.6951219512195121,0.6341463414634146,0.6829268292682927,0.7073170731707317,0.5121951219512195,0.6829268292682927,0.34146341463414637,0.35365853658536583,0.2804878048780488,0.7317073170731707,0.2926829268292683,0.6951219512195121,0.21951219512195122,0.7682926829268293,0.4268292682926829,0.2073170731707317,0.21951219512195122,0.7804878048780488,0.524390243902439,0.32926829268292684,0.2804878048780488,0.7682926829268293,0.3048780487804878,0.5609756097560976,0.573170731707317
4,100,2,0.17761948468699018,0.5,0.9024390243902439,0.4268292682926829,0.2682926829268293,0.4024390243902439,0.5609756097560976,0.6829268292682927,0.6829268292682927,0.5975609756097561,0.4268292682926829,0.7073170731707317,0.2926829268292683,0.35365853658536583,0.21951219512195122,0.7317073170731707,0.2073170731707317,0.7560975609756098,0.34146341463414637,0.4024390243902439,0.6219512195121951,0.3780487804878049,0.5,0.7317073170731707,0.3170731707317073,0.3902439024390244,0.36585365853658536,0.4268292682926829,0.5609756097560976,0.524390243902439,0.7195121951219512
4,100,3,0.1374681114213162,0.4146341463414634,0.6097560975609756,0.5975609756097561,0.5121951219512195,0.4634146341463415,0.45121951219512196,0.6219512195121951,0.45121951219512196,0.43902439024390244,0.524390243902439,0.47560975609756095,0.5609756097560976,0.32926829268292684,0.5121951219512195,0.5853658536585366,0.4878048780487805,0.3902439024390244,0.6341463414634146,0.5,0.8902439024390244,0.6951219512195121,0.7560975609756098,0.2804878048780488,0.4634146341463415,0.3170731707317073,0.36585365853658536,0.3780487804878049,0.4024390243902439,0.2804878048780488,0.6097560975609756
4,100,4,0.15944082339533108,0.6585365853658537,0.8048780487804879,0.7195121951219512,0.45121951219512196,0.5,0.3902439024390244,0.43902439024390244,0.3048780487804878,0.5853658536585366,0.4878048780487805,0.35365853658536583,0.5853658536585366,0.4878048780487805,0.6707317073170732,0.6463414634146342,0.3902439024390244,0.36585365853658536,0.5365853658536586,0.24390243902439024,0.8048780487804879,0.4634146341463415,0.7560975609756098,0.36585365853658536,0.4146341463414634,0.6707317073170732,0.573170731707317,0.34146341463414637,0.43902439024390244,0.32926829268292684,0.21951219512195122
4,100,5,0.10825532205449825,0.47560975609756095,0.6829268292682927,0.573170731707317,0.4634146341463415,0.573170731707317,0.4268292682926829,0.47560975609756095,0.43902439024390244,0.3902439024390244,0.3902439024390244,0.32926829268292684,0.7073170731707317,0.4634146341463415,0.5853658536585366,0.45121951219512196,0.5487804878048781,0.5487804878048781,0.6463414634146342,0.4024390243902439,0.2804878048780488,0.5,0.6707317073170732,0.4878048780487805,0.6341463414634146,0.5121951219512195,0.5853658536585366,0.5975609756097561,0.4024390243902439,0.4024390243902439,0.35365853658536583
4,100,6,0.1511736096080248,0.4146341463414634,0.3902439024390244,0.4024390243902439,0.7804878048780488,0.4024390243902439,0.4146341463414634,0.8292682926829268,0.6707317073170732,0.34146341463414637,0.3170731707317073,0.45121951219512196,0.2804878048780488,0.7804878048780488,0.5365853658536586,0.524390243902439,0.5,0.7317073170731707,0.4146341463414634,0.43902439024390244,0.36585365853658536,0.6707317073170732,0.573170731707317,0.43902439024390244,0.6097560975609756,0.3902439024390244,0.5487804878048781,0.6097560975609756,0.23170731707317074,0.4878048780487805,0.45121951219512196
4,100,7,0.15512271820641801,0.6463414634146342,0.2804878048780488,0.47560975609756095,0.7317073170731707,0.524390243902439,0.35365853658536583,0.7317073170731707,0.47560975609756095,0.4634146341463415,0.45121951219512196,0.47560975609756095,0.2926829268292683,0.7804878048780488,0.4878048780487805,0.4268292682926829,0.36585365853658536,0.7926829268292683,0.573170731707317,0.3048780487804878,0.5609756097560976,0.4024390243902439,0.2804878048780488,0.2073170731707317,0.7195121951219512,0.5487804878048781,0.3902439024390244,0.6707317073170732,0.5,0.5609756097560976,0.524390243902439
4,100,8,0.15881776191316788,0.6707317073170732,0.23170731707317074,0.3902439024390244,0.5487804878048781,0.4878048780487805,0.45121951219512196,0.7804878048780488,0.6707317073170732,0.7317073170731707,0.6463414634146342,0.3170731707317073,0.34146341463414637,0.6463414634146342,0.34146341463414637,0.2926829268292683,0.3170731707317073,0.8048780487804879,0.3780487804878049,0.5487804878048781,0.45121951219512196,0.6463414634146342,0.2926829268292683,0.4268292682926829,0.6219512195121951,0.6219512195121951,0.47560975609756095,0.35365853658536583,0.5975609756097561,0.34146341463414637,0.573170731707317
4,100,9,0.10701176082185514,0.5487804878048781,0.3048780487804878,0.4634146341463415,0.36585365853658536,0.6951219512195121,0.5975609756097561,0.5365853658536586,0.5487804878048781,0.5487804878048781,0.6219512195121951,0.2804878048780488,0.45121951219512196,0.5609756097560976,0.35365853658536583,0.3902439024390244,0.524390243902439,0.4878048780487805,0.2804878048780488,0.524390243902439,0.6707317073170732,0.5975609756097561,0.5365853658536586,0.47560975609756095,0.3902439024390244,0.5,0.5121951219512195,0.47560975609756095,0.6219512195121951,0.5487804878048781,0.5853658536585366
0,125,0,0.20255163877200466,0.25609756097560976,0.3048780487804878,0.2926829268292683,0.8292682926829268,0.3780487804878049,0.8170731707317073,0.6585365853658537,0.6341463414634146,0.6707317073170732,0.5487804878048781,0.6585365853658537,0.32926829268292684,0.32926829268292684,0.3780487804878049,0.6585365853658537,0.3048780487804878,0.7804878048780488,0.2926829268292683,0.3902439024390244,0.8780487804878049,0.6951219512195121,0.3048780487804878,0.25609756097560976,0.5853658536585366,0.5487804878048781,0.7682926829268293,0.32926829268292684,0.573170731707317,0.2804878048780488,0.2682926829268293
0,125,1,0.1831976315324187,0.2682926829268293,0.2926829268292683,0.36585365853658536,0.5365853658536586,0.3170731707317073,0.8414634146341463,0.7560975609756098,0.5853658536585366,0.6463414634146342,0.4634146341463415,0.7926829268292683,0.25609756097560976,0.2682926829268293,0.3902439024390244,0.573170731707317,0.524390243902439,0.7195121951219512,0.4268292682926829,0.4024390243902439,0.6829268292682927,0.5487804878048781,0.2682926829268293,0.3170731707317073,0.5,0.8292682926829268,0.7195121951219512,0.3048780487804878,0.5975609756097561,0.3048780487804878,0.5
0,125,2,0.16215385501067964,0.6097560975609756,0.5975609756097561,0.1951219512195122,0.7073170731707317,0.15853658536585366,0.6829268292682927,0.6341463414634146,0.5487804878048781,0.4878048780487805,0.4024390243902439,0.6097560975609756,0.43902439024390244,0.6219512195121951,0.36585365853658536,0.5,0.4634146341463415,0.6097560975609756,0.36585365853658536,0.47560975609756095,0.4268292682926829,0.35365853658536583,0.5,0.35365853658536583,0.573170731707317,0.9878048780487805,0.6097560975609756,0.4024390243902439,0.3170731707317073,0.3902439024390244,0.6097560975609756
0,125,3,0.15909844153463837,0.5609756097560976,0.6463414634146342,0.2804878048780488,0.7926829268292683,0.2682926829268293,0.45121951219512196,0.3780487804878049,0.24390243902439024,0.5121951219512195,0.34146341463414637,0.6097560975609756,0.5853658536585366,0.5975609756097561,0.6219512195121951,0.4146341463414634,0.4878048780487805,0.4146341463414634,0.6219512195121951,0.3048780487804878,0.47560975609756095,0.6341463414634146,0.7926829268292683,0.35365853658536583,0.4024390243902439,0.6585365853658537,0.2926829268292683,0.7560975609756098,0.3780487804878049,0.6951219512195121,0.4268292682926829
0,125,4,0.1532579628362411,0.5975609756097561,0.6219512195121951,0.43902439024390244,0.6219512195121951,0.3780487804878049,0.45121951219512196,0.24390243902439024,0.45121951219512196,0.24390243902439024,0.573170731707317,0.573170731707317,0.5121951219512195,0.6585365853658537,0.6097560975609756,0.5609756097560976,0.36585365853658536,0.2926829268292683,0.5365853658536586,0.3780487804878049,0.4268292682926829,0.6951219512195121,0.45121951219512196,0.4878048780487805,0.36585365853658536,0.7195121951219512,0.4878048780487805,0.8414634146341463,0.25609756097560976,0.7804878048780488,0.3780487804878049
0,125,5,0.13707085609827127,0.5487804878048781,0.7560975609756098,0.4024390243902439,0.3780487804878049,0.6951219512195121,0.5365853658536586,0.43902439024390244,0.45121951219512196,0.47560975609756095,0.5121951219512195,0.4268292682926829,0.3170731707317073,0.2926829268292683,0.7804878048780488,0.2682926829268293,0.5853658536585366,0.6341463414634146,0.4268292682926829,0.573170731707317,0.5,0.3048780487804878,0.573170731707317,0.6219512195121951,0.25609756097560976,0.5121951219512195,0.4146341463414634,0.6951219512195121,0.5609756097560976,0.5853658536585366,0.47560975609756095
0,125,6,0.10433780310345092,0.3170731707317073,0.35365853658536583,0.524390243902439,0.4268292682926829,0.7195121951219512,0.6341463414634146,0.43902439024390244,0.6707317073170732,0.36585365853658536,0.4634146341463415,0.5487804878048781,0.35365853658536583,0.524390243902439,0.5975609756097561,0.45121951219512196,0.573170731707317,0.43902439024390244,0.4268292682926829,0.4634146341463415,0.4146341463414634,0.4146341463414634,0.3170731707317073,0.5975609756097561,0.5853658536585366,0.5609756097560976,0.5609756097560976,0.6341463414634146,0.5365853658536586,0.5487804878048781,0.5365853658536586
0,125,7,0.13142094733177356,0.32926829268292684,0.5121951219512195,0.4268292682926829,0.4634146341463415,0.6341463414634146,0.5609756097560976,0.8536585365853658,0.6951219512195121,0.524390243902439,0.4878048780487805,0.3902439024390244,0.7317073170731707,0.573170731707317,0.3170731707317073,0.35365853658536583,0.5,0.5487804878048781,0.4146341463414634,0.5487804878048781,0.5975609756097561,0.24390243902439024,0.5487804878048781,0.43902439024390244,0.524390243902439,0.3170731707317073,0.5609756097560976,0.5365853658536586,0.4146341463414634,0.5975609756097561,0.35365853658536583
0,125,8,0.13681745670219594,0.43902439024390244,0.43902439024390244,0.573170731707317,0.8902439024390244,0.4268292682926829,0.5609756097560976,0.3902439024390244,0.7439024390243902,0.3780487804878049,0.36585365853658536,0.45121951219512196,0.7073170731707317,0.4634146341463415,0.6097560975609756,0.524390243902439,0.573170731707317,0.6219512195121951,0.5487804878048781,0.2926829268292683,0.5,0.5121951219512195,0.23170731707317074,0.5487804878048781,0.5975609756097561,0.3780487804878049,0.524390243902439,0.2682926829268293,0.47560975609756095,0.43902439024390244,0.524390243902439
0,125,9,0.1285221602186236,0.524390243902439,0.5365853658536586,0.5365853658536586,0.7317073170731707,0.3048780487804878,0.5121951219512195,0.3902439024390244,0.4024390243902439,0.45121951219512196,0.5365853658536586,0.45121951219512196,0.6463414634146342,0.45121951219512196,0.7804878048780488,0.5121951219512195,0.4634146341463415,0.35365853658536583,0.6219512195121951,0.47560975609756095,0.4268292682926829,0.5975609756097561,0.45121951219512196,0.524390243902439,0.4878048780487805,0.4634146341463415,0.2926829268292683,0.43902439024390244,0.6829268292682927,0.21951219512195122,0.7317073170731707
1,125,0,0.2133275083479988,0.7682926829268293,0.23170731707317074,0.32926829268292684,0.8902439024390244,0.35365853658536583,0.3902439024390244,0.5121951219512195,0.1951219512195122,0.7073170731707317,0.2682926829268293,0.6951219512195121,0.7682926829268293,0.25609756097560976,0.8170731707317073,0.3780487804878049,0.24390243902439024,0.7926829268292683,0.6585365853658537,0.23170731707317074,0.45121951219512196,0.5,0.5853658536585366,0.4268292682926829,0.5,0.34146341463414637,0.6097560975609756,0.7926829268292683,0.2682926829268293,0.7317073170731707,0.3048780487804878
1,125,1,0.1807458054911846,0.8170731707317073,0.43902439024390244,0.5853658536585366,0.6951219512195121,0.2804878048780488,0.25609756097560976,0.3780487804878049,0.2804878048780488,0.5975609756097561,0.25609756097560976,0.4878048780487805,0.6341463414634146,0.32926829268292684,0.9024390243902439,0.5487804878048781,0.3780487804878049,0.6585365853658537,0.6463414634146342,0.35365853658536583,0.6341463414634146,0.4878048780487805,0.5975609756097561,0.5609756097560976,0.43902439024390244,0.34146341463414637,0.7804878048780488,0.35365853658536583,0.25609756097560976,0.7073170731707317,0.3170731707317073
1,125,2,0.1424969255297993,0.1951219512195122,0.5365853658536586,0.4878048780487805,0.6463414634146342,0.36585365853658536,0.25609756097560976,0.4146341463414634,0.4634146341463415,0.5,0.43902439024390244,0.4146341463414634,0.6463414634146342,0.5121951219512195,0.7560975609756098,0.7195121951219512,0.5609756097560976,0.524390243902439,0.4634146341463415,0.43902439024390244,0.5365853658536586,0.3780487804878049,0.5975609756097561,0.34146341463414637,0.2682926829268293,0.5975609756097561,0.6585365853658537,0.43902439024390244,0.8292682926829268,0.5121951219512195,0.5
1,125,3,0.14336401960668874,0.4146341463414634,0.5,0.4146341463414634,0.6341463414634146,0.36585365853658536,0.32926829268292684,0.4268292682926829,0.7804878048780488,0.36585365853658536,0.5,0.36585365853658536,0.4146341463414634,0.4146341463414634,0.7317073170731707,0.6097560975609756,0.4146341463414634,0.5121951219512195,0.45121951219512196,0.5975609756097561,0.5975609756097561,0.4146341463414634,0.4146341463414634,0.4146341463414634,0.4024390243902439,0.7317073170731707,0.573170731707317,0.34146341463414637,0.9146341463414634,0.3780487804878049,0.573170731707317
1,125,4,0.15140298337541178,0.4878048780487805,0.6951219512195121,0.3902439024390244,0.34146341463414637,0.3780487804878049,0.45121951219512196,0.6707317073170732,0.7560975609756098,0.32926829268292684,0.4634146341463415,0.3170731707317073,0.5,0.4268292682926829,0.573170731707317,0.43902439024390244,0.4634146341463415,0.2804878048780488,0.45121951219512196,0.5487804878048781,0.5365853658536586,0.2926829268292683,0.4878048780487805,0.5609756097560976,0.32926829268292684,0.7804878048780488,0.5975609756097561,0.43902439024390244,0.926829268292683,0.4634146341463415,0.6219512195121951
1,125,5,0.12720394936980778,0.5121951219512195,0.5609756097560976,0.36585365853658536,0.4024390243902439,0.2073170731707317,0.5609756097560976,0.6707317073170732,0.5487804878048781,0.5975609756097561,0.4268292682926829,0.6341463414634146,0.4024390243902439,0.34146341463414637,0.4878048780487805,0.5487804878048781,0.6341463414634146,0.4634146341463415,0.47560975609756095,0.5365853658536586,0.6097560975609756,0.5487804878048781,0.25609756097560976,0.3170731707317073,0.3780487804878049,0.5365853658536586,0.6097560975609756,0.524390243902439,0.8170731707317073,0.5609756097560976,0.4634146341463415
1,125,6,0.12464504431058535,0.32926829268292684,0.3170731707317073,0.3780487804878049,0.47560975609756095,0.524390243902439,0.5975609756097561,0.6463414634146342,0.47560975609756095,0.5,0.3170731707317073,0.5975609756097561,0.5,0.6463414634146342,0.47560975609756095,0.3780487804878049,0.5609756097560976,0.5853658536585366,0.4024390243902439,0.5121951219512195,0.3170731707317073,0.6585365853658537,0.3902439024390244,0.25609756097560976,0.7195121951219512,0.5,0.5487804878048781,0.7439024390243902,0.5121951219512195,0.5121951219512195,0.6219512195121951
1,125,7,0.1697416123153595,0.12195121951219512,0.2804878048780488,0.3902439024390244,0.524390243902439,0.43902439024390244,0.35365853658536583,0.5853658536585366,0.6097560975609756,0.4878048780487805,0.8170731707317073,0.5121951219512195,0.5975609756097561,0.8048780487804879,0.3170731707317073,0.6097560975609756,0.5121951219512195,0.6219512195121951,0.3902439024390244,0.45121951219512196,0.5365853658536586,0.6341463414634146,0.4878048780487805,0.3048780487804878,0.8780487804878049,0.43902439024390244,0.6585365853658537,0.5853658536585366,0.23170731707317074,0.4878048780487805,0.32926829268292684
1,125,8,0.12967415959269518,0.47560975609756095,0.6097560975609756,0.2926829268292683,0.7073170731707317,0.4268292682926829,0.4634146341463415,0.36585365853658536,0.6097560975609756,0.47560975609756095,0.7804878048780488,0.32926829268292684,0.6463414634146342,0.7804878048780488,0.34146341463414637,0.35365853658536583,0.4878048780487805,0.5853658536585366,0.5121951219512195,0.4024390243902439,0.4146341463414634,0.573170731707317,0.4634146341463415,0.5365853658536586,0.4878048780487805,0.45121951219512196,0.5975609756097561,0.5121951219512195,0.24390243902439024,0.5121951219512195,0.5609756097560976
1,125,9,0.147084832823774,0.6463414634146342,0.5487804878048781,0.2804878048780488,0.5609756097560976,0.5487804878048781,0.4024390243902439,0.3048780487804878,0.3780487804878049,0.524390243902439,0.9024390243902439,0.4634146341463415,0.6341463414634146,0.6829268292682927,0.3780487804878049,0.524390243902439,0.5975609756097561,0.35365853658536583,0.6585365853658537,0.5487804878048781,0.6463414634146342,0.4634146341463415,0.4268292682926829,0.6341463414634146,0.32926829268292684,0.6585365853658537,0.23170731707317074,0.3170731707317073,0.5121951219512195,0.43902439024390244,0.4024390243902439
2,125,0,0.1981722951783228,0.32926829268292684,0.47560975609756095,0.8048780487804879,0.524390243902439,0.6341463414634146,0.6829268292682927,0.5975609756097561,0.18292682926829268,0.2926829268292683,0.6341463414634146,0.7317073170731707,0.6951219512195121,0.23170731707317074,0.6341463414634146,0.47560975609756095,0.15853658536585366,0.5,0.43902439024390244,0.6585365853658537,0.45121951219512196,0.8536585365853658,0.17073170731707318,0.5487804878048781,0.8292682926829268,0.3048780487804878,0.3170731707317073,0.5,0.5487804878048781,0.21951219512195122,0.573170731707317
2,125,1,0.16245928729303616,0.35365853658536583,0.43902439024390244,0.8048780487804879,0.5487804878048781,0.5609756097560976,0.6097560975609756,0.6341463414634146,0.2804878048780488,0.2682926829268293,0.524390243902439,0.6219512195121951,0.5121951219512195,0.21951219512195122,0.43902439024390244,0.5853658536585366,0.24390243902439024,0.7195121951219512,0.6219512195121951,0.6463414634146342,0.36585365853658536,0.6463414634146342,0.32926829268292684,0.7560975609756098,0.6463414634146342,0.34146341463414637,0.3170731707317073,0.6707317073170732,0.4024390243902439,0.34146341463414637,0.5487804878048781
2,125,2,0.1535488058317541,0.6707317073170732,0.6219512195121951,0.573170731707317,0.3902439024390244,0.47560975609756095,0.6097560975609756,0.2682926829268293,0.6097560975609756,0.2926829268292683,0.3780487804878049,0.4878048780487805,0.4634146341463415,0.17073170731707318,0.45121951219512196,0.8048780487804879,0.6463414634146342,0.573170731707317,0.6829268292682927,0.2804878048780488,0.2804878048780488,0.4268292682926829,0.32926829268292684,0.7317073170731707,0.6585365853658537,0.45121951219512196,0.5853658536585366,0.6341463414634146,0.4268292682926829,0.4878048780487805,0.5365853658536586
2,125,3,0.1485937786214917,0.6341463414634146,0.6097560975609756,0.6707317073170732,0.4268292682926829,0.35365853658536583,0.25609756097560976,0.45121951219512196,0.5,0.4268292682926829,0.24390243902439024,0.4146341463414634,0.5365853658536586,0.3902439024390244,0.5,0.6829268292682927,0.7195121951219512,0.7439024390243902,0.7926829268292683,0.2073170731707317,0.3780487804878049,0.47560975609756095,0.34146341463414637,0.43902439024390244,0.4024390243902439,0.573170731707317,0.7195121951219512,0.524390243902439,0.524390243902439,0.5365853658536586,0.524390243902439
2,125,4,0.1426360148020824,0.524390243902439,0.4634146341463415,0.47560975609756095,0.6097560975609756,0.524390243902439,0.25609756097560976,0.5853658536585366,0.4146341463414634,0.5487804878048781,0.32926829268292684,0.3780487804878049,0.35365853658536583,0.6219512195121951,0.32926829268292684,0.4634146341463415,0.7195121951219512,0.7682926829268293,0.32926829268292684,0.35365853658536583,0.5365853658536586,0.5975609756097561,0.47560975609756095,0.2926829268292683,0.5365853658536586,0.524390243902439,0.8170731707317073,0.3170731707317073,0.5609756097560976,0.6341463414634146,0.6585365853658537
2,125,5,0.15518662046173673,0.4146341463414634,0.47560975609756095,0.2682926829268293,0.32926829268292684,0.5365853658536586,0.573170731707317,0.6585365853658537,0.35365853658536583,0.43902439024390244,0.6951219512195121,0.4634146341463415,0.5609756097560976,0.5853658536585366,0.4878048780487805,0.43902439024390244,0.7926829268292683,0.5853658536585366,0.24390243902439024,0.6829268292682927,0.4878048780487805,0.6341463414634146,0.5,0.4268292682926829,0.5,0.5,0.6951219512195121,0.21951219512195122,0.45121951219512196,0.8048780487804879,0.1951219512195122
2,125,6,0.14280968589380846,0.3048780487804878,0.43902439024390244,0.47560975609756095,0.6219512195121951,0.4878048780487805,0.6219512195121951,0.5487804878048781,0.4634146341463415,0.34146341463414637,0.6951219512195121,0.4024390243902439,0.5609756097560976,0.47560975609756095,0.43902439024390244,0.6097560975609756,0.8292682926829268,0.6707317073170732,0.3048780487804878,0.8536585365853658,0.2926829268292683,0.4024390243902439,0.36585365853658536,0.5121951219512195,0.4268292682926829,0.5487804878048781,0.4634146341463415,0.524390243902439,0.5121951219512195,0.5487804878048781,0.25609756097560976
2,125,7,0.14998843236512346,0.3048780487804878,0.5365853658536586,0.4024390243902439,0.4268292682926829,0.573170731707317,0.7560975609756098,0.3902439024390244,0.3780487804878049,0.3170731707317073,0.5853658536585366,0.5,0.5365853658536586,0.5,0.6219512195121951,0.7804878048780488,0.7560975609756098,0.5121951219512195,0.5,0.8902439024390244,0.34146341463414637,0.5,0.6707317073170732,0.524390243902439,0.4146341463414634,0.4024390243902439,0.2682926829268293,0.4024390243902439,0.4634146341463415,0.3780487804878049,0.36585365853658536
2,125,8,0.1611725821268212,0.2926829268292683,0.5609756097560976,0.524390243902439,0.2804878048780488,0.47560975609756095,0.34146341463414637,0.15853658536585366,0.573170731707317,0.5121951219512195,0.5121951219512195,0.4268292682926829,0.6829268292682927,0.6829268292682927,0.6097560975609756,0.6463414634146342,0.4024390243902439,0.43902439024390244,0.45121951219512196,0.8292682926829268,0.6341463414634146,0.7317073170731707,0.36585365853658536,0.4878048780487805,0.3170731707317073,0.34146341463414637,0.3048780487804878,0.7926829268292683,0.4024390243902439,0.6219512195121951,0.5975609756097561
2,125,9,0.11594989584394842,0.3048780487804878,0.4024390243902439,0.5609756097560976,0.6341463414634146,0.4878048780487805,0.45121951219512196,0.4024390243902439,0.3780487804878049,0.6219512195121951,0.2926829268292683,0.4146341463414634,0.6097560975609756,0.5365853658536586,0.4146341463414634,0.5609756097560976,0.4878048780487805,0.5121951219512195,0.3780487804878049,0.43902439024390244,0.7073170731707317,0.5609756097560976,0.7073170731707317,0.4024390243902439,0.45121951219512196,0.3780487804878049,0.47560975609756095,0.6707317073170732,0.5609756097560976,0.47560975609756095,0.7195121951219512
3,125,0,0.1937963098628006,0.3780487804878049,0.7926829268292683,0.7682926829268293,0.4024390243902439,0.7682926829268293,0.4024390243902439,0.3048780487804878,0.2926829268292683,0.3780487804878049,0.36585365853658536,0.43902439024390244,0.2926829268292683,0.8902439024390244,0.32926829268292684,0.573170731707317,0.7560975609756098,0.3048780487804878,0.7804878048780488,0.2926829268292683,0.35365853658536583,0.7926829268292683,0.34146341463414637,0.6219512195121951,0.43902439024390244,0.32926829268292684,0.7195121951219512,0.6585365853658537,0.4634146341463415,0.3170731707317073,0.45121951219512196
3,125,1,0.19588266346596356,0.4878048780487805,0.7682926829268293,0.7195121951219512,0.3902439024390244,0.8658536585365854,0.3170731707317073,0.32926829268292684,0.4146341463414634,0.6463414634146342,0.34146341463414637,0.3048780487804878,0.524390243902439,0.8170731707317073,0.2926829268292683,0.45121951219512196,0.7682926829268293,0.3048780487804878,0.7439024390243902,0.3902439024390244,0.3170731707317073,0.6951219512195121,0.2073170731707317,0.7439024390243902,0.34146341463414637,0.6707317073170732,0.573170731707317,0.6097560975609756,0.24390243902439024,0.4268292682926829,0.2926829268292683
3,125,2,0.13243550580003088,0.5853658536585366,0.573170731707317,0.7073170731707317,0.4146341463414634,0.43902439024390244,0.36585365853658536,0.35365853658536583,0.4634146341463415,0.5,0.3902439024390244,0.5975609756097561,0.2926829268292683,0.7804878048780488,0.524390243902439,0.45121951219512196,0.7804878048780488,0.5365853658536586,0.4878048780487805,0.35365853658536583,0.36585365853658536,0.6463414634146342,0.5,0.3048780487804878,0.4878048780487805,0.7682926829268293,0.3780487804878049,0.5365853658536586,0.43902439024390244,0.4634146341463415,0.5121951219512195
3,125,3,0.15035156104802383,0.8780487804878049,0.32926829268292684,0.5609756097560976,0.36585365853658536,0.3780487804878049,0.3902439024390244,0.4878048780487805,0.4878048780487805,0.7073170731707317,0.4268292682926829,0.5,0.573170731707317,0.25609756097560976,0.6463414634146342,0.4268292682926829,0.2926829268292683,0.3048780487804878,0.35365853658536583,0.5609756097560976,0.5487804878048781,0.4268292682926829,0.7560975609756098,0.5365853658536586,0.573170731707317,0.6951219512195121,0.4268292682926829,0.34146341463414637,0.7439024390243902,0.5487804878048781,0.47560975609756095
3,125,4,0.18360308602660513,0.7682926829268293,0.43902439024390244,0.2804878048780488,0.2804878048780488,0.4146341463414634,0.3170731707317073,0.524390243902439,0.5609756097560976,0.6951219512195121,0.47560975609756095,0.5975609756097561,0.5975609756097561,0.14634146341463414,0.8414634146341463,0.36585365853658536,0.32926829268292684,0.6585365853658537,0.8414634146341463,0.5975609756097561,0.47560975609756095,0.34146341463414637,0.7195121951219512,0.5487804878048781,0.6097560975609756,0.2804878048780488,0.24390243902439024,0.34146341463414637,0.6585365853658537,0.3780487804878049,0.6707317073170732
3,125,5,0.12940627702324203,0.7195121951219512,0.36585365853658536,0.5853658536585366,0.5,0.6463414634146342,0.6463414634146342,0.4024390243902439,0.3780487804878049,0.7073170731707317,0.43902439024390244,0.7195121951219512,0.5121951219512195,0.32926829268292684,0.5365853658536586,0.524390243902439,0.2073170731707317,0.5365853658536586,0.4634146341463415,0.4268292682926829,0.4634146341463415,0.4268292682926829,0.7317073170731707,0.3780487804878049,0.45121951219512196,0.34146341463414637,0.47560975609756095,0.45121951219512196,0.5609756097560976,0.4146341463414634,0.6585365853658537
3,125,6,0.13473632272226307,0.32926829268292684,0.5121951219512195,0.5853658536585366,0.4024390243902439,0.8414634146341463,0.6341463414634146,0.34146341463414637,0.47560975609756095,0.4268292682926829,0.34146341463414637,0.6585365853658537,0.3902439024390244,0.5121951219512195,0.45121951219512196,0.5853658536585366,0.3780487804878049,0.5609756097560976,0.35365853658536583,0.21951219512195122,0.3902439024390244,0.6951219512195121,0.5853658536585366,0.6951219512195121,0.5487804878048781,0.573170731707317,0.5365853658536586,0.47560975609756095,0.47560975609756095,0.3780487804878049,0.6463414634146342
3,125,7,0.12774838942776562,0.34146341463414637,0.4878048780487805,0.6341463414634146,0.3780487804878049,0.6707317073170732,0.5365853658536586,0.47560975609756095,0.25609756097560976,0.3170731707317073,0.4268292682926829,0.47560975609756095,0.3780487804878049,0.6707317073170732,0.43902439024390244,0.5609756097560976,0.5121951219512195,0.43902439024390244,0.7073170731707317,0.3048780487804878,0.43902439024390244,0.6707317073170732,0.4878048780487805,0.6219512195121951,0.4634146341463415,0.573170731707317,0.6951219512195121,0.4878048780487805,0.43902439024390244,0.3780487804878049,0.7317073170731707
3,125,8,0.15290173676739005,0.3902439024390244,0.3170731707317073,0.4268292682926829,0.4634146341463415,0.43902439024390244,0.4146341463414634,0.3780487804878049,0.4146341463414634,0.7439024390243902,0.5,0.8170731707317073,0.32926829268292684,0.6707317073170732,0.3902439024390244,0.3780487804878049,0.3048780487804878,0.5487804878048781,0.7317073170731707,0.6341463414634146,0.2804878048780488,0.8170731707317073,0.6585365853658537,0.5365853658536586,0.5487804878048781,0.7073170731707317,0.3780487804878049,0.45121951219512196,0.4268292682926829,0.3780487804878049,0.524390243902439
3,125,9,0.1437783673481902,0.6097560975609756,0.2926829268292683,0.524390243902439,0.5975609756097561,0.2804878048780488,0.5,0.5,0.5365853658536586,0.8902439024390244,0.4146341463414634,0.6585365853658537,0.3048780487804878,0.45121951219512196,0.47560975609756095,0.4024390243902439,0.3902439024390244,0.5609756097560976,0.8414634146341463,0.6707317073170732,0.4268292682926829,0.4146341463414634,0.3170731707317073,0.47560975609756095,0.4878048780487805,0.36585365853658536,0.4024390243902439,0.5853658536585366,0.4268292682926829,0.6341463414634146,0.5609756097560976
4,125,0,0.18808447142661794,0.2804878048780488,0.6829268292682927,0.6097560975609756,0.24390243902439024,0.43902439024390244,0.2926829268292683,0.3170731707317073,0.32926829268292684,0.36585365853658536,0.9024390243902439,0.7682926829268293,0.7439024390243902,0.5853658536585366,0.5121951219512195,0.34146341463414637,0.32926829268292684,0.6829268292682927,0.43902439024390244,0.6829268292682927,0.47560975609756095,0.4146341463414634,0.3902439024390244,0.4024390243902439,0.6951219512195121,0.4268292682926829,0.32926829268292684,0.573170731707317,0.9390243902439024,0.2804878048780488,0.524390243902439
4,125,1,0.17061552376682504,0.34146341463414637,0.7317073170731707,0.6951219512195121,0.5,0.13414634146341464,0.4024390243902439,0.36585365853658536,0.3170731707317073,0.4634146341463415,0.8414634146341463,0.5487804878048781,0.7560975609756098,0.5365853658536586,0.4268292682926829,0.25609756097560976,0.4878048780487805,0.6829268292682927,0.36585365853658536,0.5609756097560976,0.6463414634146342,0.3780487804878049,0.3902439024390244,0.4146341463414634,0.5,0.4024390243902439,0.3902439024390244,0.5853658536585366,0.9024390243902439,0.4268292682926829,0.5487804878048781
4,125,2,0.1622149874746839,0.5,0.6585365853658537,0.6951219512195121,0.8902439024390244,0.2073170731707317,0.45121951219512196,0.3902439024390244,0.6097560975609756,0.36585365853658536,0.7073170731707317,0.5365853658536586,0.7195121951219512,0.5853658536585366,0.3780487804878049,0.23170731707317074,0.2804878048780488,0.5487804878048781,0.6097560975609756,0.6463414634146342,0.6829268292682927,0.5,0.3780487804878049,0.32926829268292684,0.34146341463414637,0.2804878048780488,0.4268292682926829,0.5853658536585366,0.5487804878048781,0.5,0.4146341463414634
4,125,3,0.1453557589117822,0.4878048780487805,0.6951219512195121,0.2073170731707317,0.975609756097561,0.5609756097560976,0.4878048780487805,0.4878048780487805,0.6585365853658537,0.573170731707317,0.4146341463414634,0.47560975609756095,0.5487804878048781,0.36585365853658536,0.573170731707317,0.3902439024390244,0.5853658536585366,0.32926829268292684,0.5121951219512195,0.6707317073170732,0.4878048780487805,0.5365853658536586,0.3048780487804878,0.5121951219512195,0.3780487804878049,0.3170731707317073,0.3780487804878049,0.5853658536585366,0.4146341463414634,0.6341463414634146,0.45121951219512196
4,125,4,0.14661221565983545,0.5853658536585366,0.4268292682926829,0.23170731707317074,0.7926829268292683,0.5975609756097561,0.7195121951219512,0.45121951219512196,0.6829268292682927,0.573170731707317,0.4634146341463415,0.32926829268292684,0.4146341463414634,0.2804878048780488,0.5853658536585366,0.43902439024390244,0.5,0.35365853658536583,0.573170731707317,0.45121951219512196,0.4268292682926829,0.6097560975609756,0.7804878048780488,0.3902439024390244,0.4878048780487805,0.4024390243902439,0.5609756097560976,0.23170731707317074,0.4146341463414634,0.7195121951219512,0.524390243902439
4,125,5,0.149159852208982,0.524390243902439,0.3780487804878049,0.35365853658536583,0.6463414634146342,0.35365853658536583,0.4878048780487805,0.573170731707317,0.7926829268292683,0.6585365853658537,0.17073170731707318,0.4634146341463415,0.34146341463414637,0.35365853658536583,0.4878048780487805,0.6341463414634146,0.5975609756097561,0.47560975609756095,0.573170731707317,0.47560975609756095,0.6219512195121951,0.5853658536585366,0.8536585365853658,0.6585365853658537,0.2804878048780488,0.4268292682926829,0.3780487804878049,0.4878048780487805,0.34146341463414637,0.5975609756097561,0.4268292682926829
4,125,6,0.1410282063528812,0.4268292682926829,0.5853658536585366,0.6951219512195121,0.5975609756097561,0.3048780487804878,0.3170731707317073,0.6219512195121951,0.5365853658536586,0.45121951219512196,0.35365853658536583,0.47560975609756095,0.3780487804878049,0.35365853658536583,0.4024390243902439,0.524390243902439,0.43902439024390244,0.5609756097560976,0.6585365853658537,0.5365853658536586,0.6341463414634146,0.4878048780487805,0.6463414634146342,0.3780487804878049,0.47560975609756095,0.8658536585365854,0.524390243902439,0.6829268292682927,0.17073170731707318,0.524390243902439,0.3902439024390244
4,125,7,0.1695078083306737,0.3048780487804878,0.5487804878048781,0.6097560975609756,0.43902439024390244,0.9390243902439024,0.32926829268292684,0.3780487804878049,0.2926829268292683,0.4146341463414634,0.47560975609756095,0.6219512195121951,0.35365853658536583,0.6463414634146342,0.3048780487804878,0.5609756097560976,0.3170731707317073,0.573170731707317,0.34146341463414637,0.6219512195121951,0.6585365853658537,0.3048780487804878,0.7439024390243902,0.4146341463414634,0.5609756097560976,0.8170731707317073,0.6219512195121951,0.6585365853658537,0.45121951219512196,0.25609756097560976,0.43902439024390244
4,125,8,0.19343785423315465,0.3048780487804878,0.7317073170731707,0.2682926829268293,0.3170731707317073,0.9024390243902439,0.4024390243902439,0.34146341463414637,0.3780487804878049,0.7926829268292683,0.5365853658536586,0.4878048780487805,0.43902439024390244,0.7560975609756098,0.43902439024390244,0.5853658536585366,0.3048780487804878,0.3902439024390244,0.34146341463414637,0.6341463414634146,0.7317073170731707,0.3902439024390244,0.23170731707317074,0.4634146341463415,0.6219512195121951,0.8780487804878049,0.8048780487804879,0.43902439024390244,0.47560975609756095,0.2804878048780488,0.32926829268292684
4,125,9,0.14919308376831356,0.2804878048780488,0.6219512195121951,0.573170731707317,0.2804878048780488,0.7682926829268293,0.47560975609756095,0.4146341463414634,0.524390243902439,0.8780487804878049,0.4146341463414634,0.5853658536585366,0.45121951219512196,0.7195121951219512,0.2073170731707317,0.47560975609756095,0.47560975609756095,0.2804878048780488,0.32926829268292684,0.5365853658536586,0.6219512195121951,0.4146341463414634,0.47560975609756095,0.45121951219512196,0.6097560975609756,0.4146341463414634,0.7195121951219512,0.4878048780487805,0.5365853658536586,0.45121951219512196,0.524390243902439
0,150,0,0.2008804731805827,0.6951219512195121,0.25609756097560976,0.3170731707317073,0.24390243902439024,0.6219512195121951,0.45121951219512196,0.6097560975609756,0.7073170731707317,0.9146341463414634,0.24390243902439024,0.7926829268292683,0.7195121951219512,0.36585365853658536,0.5487804878048781,0.32926829268292684,0.3048780487804878,0.7073170731707317,0.6097560975609756,0.3780487804878049,0.8292682926829268,0.7560975609756098,0.524390243902439,0.35365853658536583,0.2926829268292683,0.4146341463414634,0.25609756097560976,0.6951219512195121,0.35365853658536583,0.3048780487804878,0.4024390243902439
0,150,1,0.17837146391561948,0.7317073170731707,0.3048780487804878,0.4268292682926829,0.34146341463414637,0.5853658536585366,0.4634146341463415,0.5975609756097561,0.5,0.6829268292682927,0.3902439024390244,0.9634146341463414,0.573170731707317,0.2682926829268293,0.8536585365853658,0.36585365853658536,0.5365853658536586,0.5975609756097561,0.6097560975609756,0.5609756097560976,0.6951219512195121,0.6707317073170732,0.2804878048780488,0.3780487804878049,0.34146341463414637,0.35365853658536583,0.3048780487804878,0.6341463414634146,0.3780487804878049,0.2804878048780488,0.32926829268292684
0,150,2,0.16273368620972217,0.5487804878048781,0.3780487804878049,0.2926829268292683,0.45121951219512196,0.7073170731707317,0.4634146341463415,0.6829268292682927,0.573170731707317,0.5975609756097561,0.23170731707317074,0.573170731707317,0.7682926829268293,0.3048780487804878,0.8170731707317073,0.4878048780487805,0.6951219512195121,0.32926829268292684,0.6585365853658537,0.6585365853658537,0.4634146341463415,0.6097560975609756,0.21951219512195122,0.6585365853658537,0.5365853658536586,0.32926829268292684,0.35365853658536583,0.5,0.4634146341463415,0.3048780487804878,0.34146341463414637
0,150,3,0.1608030610091202,0.36585365853658536,0.5487804878048781,0.4634146341463415,0.5853658536585366,0.5609756097560976,0.2926829268292683,0.6585365853658537,0.43902439024390244,0.5365853658536586,0.35365853658536583,0.2804878048780488,0.6585365853658537,0.5365853658536586,0.7195121951219512,0.7073170731707317,0.8048780487804879,0.3048780487804878,0.5365853658536586,0.7317073170731707,0.3170731707317073,0.3780487804878049,0.14634146341463414,0.6341463414634146,0.5609756097560976,0.524390243902439,0.7317073170731707,0.43902439024390244,0.47560975609756095,0.35365853658536583,0.35365853658536583
0,150,4,0.16853993854982016,0.45121951219512196,0.4024390243902439,0.6463414634146342,0.8170731707317073,0.45121951219512196,0.4634146341463415,0.3902439024390244,0.18292682926829268,0.5,0.3048780487804878,0.4878048780487805,0.7195121951219512,0.6707317073170732,0.5487804878048781,0.6341463414634146,0.8048780487804879,0.23170731707317074,0.5853658536585366,0.43902439024390244,0.2682926829268293,0.5,0.3170731707317073,0.5853658536585366,0.6951219512195121,0.47560975609756095,0.7804878048780488,0.2804878048780488,0.5609756097560976,0.34146341463414637,0.4634146341463415
0,150,5,0.15928528650981166,0.6219512195121951,0.7317073170731707,0.5975609756097561,0.7560975609756098,0.5121951219512195,0.45121951219512196,0.5365853658536586,0.36585365853658536,0.43902439024390244,0.25609756097560976,0.4634146341463415,0.17073170731707318,0.6951219512195121,0.5365853658536586,0.4878048780487805,0.7439024390243902,0.2682926829268293,0.1951219512195122,0.524390243902439,0.5365853658536586,0.5121951219512195,0.8170731707317073,0.524390243902439,0.4878048780487805,0.2682926829268293,0.5853658536585366,0.5,0.3902439024390244,0.5,0.524390243902439
0,150,6,0.1295594205999346,0.6463414634146342,0.45121951219512196,0.32926829268292684,0.4024390243902439,0.3780487804878049,0.5853658536585366,0.36585365853658536,0.2926829268292683,0.6585365853658537,0.4634146341463415,0.6463414634146342,0.5121951219512195,0.45121951219512196,0.2804878048780488,0.4878048780487805,0.5365853658536586,0.5,0.32926829268292684,0.6097560975609756,0.573170731707317,0.3048780487804878,0.7317073170731707,0.5487804878048781,0.6829268292682927,0.3780487804878049,0.6341463414634146,0.43902439024390244,0.6463414634146342,0.6585365853658537,0.47560975609756095
0,150,7,0.15383909897032286,0.7926829268292683,0.43902439024390244,0.32926829268292684,0.5853658536585366,0.2804878048780488,0.6951219512195121,0.35365853658536583,0.573170731707317,0.5975609756097561,0.6097560975609756,0.43902439024390244,0.6463414634146342,0.35365853658536583,0.3048780487804878,0.6219512195121951,0.34146341463414637,0.6951219512195121,0.45121951219512196,0.4878048780487805,0.6951219512195121,0.4268292682926829,0.3902439024390244,0.34146341463414637,0.5975609756097561,0.3780487804878049,0.24390243902439024,0.32926829268292684,0.6951219512195121,0.6585365853658537,0.6463414634146342
0,150,8,0.14470631194333003,0.5975609756097561,0.4146341463414634,0.524390243902439,0.5365853658536586,0.4146341463414634,0.34146341463414637,0.4146341463414634,0.6707317073170732,0.8780487804878049,0.6219512195121951,0.34146341463414637,0.7195121951219512,0.4634146341463415,0.3170731707317073,0.3902439024390244,0.6951219512195121,0.7804878048780488,0.47560975609756095,0.34146341463414637,0.5487804878048781,0.3170731707317073,0.573170731707317,0.35365853658536583,0.4268292682926829,0.3902439024390244,0.35365853658536583,0.47560975609756095,0.5609756097560976,0.6097560975609756,0.45121951219512196
0,150,9,0.11453031104267217,0.5487804878048781,0.3048780487804878,0.5609756097560976,0.47560975609756095,0.43902439024390244,0.5121951219512195,0.3048780487804878,0.6341463414634146,0.4146341463414634,0.6707317073170732,0.2926829268292683,0.6341463414634146,0.6707317073170732,0.43902439024390244,0.524390243902439,0.6341463414634146,0.45121951219512196,0.5975609756097561,0.5975609756097561,0.45121951219512196,0.4146341463414634,0.4878048780487805,0.573170731707317,0.5121951219512195,0.43902439024390244,0.3048780487804878,0.7195121951219512,0.5365853658536586,0.4024390243902439,0.45121951219512196
1,150,0,0.19124709441025467,0.6219512195121951,0.3780487804878049,0.3170731707317073,0.5121951219512195,0.25609756097560976,0.6097560975609756,0.7073170731707317,0.3902439024390244,0.8658536585365854,0.35365853658536583,0.34146341463414637,0.6341463414634146,0.32926829268292684,0.8414634146341463,0.32926829268292684,0.36585365853658536,0.32926829268292684,0.3170731707317073,0.7682926829268293,0.32926829268292684,0.4268292682926829,0.9024390243902439,0.6829268292682927,0.2804878048780488,0.5975609756097561,0.4146341463414634,0.35365853658536583,0.4146341463414634,0.6219512195121951,0.7073170731707317
1,150,1,0.18292682926829268,0.7439024390243902,0.24390243902439024,0.5487804878048781,0.5487804878048781,0.4024390243902439,0.6707317073170732,0.5,0.4024390243902439,0.8170731707317073,0.3170731707317073,0.4146341463414634,0.5853658536585366,0.25609756097560976,0.926829268292683,0.2804878048780488,0.4146341463414634,0.3780487804878049,0.45121951219512196,0.6341463414634146,0.25609756097560976,0.5,0.7195121951219512,0.6829268292682927,0.32926829268292684,0.5609756097560976,0.4146341463414634,0.2926829268292683,0.3902439024390244,0.4878048780487805,0.8292682926829268
1,150,2,0.19204897253687342,0.5365853658536586,0.34146341463414637,0.8536585365853658,0.6585365853658537,0.2926829268292683,0.3170731707317073,0.45121951219512196,0.32926829268292684,0.7073170731707317,0.35365853658536583,0.45121951219512196,0.45121951219512196,0.2804878048780488,0.5121951219512195,0.7682926829268293,0.2073170731707317,0.3902439024390244,0.4878048780487805,0.6097560975609756,0.8536585365853658,0.17073170731707318,0.7439024390243902,0.5487804878048781,0.2926829268292683,0.47560975609756095,0.5975609756097561,0.4634146341463415,0.8170731707317073,0.32926829268292684,0.7073170731707317
1,150,3,0.19049389453430865,0.4146341463414634,0.524390243902439,0.8536585365853658,0.5853658536585366,0.23170731707317074,0.4268292682926829,0.4146341463414634,0.7560975609756098,0.524390243902439,0.34146341463414637,0.45121951219512196,0.2926829268292683,0.6463414634146342,0.32926829268292684,0.7317073170731707,0.25609756097560976,0.35365853658536583,0.4268292682926829,0.2804878048780488,0.9024390243902439,0.32926829268292684,0.7560975609756098,0.5487804878048781,0.32926829268292684,0.47560975609756095,0.5609756097560976,0.4024390243902439,0.9146341463414634,0.3902439024390244,0.5487804878048781
1,150,4,0.19907081397034718,0.32926829268292684,0.6585365853658537,0.7804878048780488,0.5853658536585366,0.35365853658536583,0.3780487804878049,0.3780487804878049,0.7926829268292683,0.4878048780487805,0.3780487804878049,0.573170731707317,0.3048780487804878,0.8170731707317073,0.3902439024390244,0.6951219512195121,0.1951219512195122,0.43902439024390244,0.35365853658536583,0.2682926829268293,0.975609756097561,0.2804878048780488,0.6463414634146342,0.3902439024390244,0.2926829268292683,0.45121951219512196,0.5609756097560976,0.4146341463414634,0.8902439024390244,0.3902439024390244,0.5487804878048781
1,150,5,0.16473197936280262,0.6463414634146342,0.6707317073170732,0.5975609756097561,0.3170731707317073,0.6585365853658537,0.4634146341463415,0.32926829268292684,0.6463414634146342,0.6463414634146342,0.4268292682926829,0.5487804878048781,0.43902439024390244,0.7073170731707317,0.43902439024390244,0.3780487804878049,0.5487804878048781,0.23170731707317074,0.5365853658536586,0.23170731707317074,0.6951219512195121,0.43902439024390244,0.4634146341463415,0.4268292682926829,0.36585365853658536,0.6463414634146342,0.17073170731707318,0.43902439024390244,0.9024390243902439,0.6341463414634146,0.35365853658536583
1,150,6,0.1451168271282294,0.43902439024390244,0.6951219512195121,0.5975609756097561,0.35365853658536583,0.6951219512195121,0.6097560975609756,0.35365853658536583,0.5609756097560976,0.2804878048780488,0.5121951219512195,0.573170731707317,0.32926829268292684,0.7195121951219512,0.32926829268292684,0.4878048780487805,0.5365853658536586,0.43902439024390244,0.43902439024390244,0.4268292682926829,0.32926829268292684,0.5487804878048781,0.3902439024390244,0.3780487804878049,0.4878048780487805,0.6829268292682927,0.4268292682926829,0.3902439024390244,0.8902439024390244,0.6951219512195121,0.4024390243902439
1,150,7,0.14042935776082713,0.4268292682926829,0.6097560975609756,0.4268292682926829,0.9390243902439024,0.4878048780487805,0.573170731707317,0.4024390243902439,0.5,0.5975609756097561,0.35365853658536583,0.5,0.7560975609756098,0.32926829268292684,0.5,0.4878048780487805,0.5,0.4634146341463415,0.5365853658536586,0.3780487804878049,0.5975609756097561,0.45121951219512196,0.4024390243902439,0.34146341463414637,0.6463414634146342,0.5487804878048781,0.34146341463414637,0.47560975609756095,0.3048780487804878,0.36585365853658536,0.7560975609756098
1,150,8,0.13865304849311702,0.4146341463414634,0.4146341463414634,0.6463414634146342,0.8780487804878049,0.6097560975609756,0.7195121951219512,0.6097560975609756,0.4268292682926829,0.7073170731707317,0.47560975609756095,0.4146341463414634,0.6219512195121951,0.1951219512195122,0.5853658536585366,0.47560975609756095,0.2804878048780488,0.5365853658536586,0.43902439024390244,0.47560975609756095,0.5121951219512195,0.5,0.6463414634146342,0.4268292682926829,0.4634146341463415,0.36585365853658536,0.34146341463414637,0.4146341463414634,0.43902439024390244,0.3902439024390244,0.573170731707317
1,150,9,0.15953407273953168,0.7317073170731707,0.4024390243902439,0.6341463414634146,0.8292682926829268,0.4878048780487805,0.7195121951219512,0.6097560975609756,0.1951219512195122,0.5609756097560976,0.36585365853658536,0.4878048780487805,0.6829268292682927,0.4024390243902439,0.5365853658536586,0.25609756097560976,0.3170731707317073,0.3780487804878049,0.3780487804878049,0.6585365853658537,0.34146341463414637,0.36585365853658536,0.7804878048780488,0.6097560975609756,0.32926829268292684,0.4024390243902439,0.6097560975609756,0.5609756097560976,0.4878048780487805,0.5121951219512195,0.36585365853658536
2,150,0,0.21349011441053006,0.2682926829268293,0.45121951219512196,0.5609756097560976,0.3170731707317073,0.7195121951219512,0.47560975609756095,0.3902439024390244,0.9024390243902439,0.6829268292682927,0.45121951219512196,0.34146341463414637,0.7317073170731707,0.35365853658536583,0.2682926829268293,0.32926829268292684,0.2804878048780488,0.5,0.7560975609756098,0.7073170731707317,0.8658536585365854,0.7926829268292683,0.3048780487804878,0.2682926829268293,0.2804878048780488,0.2073170731707317,0.7073170731707317,0.25609756097560976,0.7682926829268293,0.6951219512195121,0.36585365853658536
2,150,1,0.1972445523820071,0.2804878048780488,0.5609756097560976,0.47560975609756095,0.3048780487804878,0.8292682926829268,0.6829268292682927,0.34146341463414637,0.5365853658536586,0.524390243902439,0.4024390243902439,0.2926829268292683,0.6097560975609756,0.2682926829268293,0.36585365853658536,0.4634146341463415,0.4146341463414634,0.2804878048780488,0.8658536585365854,0.8048780487804879,0.9390243902439024,0.45121951219512196,0.36585365853658536,0.47560975609756095,0.3170731707317073,0.5975609756097561,0.7926829268292683,0.2926829268292683,0.7073170731707317,0.5,0.25609756097560976
2,150,2,0.1704120119509547,0.8170731707317073,0.5121951219512195,0.4024390243902439,0.35365853658536583,0.6707317073170732,0.524390243902439,0.47560975609756095,0.5853658536585366,0.6585365853658537,0.36585365853658536,0.2682926829268293,0.43902439024390244,0.2926829268292683,0.34146341463414637,0.3902439024390244,0.2682926829268293,0.32926829268292684,0.7560975609756098,0.4024390243902439,0.8048780487804879,0.36585365853658536,0.4634146341463415,0.6219512195121951,0.6341463414634146,0.8048780487804879,0.6585365853658537,0.5365853658536586,0.6463414634146342,0.32926829268292684,0.2804878048780488
2,150,3,0.15400013648847577,0.7439024390243902,0.2682926829268293,0.47560975609756095,0.524390243902439,0.36585365853658536,0.573170731707317,0.573170731707317,0.6585365853658537,0.5487804878048781,0.5,0.3902439024390244,0.43902439024390244,0.3780487804878049,0.4024390243902439,0.4024390243902439,0.4268292682926829,0.34146341463414637,0.4268292682926829,0.2804878048780488,0.3048780487804878,0.4024390243902439,0.4878048780487805,0.7317073170731707,0.45121951219512196,0.7560975609756098,0.9024390243902439,0.5975609756097561,0.7317073170731707,0.3902439024390244,0.524390243902439
2,150,4,0.12105360716662168,0.7195121951219512,0.45121951219512196,0.47560975609756095,0.5487804878048781,0.3048780487804878,0.6219512195121951,0.6707317073170732,0.5,0.524390243902439,0.36585365853658536,0.43902439024390244,0.3170731707317073,0.4024390243902439,0.4268292682926829,0.4024390243902439,0.524390243902439,0.43902439024390244,0.36585365853658536,0.3902439024390244,0.573170731707317,0.4268292682926829,0.6341463414634146,0.6463414634146342,0.45121951219512196,0.524390243902439,0.7317073170731707,0.5853658536585366,0.6585365853658537,0.2926829268292683,0.5853658536585366
2,150,5,0.15448224182045744,0.5,0.4878048780487805,0.4268292682926829,0.43902439024390244,0.573170731707317,0.5975609756097561,0.524390243902439,0.34146341463414637,0.24390243902439024,0.6829268292682927,0.7439024390243902,0.8048780487804879,0.5,0.4268292682926829,0.4146341463414634,0.524390243902439,0.6341463414634146,0.5975609756097561,0.5487804878048781,0.6829268292682927,0.5853658536585366,0.4268292682926829,0.23170731707317074,0.47560975609756095,0.2682926829268293,0.7317073170731707,0.3780487804878049,0.23170731707317074,0.3170731707317073,0.6585365853658537
2,150,6,0.1387245375664378,0.2926829268292683,0.3048780487804878,0.4268292682926829,0.6463414634146342,0.4878048780487805,0.4146341463414634,0.7073170731707317,0.36585365853658536,0.2804878048780488,0.5,0.7804878048780488,0.7560975609756098,0.7682926829268293,0.5,0.4268292682926829,0.6463414634146342,0.5121951219512195,0.5121951219512195,0.5121951219512195,0.5487804878048781,0.5,0.6585365853658537,0.4268292682926829,0.43902439024390244,0.5,0.5121951219512195,0.4146341463414634,0.25609756097560976,0.4268292682926829,0.47560975609756095
2,150,7,0.1774519454407584,0.24390243902439024,0.4146341463414634,0.5,0.4634146341463415,0.6341463414634146,0.25609756097560976,0.2804878048780488,0.3170731707317073,0.1951219512195122,0.4878048780487805,0.8658536585365854,0.7073170731707317,0.7560975609756098,0.1951219512195122,0.6341463414634146,0.6707317073170732,0.45121951219512196,0.5121951219512195,0.6829268292682927,0.5975609756097561,0.5853658536585366,0.2926829268292683,0.5365853658536586,0.45121951219512196,0.573170731707317,0.36585365853658536,0.4634146341463415,0.8048780487804879,0.43902439024390244,0.6219512195121951
2,150,8,0.14151947305308296,0.3170731707317073,0.36585365853658536,0.4878048780487805,0.45121951219512196,0.7439024390243902,0.3170731707317073,0.5609756097560976,0.47560975609756095,0.2804878048780488,0.4634146341463415,0.7317073170731707,0.5,0.6585365853658537,0.6097560975609756,0.6951219512195121,0.6951219512195121,0.24390243902439024,0.34146341463414637,0.4146341463414634,0.4634146341463415,0.5,0.36585365853658536,0.3902439024390244,0.47560975609756095,0.573170731707317,0.573170731707317,0.6951219512195121,0.7195121951219512,0.45121951219512196,0.43902439024390244
2,150,9,0.11714090181676666,0.43902439024390244,0.4878048780487805,0.5609756097560976,0.34146341463414637,0.2804878048780488,0.34146341463414637,0.47560975609756095,0.5121951219512195,0.5365853658536586,0.43902439024390244,0.6585365853658537,0.5609756097560976,0.6951219512195121,0.5975609756097561,0.7073170731707317,0.3780487804878049,0.6951219512195121,0.36585365853658536,0.45121951219512196,0.36585365853658536,0.45121951219512196,0.5853658536585366,0.3780487804878049,0.45121951219512196,0.4024390243902439,0.4634146341463415,0.5365853658536586,0.6951219512195121,0.5975609756097561,0.5487804878048781
3,150,0,0.19433275358417013,0.5975609756097561,0.4146341463414634,0.3170731707317073,0.5365853658536586,0.7439024390243902,0.8536585365853658,0.3780487804878049,0.36585365853658536,0.3780487804878049,0.5853658536585366,0.2682926829268293,0.3780487804878049,0.7560975609756098,0.35365853658536583,0.34146341463414637,0.35365853658536583,0.2804878048780488,0.35365853658536583,0.6463414634146342,0.34146341463414637,0.7439024390243902,0.6585365853658537,0.7682926829268293,0.7317073170731707,0.24390243902439024,0.9512195121951219,0.4268292682926829,0.32926829268292684,0.5,0.4024390243902439
3,150,1,0.196261913895501,0.4146341463414634,0.4634146341463415,0.45121951219512196,0.45121951219512196,0.8170731707317073,0.36585365853658536,0.21951219512195122,0.34146341463414637,0.2682926829268293,0.8536585365853658,0.36585365853658536,0.4268292682926829,0.7804878048780488,0.36585365853658536,0.3170731707317073,0.3780487804878049,0.3902439024390244,0.34146341463414637,0.7439024390243902,0.47560975609756095,0.45121951219512196,0.7560975609756098,0.9146341463414634,0.7804878048780488,0.5609756097560976,0.47560975609756095,0.6707317073170732,0.24390243902439024,0.6219512195121951,0.2926829268292683
3,150,2,0.15875532127308464,0.4634146341463415,0.3048780487804878,0.7317073170731707,0.32926829268292684,0.5,0.43902439024390244,0.8536585365853658,0.5609756097560976,0.6097560975609756,0.7439024390243902,0.34146341463414637,0.7195121951219512,0.7195121951219512,0.23170731707317074,0.2926829268292683,0.3902439024390244,0.4268292682926829,0.3902439024390244,0.6829268292682927,0.5,0.524390243902439,0.45121951219512196,0.4878048780487805,0.6829268292682927,0.4878048780487805,0.32926829268292684,0.5365853658536586,0.25609756097560976,0.5487804878048781,0.4634146341463415
3,150,3,0.14032341330382953,0.4146341463414634,0.35365853658536583,0.5975609756097561,0.3902439024390244,0.4146341463414634,0.6219512195121951,0.7926829268292683,0.4146341463414634,0.7317073170731707,0.6463414634146342,0.43902439024390244,0.7439024390243902,0.8048780487804879,0.47560975609756095,0.6463414634146342,0.4146341463414634,0.3902439024390244,0.4146341463414634,0.32926829268292684,0.3902439024390244,0.4268292682926829,0.47560975609756095,0.3170731707317073,0.6341463414634146,0.45121951219512196,0.573170731707317,0.3170731707317073,0.43902439024390244,0.4634146341463415,0.47560975609756095
3,150,4,0.1602162429259999,0.5853658536585366,0.3170731707317073,0.5609756097560976,0.4878048780487805,0.3780487804878049,0.6463414634146342,0.8780487804878049,0.2073170731707317,0.8170731707317073,0.4634146341463415,0.4146341463414634,0.524390243902439,0.6585365853658537,0.4024390243902439,0.6707317073170732,0.35365853658536583,0.4024390243902439,0.5487804878048781,0.2926829268292683,0.573170731707317,0.4878048780487805,0.36585365853658536,0.5121951219512195,0.5365853658536586,0.4024390243902439,0.7195121951219512,0.25609756097560976,0.573170731707317,0.3048780487804878,0.6585365853658537
3,150,5,0.12929130029949823,0.5487804878048781,0.4268292682926829,0.35365853658536583,0.24390243902439024,0.5975609756097561,0.8292682926829268,0.6463414634146342,0.35365853658536583,0.7682926829268293,0.4878048780487805,0.3780487804878049,0.45121951219512196,0.5975609756097561,0.4878048780487805,0.6585365853658537,0.4634146341463415,0.35365853658536583,0.5121951219512195,0.5975609756097561,0.573170731707317,0.47560975609756095,0.43902439024390244,0.4024390243902439,0.3902439024390244,0.2926829268292683,0.5853658536585366,0.573170731707317,0.4634146341463415,0.524390243902439,0.524390243902439
3,150,6,0.12809716468771326,0.32926829268292684,0.6341463414634146,0.6707317073170732,0.5,0.524390243902439,0.5487804878048781,0.7439024390243902,0.5121951219512195,0.4146341463414634,0.35365853658536583,0.6097560975609756,0.3170731707317073,0.3170731707317073,0.3780487804878049,0.6341463414634146,0.4268292682926829,0.36585365853658536,0.4878048780487805,0.5487804878048781,0.36585365853658536,0.7439024390243902,0.4634146341463415,0.47560975609756095,0.32926829268292684,0.4878048780487805,0.7195121951219512,0.573170731707317,0.6097560975609756,0.524390243902439,0.3902439024390244
3,150,7,0.16982920582543756,0.1951219512195122,0.8536585365853658,0.8780487804878049,0.2926829268292683,0.5121951219512195,0.1951219512195122,0.573170731707317,0.573170731707317,0.4146341463414634,0.4268292682926829,0.7073170731707317,0.4268292682926829,0.5365853658536586,0.2804878048780488,0.4024390243902439,0.47560975609756095,0.6829268292682927,0.4878048780487805,0.6585365853658537,0.5,0.7317073170731707,0.573170731707317,0.5609756097560976,0.45121951219512196,0.3902439024390244,0.5121951219512195,0.5,0.2926829268292683,0.6219512195121951,0.2926829268292683
3,150,8,0.16530276754297446,0.32926829268292684,0.4878048780487805,0.8536585365853658,0.3902439024390244,0.4878048780487805,0.21951219512195122,0.6951219512195121,0.6707317073170732,0.4268292682926829,0.32926829268292684,0.6829268292682927,0.3902439024390244,0.4268292682926829,0.524390243902439,0.2682926829268293,0.32926829268292684,0.8536585365853658,0.45121951219512196,0.4146341463414634,0.4634146341463415,0.6097560975609756,0.3902439024390244,0.4146341463414634,0.6219512195121951,0.5365853658536586,0.23170731707317074,0.573170731707317,0.6951219512195121,0.6951219512195121,0.5365853658536586
3,150,9,0.13359086768418685,0.6341463414634146,0.5,0.6951219512195121,0.35365853658536583,0.4634146341463415,0.5,0.5487804878048781,0.6707317073170732,0.43902439024390244,0.7317073170731707,0.43902439024390244,0.4634146341463415,0.34146341463414637,0.34146341463414637,0.3170731707317073,0.36585365853658536,0.7926829268292683,0.5121951219512195,0.5,0.5853658536585366,0.6097560975609756,0.5121951219512195,0.3780487804878049,0.6829268292682927,0.36585365853658536,0.21951219512195122,0.4268292682926829,0.5121951219512195,0.5365853658536586,0.5609756097560976
4,150,0,0.21696809368744996,0.5853658536585366,0.7926829268292683,0.35365853658536583,0.4634146341463415,0.3902439024390244,0.23170731707317074,0.6463414634146342,0.2682926829268293,0.7195121951219512,0.35365853658536583,0.24390243902439024,0.7682926829268293,0.34146341463414637,0.8902439024390244,0.35365853658536583,0.25609756097560976,0.8292682926829268,0.7195121951219512,0.47560975609756095,0.2682926829268293,0.3902439024390244,0.7926829268292683,0.34146341463414637,0.4146341463414634,0.2804878048780488,0.8048780487804879,0.7195121951219512,0.35365853658536583,0.23170731707317074,0.7195121951219512
4,150,1,0.1967412482894852,0.4634146341463415,0.7682926829268293,0.32926829268292684,0.24390243902439024,0.25609756097560976,0.23170731707317074,0.7195121951219512,0.6097560975609756,0.6829268292682927,0.25609756097560976,0.3780487804878049,0.6219512195121951,0.5365853658536586,0.8536585365853658,0.3170731707317073,0.2682926829268293,0.7804878048780488,0.7073170731707317,0.3048780487804878,0.35365853658536583,0.5609756097560976,0.7317073170731707,0.35365853658536583,0.4146341463414634,0.6463414634146342,0.5609756097560976,0.8414634146341463,0.3170731707317073,0.35365853658536583,0.5365853658536586
4,150,2,0.17641527090601863,0.3170731707317073,0.6707317073170732,0.43902439024390244,0.2682926829268293,0.2926829268292683,0.6463414634146342,0.5487804878048781,0.47560975609756095,0.7560975609756098,0.8170731707317073,0.6463414634146342,0.4268292682926829,0.5853658536585366,0.2926829268292683,0.25609756097560976,0.43902439024390244,0.4146341463414634,0.6219512195121951,0.32926829268292684,0.5365853658536586,0.5975609756097561,0.6951219512195121,0.5,0.4024390243902439,0.7560975609756098,0.6341463414634146,0.7439024390243902,0.17073170731707318,0.21951219512195122,0.5
4,150,3,0.17814898616902583,0.2804878048780488,0.7682926829268293,0.5609756097560976,0.43902439024390244,0.34146341463414637,0.6951219512195121,0.3902439024390244,0.4878048780487805,0.9146341463414634,0.7804878048780488,0.7439024390243902,0.3780487804878049,0.36585365853658536,0.2804878048780488,0.36585365853658536,0.5121951219512195,0.2926829268292683,0.45121951219512196,0.5,0.5609756097560976,0.6707317073170732,0.4024390243902439,0.6463414634146342,0.4878048780487805,0.6951219512195121,0.5609756097560976,0.6219512195121951,0.2804878048780488,0.18292682926829268,0.34146341463414637
4,150,4,0.16138774539128634,0.23170731707317074,0.45121951219512196,0.7560975609756098,0.47560975609756095,0.35365853658536583,0.6951219512195121,0.3780487804878049,0.5609756097560976,0.573170731707317,0.7926829268292683,0.7804878048780488,0.47560975609756095,0.5,0.3780487804878049,0.4878048780487805,0.5609756097560976,0.3170731707317073,0.21951219512195122,0.5853658536585366,0.6829268292682927,0.6341463414634146,0.4878048780487805,0.7682926829268293,0.5853658536585366,0.36585365853658536,0.45121951219512196,0.2804878048780488,0.4268292682926829,0.2804878048780488,0.4634146341463415
4,150,5,0.16052536195336786,0.5975609756097561,0.3170731707317073,0.6951219512195121,0.43902439024390244,0.36585365853658536,0.5609756097560976,0.3170731707317073,0.3780487804878049,0.35365853658536583,0.5121951219512195,0.2804878048780488,0.47560975609756095,0.3902439024390244,0.6951219512195121,0.5121951219512195,0.4634146341463415,0.8048780487804879,0.5609756097560976,0.5121951219512195,0.5121951219512195,0.4634146341463415,0.5,0.5365853658536586,0.4024390243902439,0.524390243902439,0.23170731707317074,0.3048780487804878,0.5853658536585366,0.9512195121951219,0.7560975609756098
4,150,6,0.15784715634753693,0.36585365853658536,0.6707317073170732,0.43902439024390244,0.45121951219512196,0.5121951219512195,0.34146341463414637,0.4146341463414634,0.7317073170731707,0.3902439024390244,0.25609756097560976,0.45121951219512196,0.5609756097560976,0.47560975609756095,0.6219512195121951,0.5609756097560976,0.3170731707317073,0.7317073170731707,0.5,0.3170731707317073,0.5487804878048781,0.4024390243902439,0.4024390243902439,0.24390243902439024,0.5121951219512195,0.4634146341463415,0.36585365853658536,0.6097560975609756,0.6463414634146342,0.9146341463414634,0.7804878048780488
4,150,7,0.15734385604244286,0.32926829268292684,0.6585365853658537,0.3902439024390244,0.34146341463414637,0.6829268292682927,0.2926829268292683,0.36585365853658536,0.47560975609756095,0.5975609756097561,0.573170731707317,0.32926829268292684,0.4268292682926829,0.5121951219512195,0.6341463414634146,0.5,0.45121951219512196,0.5853658536585366,0.4268292682926829,0.32926829268292684,0.2926829268292683,0.32926829268292684,0.4634146341463415,0.3170731707317073,0.7560975609756098,0.6585365853658537,0.5609756097560976,0.6341463414634146,0.4878048780487805,0.9512195121951219,0.6463414634146342
4,150,8,0.1426707659330164,0.3902439024390244,0.6219512195121951,0.36585365853658536,0.5975609756097561,0.4634146341463415,0.4634146341463415,0.6219512195121951,0.3048780487804878,0.5,0.6341463414634146,0.4024390243902439,0.45121951219512196,0.3780487804878049,0.6829268292682927,0.43902439024390244,0.5365853658536586,0.32926829268292684,0.3048780487804878,0.47560975609756095,0.47560975609756095,0.35365853658536583,0.4634146341463415,0.35365853658536583,0.5121951219512195,0.5609756097560976,0.5609756097560976,0.5975609756097561,0.4146341463414634,0.9146341463414634,0.8292682926829268
4,150,9,0.14137928532867747,0.2682926829268293,0.4024390243902439,0.4878048780487805,0.5,0.5609756097560976,0.4878048780487805,0.6097560975609756,0.6341463414634146,0.6829268292682927,0.43902439024390244,0.25609756097560976,0.5487804878048781,0.4024390243902439,0.7317073170731707,0.5365853658536586,0.3170731707317073,0.5121951219512195,0.5975609756097561,0.6219512195121951,0.7439024390243902,0.32926829268292684,0.6097560975609756,0.3780487804878049,0.45121951219512196,0.36585365853658536,0.573170731707317,0.6097560975609756,0.43902439024390244,0.2073170731707317,0.6951219512195121
0,175,0,0.18871598234086703,0.6463414634146342,0.32926829268292684,0.7682926829268293,0.6097560975609756,0.2682926829268293,0.34146341463414637,0.25609756097560976,0.36585365853658536,0.5121951219512195,0.7682926829268293,0.7560975609756098,0.6829268292682927,0.2804878048780488,0.2804878048780488,0.25609756097560976,0.5365853658536586,0.7439024390243902,0.8048780487804879,0.6951219512195121,0.35365853658536583,0.5121951219512195,0.4268292682926829,0.7439024390243902,0.2926829268292683,0.2926829268292683,0.5975609756097561,0.6829268292682927,0.36585365853658536,0.4878048780487805,0.34146341463414637
0,175,1,0.19769643052838481,0.2682926829268293,0.3780487804878049,0.7073170731707317,0.3170731707317073,0.35365853658536583,0.573170731707317,0.3902439024390244,0.25609756097560976,0.6097560975609756,0.8292682926829268,0.6219512195121951,0.7804878048780488,0.2926829268292683,0.3048780487804878,0.4268292682926829,0.2682926829268293,0.6463414634146342,0.8780487804878049,0.8170731707317073,0.2926829268292683,0.7560975609756098,0.35365853658536583,0.6951219512195121,0.36585365853658536,0.4024390243902439,0.573170731707317,0.7073170731707317,0.36585365853658536,0.4878048780487805,0.2804878048780488
0,175,2,0.16912718750174568,0.43902439024390244,0.45121951219512196,0.4878048780487805,0.43902439024390244,0.36585365853658536,0.5,0.34146341463414637,0.4146341463414634,0.524390243902439,0.524390243902439,0.524390243902439,0.7804878048780488,0.4634146341463415,0.36585365853658536,0.4634146341463415,0.2926829268292683,0.5975609756097561,0.7804878048780488,0.5975609756097561,0.36585365853658536,0.7926829268292683,0.3902439024390244,0.9390243902439024,0.23170731707317074,0.7317073170731707,0.6097560975609756,0.45121951219512196,0.1951219512195122,0.5487804878048781,0.3902439024390244
0,175,3,0.1362000954201751,0.35365853658536583,0.32926829268292684,0.4634146341463415,0.3170731707317073,0.4268292682926829,0.6707317073170732,0.6219512195121951,0.5365853658536586,0.4268292682926829,0.5121951219512195,0.36585365853658536,0.8292682926829268,0.5487804878048781,0.5121951219512195,0.524390243902439,0.4024390243902439,0.5853658536585366,0.5365853658536586,0.5365853658536586,0.4146341463414634,0.36585365853658536,0.5,0.6097560975609756,0.7317073170731707,0.5365853658536586,0.5,0.24390243902439024,0.2682926829268293,0.6585365853658537,0.6707317073170732
0,175,4,0.10500087343715733,0.4878048780487805,0.3780487804878049,0.43902439024390244,0.4634146341463415,0.32926829268292684,0.43902439024390244,0.5121951219512195,0.4268292682926829,0.35365853658536583,0.35365853658536583,0.7073170731707317,0.6097560975609756,0.5853658536585366,0.5121951219512195,0.573170731707317,0.5,0.4024390243902439,0.5487804878048781,0.524390243902439,0.524390243902439,0.6463414634146342,0.5365853658536586,0.6707317073170732,0.6707317073170732,0.5975609756097561,0.3902439024390244,0.3780487804878049,0.35365853658536583,0.4878048780487805,0.5975609756097561
0,175,5,0.14158951486536578,0.7073170731707317,0.4634146341463415,0.4878048780487805,0.5,0.45121951219512196,0.8536585365853658,0.34146341463414637,0.3780487804878049,0.4268292682926829,0.23170731707317074,0.6585365853658537,0.3170731707317073,0.4634146341463415,0.43902439024390244,0.35365853658536583,0.4634146341463415,0.573170731707317,0.5365853658536586,0.6219512195121951,0.2804878048780488,0.5975609756097561,0.5487804878048781,0.7317073170731707,0.573170731707317,0.4878048780487805,0.573170731707317,0.7073170731707317,0.4146341463414634,0.32926829268292684,0.4878048780487805
0,175,6,0.136490966216868,0.7560975609756098,0.4146341463414634,0.4878048780487805,0.6219512195121951,0.4634146341463415,0.4878048780487805,0.3902439024390244,0.3170731707317073,0.4146341463414634,0.2926829268292683,0.43902439024390244,0.6219512195121951,0.5609756097560976,0.43902439024390244,0.5,0.18292682926829268,0.5365853658536586,0.4634146341463415,0.8048780487804879,0.45121951219512196,0.45121951219512196,0.5609756097560976,0.8292682926829268,0.47560975609756095,0.36585365853658536,0.5121951219512195,0.4878048780487805,0.6097560975609756,0.5,0.5609756097560976
0,175,7,0.1201492891181214,0.524390243902439,0.36585365853658536,0.6097560975609756,0.5609756097560976,0.4634146341463415,0.5487804878048781,0.4024390243902439,0.3048780487804878,0.4268292682926829,0.5487804878048781,0.43902439024390244,0.6585365853658537,0.3048780487804878,0.3902439024390244,0.5609756097560976,0.3902439024390244,0.4634146341463415,0.573170731707317,0.4878048780487805,0.6951219512195121,0.4146341463414634,0.3902439024390244,0.6829268292682927,0.4024390243902439,0.8170731707317073,0.573170731707317,0.4024390243902439,0.524390243902439,0.43902439024390244,0.6341463414634146
0,175,8,0.15192596587704815,0.3780487804878049,0.5487804878048781,0.6951219512195121,0.47560975609756095,0.5487804878048781,0.4146341463414634,0.4878048780487805,0.47560975609756095,0.5609756097560976,0.6951219512195121,0.23170731707317074,0.6829268292682927,0.2073170731707317,0.6341463414634146,0.3170731707317073,0.4146341463414634,0.6463414634146342,0.4878048780487805,0.524390243902439,0.7804878048780488,0.6219512195121951,0.24390243902439024,0.6097560975609756,0.3902439024390244,0.7682926829268293,0.47560975609756095,0.4268292682926829,0.2804878048780488,0.45121951219512196,0.524390243902439
0,175,9,0.1389030992796431,0.4878048780487805,0.524390243902439,0.36585365853658536,0.32926829268292684,0.5121951219512195,0.6097560975609756,0.7195121951219512,0.2926829268292683,0.6707317073170732,0.5853658536585366,0.2073170731707317,0.5121951219512195,0.5121951219512195,0.5,0.4878048780487805,0.5365853658536586,0.6097560975609756,0.5487804878048781,0.4878048780487805,0.7804878048780488,0.4146341463414634,0.21951219512195122,0.5121951219512195,0.6585365853658537,0.7317073170731707,0.32926829268292684,0.524390243902439,0.3902439024390244,0.5,0.43902439024390244
1,175,0,0.2007570443067601,0.5853658536585366,0.5853658536585366,0.5609756097560976,0.3902439024390244,0.18292682926829268,0.7804878048780488,0.8414634146341463,0.24390243902439024,0.6219512195121951,0.2682926829268293,0.2926829268292683,0.6585365853658537,0.2682926829268293,0.35365853658536583,0.4878048780487805,0.43902439024390244,0.32926829268292684,0.47560975609756095,0.7560975609756098,0.25609756097560976,0.7195121951219512,0.2682926829268293,0.3170731707317073,0.5853658536585366,0.5487804878048781,0.6829268292682927,0.9146341463414634,0.573170731707317,0.7195121951219512,0.2926829268292683
1,175,1,0.1860439032277525,0.47560975609756095,0.6707317073170732,0.2926829268292683,0.5365853658536586,0.2926829268292683,0.8658536585365854,0.8048780487804879,0.6219512195121951,0.6219512195121951,0.24390243902439024,0.34146341463414637,0.32926829268292684,0.32926829268292684,0.3170731707317073,0.5487804878048781,0.36585365853658536,0.34146341463414637,0.43902439024390244,0.7926829268292683,0.3170731707317073,0.5,0.36585365853658536,0.3780487804878049,0.5853658536585366,0.4024390243902439,0.7439024390243902,0.8658536585365854,0.5365853658536586,0.7195121951219512,0.35365853658536583
1,175,2,0.1967412482894852,0.4024390243902439,0.5853658536585366,0.32926829268292684,0.3048780487804878,0.3170731707317073,0.8414634146341463,0.7317073170731707,0.7439024390243902,0.7073170731707317,0.3170731707317073,0.47560975609756095,0.21951219512195122,0.6097560975609756,0.2926829268292683,0.7073170731707317,0.3048780487804878,0.5121951219512195,0.5609756097560976,0.6829268292682927,0.4878048780487805,0.4146341463414634,0.35365853658536583,0.32926829268292684,0.4634146341463415,0.3048780487804878,0.8170731707317073,0.9390243902439024,0.524390243902439,0.524390243902439,0.1951219512195122
1,175,3,0.16449105494961555,0.524390243902439,0.5,0.35365853658536583,0.4878048780487805,0.5121951219512195,0.7317073170731707,0.4024390243902439,0.4878048780487805,0.7317073170731707,0.35365853658536583,0.6707317073170732,0.3048780487804878,0.6585365853658537,0.36585365853658536,0.47560975609756095,0.524390243902439,0.3780487804878049,0.36585365853658536,0.3170731707317073,0.7804878048780488,0.47560975609756095,0.4634146341463415,0.34146341463414637,0.43902439024390244,0.3902439024390244,0.7560975609756098,0.9024390243902439,0.7073170731707317,0.2926829268292683,0.3048780487804878
1,175,4,0.1556013454413325,0.573170731707317,0.524390243902439,0.3780487804878049,0.3170731707317073,0.4878048780487805,0.47560975609756095,0.5,0.5365853658536586,0.7317073170731707,0.45121951219512196,0.6585365853658537,0.47560975609756095,0.4634146341463415,0.4146341463414634,0.5609756097560976,0.3780487804878049,0.7317073170731707,0.43902439024390244,0.43902439024390244,0.8780487804878049,0.2804878048780488,0.5121951219512195,0.4878048780487805,0.6829268292682927,0.32926829268292684,0.7073170731707317,0.24390243902439024,0.7317073170731707,0.36585365853658536,0.24390243902439024
1,175,5,0.1244858551724375,0.5,0.25609756097560976,0.5365853658536586,0.5365853658536586,0.6463414634146342,0.5,0.45121951219512196,0.32926829268292684,0.35365853658536583,0.5975609756097561,0.5487804878048781,0.7195121951219512,0.2804878048780488,0.36585365853658536,0.6341463414634146,0.7682926829268293,0.7195121951219512,0.45121951219512196,0.5,0.5609756097560976,0.5121951219512195,0.4146341463414634,0.5487804878048781,0.573170731707317,0.4146341463414634,0.4268292682926829,0.4146341463414634,0.5853658536585366,0.3780487804878049,0.47560975609756095
1,175,6,0.13433098895819762,0.4024390243902439,0.2926829268292683,0.47560975609756095,0.5121951219512195,0.5853658536585366,0.36585365853658536,0.3048780487804878,0.6341463414634146,0.5975609756097561,0.6707317073170732,0.4878048780487805,0.6585365853658537,0.3048780487804878,0.4634146341463415,0.5365853658536586,0.5,0.573170731707317,0.47560975609756095,0.573170731707317,0.4146341463414634,0.4268292682926829,0.25609756097560976,0.5853658536585366,0.573170731707317,0.7195121951219512,0.7439024390243902,0.573170731707317,0.6463414634146342,0.3902439024390244,0.25609756097560976
1,175,7,0.13206065221546226,0.6829268292682927,0.524390243902439,0.5487804878048781,0.36585365853658536,0.5121951219512195,0.32926829268292684,0.8048780487804879,0.3902439024390244,0.5365853658536586,0.4878048780487805,0.5609756097560976,0.6585365853658537,0.5853658536585366,0.4634146341463415,0.4024390243902439,0.6707317073170732,0.4268292682926829,0.3780487804878049,0.6707317073170732,0.3780487804878049,0.36585365853658536,0.2804878048780488,0.5,0.3170731707317073,0.3170731707317073,0.524390243902439,0.6829268292682927,0.6341463414634146,0.5609756097560976,0.43902439024390244
1,175,8,0.1571547028712247,0.5609756097560976,0.5975609756097561,0.34146341463414637,0.4878048780487805,0.34146341463414637,0.5975609756097561,0.6951219512195121,0.6097560975609756,0.2804878048780488,0.35365853658536583,0.524390243902439,0.8048780487804879,0.8292682926829268,0.4146341463414634,0.1951219512195122,0.6707317073170732,0.4024390243902439,0.3048780487804878,0.5,0.47560975609756095,0.6463414634146342,0.6219512195121951,0.34146341463414637,0.32926829268292684,0.4634146341463415,0.7073170731707317,0.32926829268292684,0.4878048780487805,0.5609756097560976,0.524390243902439
1,175,9,0.1458324480866024,0.45121951219512196,0.7317073170731707,0.2682926829268293,0.4268292682926829,0.35365853658536583,0.5,0.6219512195121951,0.6829268292682927,0.21951219512195122,0.3780487804878049,0.573170731707317,0.6219512195121951,0.7073170731707317,0.524390243902439,0.36585365853658536,0.6829268292682927,0.34146341463414637,0.45121951219512196,0.47560975609756095,0.3780487804878049,0.7317073170731707,0.6097560975609756,0.6341463414634146,0.5365853658536586,0.3170731707317073,0.6707317073170732,0.2926829268292683,0.524390243902439,0.4024390243902439,0.524390243902439
2,175,0,0.2077709045094099,0.8170731707317073,0.8780487804878049,0.3780487804878049,0.3170731707317073,0.5487804878048781,0.6707317073170732,0.23170731707317074,0.7073170731707317,0.2804878048780488,0.3048780487804878,0.24390243902439024,0.32926829268292684,0.5853658536585366,0.36585365853658536,0.7926829268292683,0.2926829268292683,0.7560975609756098,0.5975609756097561,0.36585365853658536,0.5,0.7317073170731707,0.3170731707317073,0.8170731707317073,0.3170731707317073,0.4268292682926829,0.5121951219512195,0.8048780487804879,0.3170731707317073,0.5609756097560976,0.23170731707317074
2,175,1,0.19621138952501632,0.7317073170731707,0.9146341463414634,0.3780487804878049,0.24390243902439024,0.6951219512195121,0.7317073170731707,0.2804878048780488,0.4268292682926829,0.34146341463414637,0.32926829268292684,0.25609756097560976,0.2926829268292683,0.5487804878048781,0.5487804878048781,0.5121951219512195,0.32926829268292684,0.5853658536585366,0.8292682926829268,0.2926829268292683,0.43902439024390244,0.7682926829268293,0.23170731707317074,0.7926829268292683,0.4024390243902439,0.4634146341463415,0.5121951219512195,0.5853658536585366,0.2804878048780488,0.524390243902439,0.7317073170731707
2,175,2,0.1970685421657212,0.6829268292682927,0.2926829268292683,0.2073170731707317,0.2073170731707317,0.524390243902439,0.573170731707317,0.2804878048780488,0.5487804878048781,0.6829268292682927,0.36585365853658536,0.7073170731707317,0.21951219512195122,0.35365853658536583,0.7195121951219512,0.6341463414634146,0.32926829268292684,0.573170731707317,0.8048780487804879,0.2682926829268293,0.36585365853658536,0.6463414634146342,0.2926829268292683,0.7682926829268293,0.8292682926829268,0.573170731707317,0.47560975609756095,0.32926829268292684,0.524390243902439,0.3902439024390244,0.8292682926829268
2,175,3,0.16151056713310538,0.5487804878048781,0.47560975609756095,0.3048780487804878,0.36585365853658536,0.4268292682926829,0.45121951219512196,0.3048780487804878,0.5,0.6951219512195121,0.5121951219512195,0.7560975609756098,0.5487804878048781,0.2926829268292683,0.7073170731707317,0.3780487804878049,0.7073170731707317,0.573170731707317,0.6829268292682927,0.7195121951219512,0.3902439024390244,0.7804878048780488,0.3780487804878049,0.23170731707317074,0.34146341463414637,0.4268292682926829,0.5487804878048781,0.4634146341463415,0.4146341463414634,0.2926829268292683,0.7804878048780488
2,175,4,0.14176446799631426,0.5121951219512195,0.573170731707317,0.3780487804878049,0.5609756097560976,0.24390243902439024,0.45121951219512196,0.5365853658536586,0.6097560975609756,0.5975609756097561,0.5853658536585366,0.7682926829268293,0.47560975609756095,0.35365853658536583,0.7073170731707317,0.573170731707317,0.5487804878048781,0.4634146341463415,0.4024390243902439,0.7195121951219512,0.3902439024390244,0.8048780487804879,0.6219512195121951,0.2804878048780488,0.4878048780487805,0.4268292682926829,0.34146341463414637,0.43902439024390244,0.5121951219512195,0.3780487804878049,0.25609756097560976
2,175,5,0.13455223147257522,0.5609756097560976,0.524390243902439,0.6097560975609756,0.5121951219512195,0.2926829268292683,0.4268292682926829,0.4634146341463415,0.8048780487804879,0.4024390243902439,0.524390243902439,0.5,0.3780487804878049,0.36585365853658536,0.6463414634146342,0.36585365853658536,0.3902439024390244,0.32926829268292684,0.6829268292682927,0.6707317073170732,0.34146341463414637,0.7439024390243902,0.7073170731707317,0.3170731707317073,0.5365853658536586,0.5,0.45121951219512196,0.524390243902439,0.5,0.5853658536585366,0.34146341463414637
2,175,6,0.12117640037536923,0.7195121951219512,0.5487804878048781,0.5,0.524390243902439,0.4146341463414634,0.3780487804878049,0.524390243902439,0.5365853658536586,0.43902439024390244,0.6341463414634146,0.36585365853658536,0.5121951219512195,0.7073170731707317,0.2682926829268293,0.524390243902439,0.4268292682926829,0.6341463414634146,0.7195121951219512,0.45121951219512196,0.4634146341463415,0.5,0.6097560975609756,0.34146341463414637,0.5609756097560976,0.2682926829268293,0.4878048780487805,0.5853658536585366,0.3170731707317073,0.6097560975609756,0.4268292682926829
2,175,7,0.13096750970395946,0.7439024390243902,0.45121951219512196,0.4146341463414634,0.573170731707317,0.5487804878048781,0.4146341463414634,0.4878048780487805,0.3902439024390244,0.2682926829268293,0.34146341463414637,0.5487804878048781,0.4878048780487805,0.8292682926829268,0.2926829268292683,0.4878048780487805,0.47560975609756095,0.5121951219512195,0.5,0.6585365853658537,0.4146341463414634,0.3902439024390244,0.5121951219512195,0.6829268292682927,0.4878048780487805,0.6585365853658537,0.6219512195121951,0.2804878048780488,0.5853658536585366,0.4024390243902439,0.5365853658536586
2,175,8,0.11990147320124087,0.3780487804878049,0.5609756097560976,0.3780487804878049,0.36585365853658536,0.5,0.7439024390243902,0.4634146341463415,0.35365853658536583,0.4146341463414634,0.3902439024390244,0.6097560975609756,0.47560975609756095,0.5,0.5,0.5609756097560976,0.4878048780487805,0.47560975609756095,0.3780487804878049,0.43902439024390244,0.7195121951219512,0.4878048780487805,0.35365853658536583,0.6951219512195121,0.3048780487804878,0.6707317073170732,0.6219512195121951,0.4878048780487805,0.524390243902439,0.43902439024390244,0.7195121951219512
2,175,9,0.1173945453511679,0.5,0.6097560975609756,0.5121951219512195,0.5609756097560976,0.573170731707317,0.7195121951219512,0.47560975609756095,0.5121951219512195,0.5609756097560976,0.5121951219512195,0.35365853658536583,0.45121951219512196,0.5,0.43902439024390244,0.5853658536585366,0.4878048780487805,0.24390243902439024,0.5609756097560976,0.573170731707317,0.7682926829268293,0.2682926829268293,0.5,0.6341463414634146,0.4268292682926829,0.5975609756097561,0.2926829268292683,0.43902439024390244,0.4146341463414634,0.3780487804878049,0.5487804878048781
3,175,0,0.19979168210997458,0.5365853658536586,0.4634146341463415,0.45121951219512196,0.7926829268292683,0.3780487804878049,0.25609756097560976,0.24390243902439024,0.43902439024390244,0.4268292682926829,0.6219512195121951,0.3780487804878049,0.7317073170731707,0.2804878048780488,0.5487804878048781,0.7560975609756098,0.4878048780487805,0.4024390243902439,0.7804878048780488,0.2804878048780488,0.5121951219512195,0.23170731707317074,0.6951219512195121,0.3902439024390244,0.24390243902439024,0.34146341463414637,0.5487804878048781,0.2682926829268293,0.9024390243902439,0.8536585365853658,0.7560975609756098
3,175,1,0.17582416901460612,0.7317073170731707,0.2073170731707317,0.2804878048780488,0.8536585365853658,0.5,0.34146341463414637,0.36585365853658536,0.4146341463414634,0.4024390243902439,0.5975609756097561,0.4634146341463415,0.5487804878048781,0.2804878048780488,0.3902439024390244,0.7195121951219512,0.5121951219512195,0.5609756097560976,0.7926829268292683,0.35365853658536583,0.8048780487804879,0.4878048780487805,0.6219512195121951,0.3780487804878049,0.5121951219512195,0.21951219512195122,0.4634146341463415,0.36585365853658536,0.8170731707317073,0.524390243902439,0.4878048780487805
3,175,2,0.14116874271695395,0.6097560975609756,0.4878048780487805,0.4634146341463415,0.8170731707317073,0.43902439024390244,0.524390243902439,0.32926829268292684,0.4024390243902439,0.6219512195121951,0.3902439024390244,0.4634146341463415,0.35365853658536583,0.4878048780487805,0.3170731707317073,0.8170731707317073,0.35365853658536583,0.5,0.6585365853658537,0.5121951219512195,0.5975609756097561,0.34146341463414637,0.4878048780487805,0.4634146341463415,0.6829268292682927,0.3170731707317073,0.32926829268292684,0.3780487804878049,0.5,0.6585365853658537,0.6951219512195121
3,175,3,0.13797205486566783,0.35365853658536583,0.5121951219512195,0.4634146341463415,0.7560975609756098,0.524390243902439,0.6463414634146342,0.573170731707317,0.36585365853658536,0.6707317073170732,0.2682926829268293,0.47560975609756095,0.34146341463414637,0.6097560975609756,0.524390243902439,0.35365853658536583,0.5853658536585366,0.5853658536585366,0.43902439024390244,0.573170731707317,0.6829268292682927,0.5975609756097561,0.3048780487804878,0.4024390243902439,0.7560975609756098,0.6463414634146342,0.5487804878048781,0.45121951219512196,0.35365853658536583,0.3048780487804878,0.32926829268292684
3,175,4,0.13202310831926203,0.45121951219512196,0.5609756097560976,0.4634146341463415,0.7926829268292683,0.5365853658536586,0.5609756097560976,0.6219512195121951,0.4146341463414634,0.7926829268292683,0.3048780487804878,0.4878048780487805,0.5609756097560976,0.6341463414634146,0.23170731707317074,0.4146341463414634,0.6219512195121951,0.5853658536585366,0.45121951219512196,0.4146341463414634,0.4634146341463415,0.4024390243902439,0.3780487804878049,0.3170731707317073,0.573170731707317,0.7195121951219512,0.5121951219512195,0.5,0.4146341463414634,0.34146341463414637,0.47560975609756095
3,175,5,0.13414634146341464,0.6341463414634146,0.5,0.6097560975609756,0.4146341463414634,0.47560975609756095,0.5,0.47560975609756095,0.34146341463414637,0.5121951219512195,0.47560975609756095,0.4634146341463415,0.45121951219512196,0.5487804878048781,0.5853658536585366,0.1951219512195122,0.4634146341463415,0.5365853658536586,0.573170731707317,0.4024390243902439,0.47560975609756095,0.3048780487804878,0.35365853658536583,0.8048780487804879,0.45121951219512196,0.8414634146341463,0.5121951219512195,0.5487804878048781,0.7073170731707317,0.3170731707317073,0.524390243902439
3,175,6,0.13414634146341464,0.4634146341463415,0.4634146341463415,0.7682926829268293,0.34146341463414637,0.3048780487804878,0.35365853658536583,0.36585365853658536,0.43902439024390244,0.3780487804878049,0.3048780487804878,0.4634146341463415,0.5975609756097561,0.6951219512195121,0.6951219512195121,0.4024390243902439,0.3780487804878049,0.573170731707317,0.5365853658536586,0.43902439024390244,0.5487804878048781,0.6097560975609756,0.5365853658536586,0.8658536585365854,0.4878048780487805,0.5609756097560976,0.45121951219512196,0.5853658536585366,0.5487804878048781,0.36585365853658536,0.47560975609756095
3,175,7,0.1457304316711186,0.5,0.4146341463414634,0.5121951219512195,0.47560975609756095,0.43902439024390244,0.36585365853658536,0.47560975609756095,0.43902439024390244,0.43902439024390244,0.3780487804878049,0.6341463414634146,0.4268292682926829,0.6097560975609756,0.5365853658536586,0.6707317073170732,0.2804878048780488,0.35365853658536583,0.5609756097560976,0.47560975609756095,0.5487804878048781,0.7926829268292683,0.43902439024390244,0.8902439024390244,0.5365853658536586,0.25609756097560976,0.4146341463414634,0.4634146341463415,0.7804878048780488,0.5975609756097561,0.2926829268292683
3,175,8,0.11718321386503719,0.4634146341463415,0.5609756097560976,0.43902439024390244,0.5121951219512195,0.4634146341463415,0.5853658536585366,0.524390243902439,0.21951219512195122,0.5853658536585366,0.47560975609756095,0.45121951219512196,0.3780487804878049,0.47560975609756095,0.5121951219512195,0.6097560975609756,0.36585365853658536,0.5,0.4268292682926829,0.6219512195121951,0.6463414634146342,0.8170731707317073,0.6097560975609756,0.7439024390243902,0.45121951219512196,0.47560975609756095,0.4024390243902439,0.47560975609756095,0.4146341463414634,0.43902439024390244,0.35365853658536583
3,175,9,0.1523170243511804,0.4024390243902439,0.3170731707317073,0.4146341463414634,0.8170731707317073,0.36585365853658536,0.3902439024390244,0.7195121951219512,0.3780487804878049,0.524390243902439,0.4268292682926829,0.573170731707317,0.5487804878048781,0.3048780487804878,0.3048780487804878,0.6341463414634146,0.5487804878048781,0.5853658536585366,0.32926829268292684,0.4878048780487805,0.4634146341463415,0.7195121951219512,0.6463414634146342,0.3048780487804878,0.6219512195121951,0.5121951219512195,0.35365853658536583,0.2682926829268293,0.7317073170731707,0.7073170731707317,0.5975609756097561
4,175,0,0.21265253008710933,0.32926829268292684,0.5609756097560976,0.9634146341463414,0.4634146341463415,0.36585365853658536,0.35365853658536583,0.2926829268292683,0.7804878048780488,0.3780487804878049,0.6707317073170732,0.5975609756097561,0.2682926829268293,0.3780487804878049,0.6951219512195121,0.2804878048780488,0.2682926829268293,0.5121951219512195,0.7195121951219512,0.9024390243902439,0.3902439024390244,0.6097560975609756,0.6707317073170732,0.32926829268292684,0.4024390243902439,0.2682926829268293,0.4024390243902439,0.7682926829268293,0.32926829268292684,0.8536585365853658,0.1951219512195122
4,175,1,0.2022822392178667,0.45121951219512196,0.6219512195121951,0.8902439024390244,0.3048780487804878,0.32926829268292684,0.43902439024390244,0.4268292682926829,0.8414634146341463,0.2804878048780488,0.43902439024390244,0.6707317073170732,0.34146341463414637,0.2804878048780488,0.6585365853658537,0.34146341463414637,0.34146341463414637,0.4268292682926829,0.8292682926829268,0.8048780487804879,0.8170731707317073,0.5853658536585366,0.7317073170731707,0.4024390243902439,0.2804878048780488,0.21951219512195122,0.4146341463414634,0.7195121951219512,0.24390243902439024,0.4146341463414634,0.45121951219512196
4,175,2,0.1641592065411106,0.3902439024390244,0.6219512195121951,0.975609756097561,0.32926829268292684,0.2682926829268293,0.35365853658536583,0.5,0.7560975609756098,0.36585365853658536,0.32926829268292684,0.4024390243902439,0.4878048780487805,0.4634146341463415,0.47560975609756095,0.2682926829268293,0.43902439024390244,0.4634146341463415,0.6585365853658537,0.7560975609756098,0.6951219512195121,0.43902439024390244,0.3780487804878049,0.36585365853658536,0.34146341463414637,0.5487804878048781,0.4878048780487805,0.6463414634146342,0.7195121951219512,0.5,0.573170731707317
4,175,3,0.17649955243208115,0.34146341463414637,0.5365853658536586,0.9024390243902439,0.4634146341463415,0.3902439024390244,0.3048780487804878,0.4024390243902439,0.5975609756097561,0.32926829268292684,0.5121951219512195,0.34146341463414637,0.5487804878048781,0.4878048780487805,0.3170731707317073,0.35365853658536583,0.9512195121951219,0.4146341463414634,0.32926829268292684,0.21951219512195122,0.7926829268292683,0.4634146341463415,0.5853658536585366,0.6097560975609756,0.3170731707317073,0.5853658536585366,0.4024390243902439,0.7073170731707317,0.6829268292682927,0.5,0.6097560975609756
4,175,4,0.16033996205094259,0.3048780487804878,0.4268292682926829,0.8292682926829268,0.6707317073170732,0.43902439024390244,0.5975609756097561,0.10975609756097561,0.4024390243902439,0.47560975609756095,0.6097560975609756,0.3780487804878049,0.5487804878048781,0.5609756097560976,0.45121951219512196,0.2682926829268293,0.6219512195121951,0.36585365853658536,0.43902439024390244,0.36585365853658536,0.7926829268292683,0.573170731707317,0.6219512195121951,0.4878048780487805,0.4146341463414634,0.573170731707317,0.5609756097560976,0.24390243902439024,0.7804878048780488,0.524390243902439,0.5609756097560976
4,175,5,0.1816213579622582,0.7317073170731707,0.4268292682926829,0.08536585365853659,0.4634146341463415,0.5975609756097561,0.5487804878048781,0.2926829268292683,0.4024390243902439,0.975609756097561,0.45121951219512196,0.573170731707317,0.23170731707317074,0.6707317073170732,0.3170731707317073,0.3780487804878049,0.5365853658536586,0.45121951219512196,0.5609756097560976,0.4878048780487805,0.47560975609756095,0.4634146341463415,0.7682926829268293,0.5121951219512195,0.36585365853658536,0.6341463414634146,0.4878048780487805,0.5487804878048781,0.8658536585365854,0.4146341463414634,0.2804878048780488
4,175,6,0.17174496076648463,0.6707317073170732,0.6951219512195121,0.10975609756097561,0.4878048780487805,0.32926829268292684,0.6097560975609756,0.35365853658536583,0.6951219512195121,0.926829268292683,0.43902439024390244,0.524390243902439,0.3170731707317073,0.5365853658536586,0.4878048780487805,0.4268292682926829,0.5121951219512195,0.5365853658536586,0.6219512195121951,0.5609756097560976,0.34146341463414637,0.45121951219512196,0.6463414634146342,0.4634146341463415,0.43902439024390244,0.43902439024390244,0.36585365853658536,0.8292682926829268,0.6463414634146342,0.21951219512195122,0.3170731707317073
4,175,7,0.15286931141727092,0.5853658536585366,0.7195121951219512,0.1951219512195122,0.4024390243902439,0.34146341463414637,0.4878048780487805,0.5,0.6829268292682927,0.9024390243902439,0.3902439024390244,0.35365853658536583,0.4878048780487805,0.5487804878048781,0.5853658536585366,0.4634146341463415,0.35365853658536583,0.5121951219512195,0.5975609756097561,0.4268292682926829,0.36585365853658536,0.5121951219512195,0.524390243902439,0.36585365853658536,0.3170731707317073,0.5,0.5121951219512195,0.8780487804878049,0.524390243902439,0.36585365853658536,0.5975609756097561
4,175,8,0.15937862685565407,0.6097560975609756,0.573170731707317,0.3902439024390244,0.43902439024390244,0.3902439024390244,0.2073170731707317,0.5121951219512195,0.7926829268292683,0.9512195121951219,0.5365853658536586,0.4146341463414634,0.47560975609756095,0.4878048780487805,0.5121951219512195,0.5,0.34146341463414637,0.5365853658536586,0.4878048780487805,0.47560975609756095,0.6219512195121951,0.24390243902439024,0.25609756097560976,0.5365853658536586,0.573170731707317,0.4878048780487805,0.45121951219512196,0.6463414634146342,0.2804878048780488,0.47560975609756095,0.7926829268292683
4,175,9,0.15306376048220105,0.7682926829268293,0.7073170731707317,0.6463414634146342,0.5365853658536586,0.43902439024390244,0.3780487804878049,0.45121951219512196,0.6951219512195121,0.24390243902439024,0.6341463414634146,0.3902439024390244,0.5487804878048781,0.43902439024390244,0.3902439024390244,0.47560975609756095,0.45121951219512196,0.45121951219512196,0.4634146341463415,0.24390243902439024,0.6951219512195121,0.4146341463414634,0.2682926829268293,0.5365853658536586,0.7926829268292683,0.45121951219512196,0.3170731707317073,0.5609756097560976,0.2926829268292683,0.6341463414634146,0.6829268292682927
0,200,0,0.22043617641462174,0.8414634146341463,0.5,0.3170731707317073,0.8414634146341463,0.6219512195121951,0.2804878048780488,0.24390243902439024,0.25609756097560976,0.8414634146341463,0.3780487804878049,0.4146341463414634,0.32926829268292684,0.8292682926829268,0.32926829268292684,0.7682926829268293,0.7926829268292683,0.35365853658536583,0.7195121951219512,0.3780487804878049,0.32926829268292684,0.36585365853658536,0.7439024390243902,0.2682926829268293,0.35365853658536583,0.4024390243902439,0.4024390243902439,0.4268292682926829,0.18292682926829268,0.8658536585365854,0.6219512195121951
0,200,1,0.2058773538552943,0.9024390243902439,0.3170731707317073,0.3902439024390244,0.8414634146341463,0.6951219512195121,0.21951219512195122,0.4024390243902439,0.35365853658536583,0.8536585365853658,0.4146341463414634,0.43902439024390244,0.32926829268292684,0.6829268292682927,0.5487804878048781,0.5487804878048781,0.7317073170731707,0.36585365853658536,0.8292682926829268,0.3902439024390244,0.4146341463414634,0.2926829268292683,0.6585365853658537,0.3170731707317073,0.1951219512195122,0.35365853658536583,0.4268292682926829,0.2804878048780488,0.3780487804878049,0.8170731707317073,0.6097560975609756
0,200,2,0.18494818156223294,0.8292682926829268,0.4634146341463415,0.25609756097560976,0.8170731707317073,0.6829268292682927,0.4024390243902439,0.15853658536585366,0.5365853658536586,0.7195121951219512,0.3902439024390244,0.3170731707317073,0.5609756097560976,0.5609756097560976,0.34146341463414637,0.5975609756097561,0.524390243902439,0.23170731707317074,0.8170731707317073,0.3902439024390244,0.2682926829268293,0.35365853658536583,0.6097560975609756,0.35365853658536583,0.573170731707317,0.36585365853658536,0.3170731707317073,0.6341463414634146,0.5,0.7073170731707317,0.7195121951219512
0,200,3,0.16962475060628127,0.7682926829268293,0.34146341463414637,0.6341463414634146,0.7682926829268293,0.524390243902439,0.4634146341463415,0.32926829268292684,0.5487804878048781,0.34146341463414637,0.4024390243902439,0.4024390243902439,0.8048780487804879,0.45121951219512196,0.2804878048780488,0.4024390243902439,0.524390243902439,0.4024390243902439,0.7682926829268293,0.4024390243902439,0.7317073170731707,0.4878048780487805,0.4146341463414634,0.3048780487804878,0.6463414634146342,0.3902439024390244,0.3170731707317073,0.573170731707317,0.8048780487804879,0.2073170731707317,0.5609756097560976
0,200,4,0.1523821031938641,0.5487804878048781,0.4634146341463415,0.7195121951219512,0.7073170731707317,0.35365853658536583,0.4268292682926829,0.4268292682926829,0.524390243902439,0.4878048780487805,0.45121951219512196,0.3048780487804878,0.3902439024390244,0.32926829268292684,0.3780487804878049,0.4146341463414634,0.4146341463414634,0.5,0.573170731707317,0.5487804878048781,0.8048780487804879,0.7804878048780488,0.4878048780487805,0.524390243902439,0.47560975609756095,0.1951219512195122,0.35365853658536583,0.5609756097560976,0.8292682926829268,0.35365853658536583,0.6707317073170732
0,200,5,0.14401951968523866,0.32926829268292684,0.524390243902439,0.8170731707317073,0.47560975609756095,0.4634146341463415,0.6097560975609756,0.7926829268292683,0.34146341463414637,0.5365853658536586,0.47560975609756095,0.21951219512195122,0.3170731707317073,0.34146341463414637,0.6463414634146342,0.5487804878048781,0.4146341463414634,0.5975609756097561,0.4878048780487805,0.7317073170731707,0.5975609756097561,0.6951219512195121,0.35365853658536583,0.47560975609756095,0.5975609756097561,0.3780487804878049,0.32926829268292684,0.524390243902439,0.5121951219512195,0.4146341463414634,0.45121951219512196
0,200,6,0.14691621551186643,0.35365853658536583,0.4878048780487805,0.6463414634146342,0.21951219512195122,0.5853658536585366,0.6585365853658537,0.7682926829268293,0.5365853658536586,0.524390243902439,0.34146341463414637,0.5853658536585366,0.47560975609756095,0.8536585365853658,0.7439024390243902,0.6463414634146342,0.3902439024390244,0.4024390243902439,0.47560975609756095,0.573170731707317,0.35365853658536583,0.524390243902439,0.4146341463414634,0.4878048780487805,0.5609756097560976,0.5975609756097561,0.3048780487804878,0.3780487804878049,0.3048780487804878,0.3902439024390244,0.4146341463414634
0,200,7,0.15387131995695127,0.4146341463414634,0.36585365853658536,0.1951219512195122,0.47560975609756095,0.4634146341463415,0.2926829268292683,0.6219512195121951,0.8292682926829268,0.3780487804878049,0.6585365853658537,0.524390243902439,0.5487804878048781,0.7439024390243902,0.6829268292682927,0.47560975609756095,0.6341463414634146,0.32926829268292684,0.7439024390243902,0.21951219512195122,0.43902439024390244,0.47560975609756095,0.5,0.4634146341463415,0.5487804878048781,0.4634146341463415,0.7195121951219512,0.3170731707317073,0.4146341463414634,0.5609756097560976,0.5
0,200,8,0.13191041251697522,0.524390243902439,0.6219512195121951,0.45121951219512196,0.3048780487804878,0.35365853658536583,0.3048780487804878,0.4634146341463415,0.7926829268292683,0.47560975609756095,0.7804878048780488,0.34146341463414637,0.4878048780487805,0.5975609756097561,0.4146341463414634,0.3902439024390244,0.32926829268292684,0.6341463414634146,0.5487804878048781,0.35365853658536583,0.5487804878048781,0.6341463414634146,0.5,0.3902439024390244,0.6341463414634146,0.4878048780487805,0.6463414634146342,0.5121951219512195,0.6341463414634146,0.34146341463414637,0.5
0,200,9,0.17666799486179438,0.43902439024390244,0.3902439024390244,0.4268292682926829,0.3780487804878049,0.9146341463414634,0.5365853658536586,0.4268292682926829,0.45121951219512196,0.6097560975609756,0.7439024390243902,0.3170731707317073,0.524390243902439,0.3902439024390244,0.6341463414634146,0.24390243902439024,0.25609756097560976,0.6097560975609756,0.0975609756097561,0.32926829268292684,0.5,0.5,0.45121951219512196,0.573170731707317,0.5853658536585366,0.6341463414634146,0.8170731707317073,0.7439024390243902,0.6951219512195121,0.3780487804878049,0.4024390243902439
1,200,0,0.17047018297567368,0.35365853658536583,0.7195121951219512,0.7560975609756098,0.43902439024390244,0.7682926829268293,0.4268292682926829,0.2804878048780488,0.5487804878048781,0.4146341463414634,0.7926829268292683,0.6951219512195121,0.6341463414634146,0.34146341463414637,0.6097560975609756,0.6585365853658537,0.25609756097560976,0.24390243902439024,0.34146341463414637,0.2682926829268293,0.5,0.6707317073170732,0.2682926829268293,0.6341463414634146,0.3780487804878049,0.6585365853658537,0.524390243902439,0.5853658536585366,0.45121951219512196,0.47560975609756095,0.3048780487804878
1,200,1,0.18649633882253505,0.45121951219512196,0.8048780487804879,0.36585365853658536,0.7804878048780488,0.5487804878048781,0.5365853658536586,0.25609756097560976,0.4634146341463415,0.15853658536585366,0.8170731707317073,0.6463414634146342,0.2926829268292683,0.3170731707317073,0.7195121951219512,0.8048780487804879,0.7073170731707317,0.3048780487804878,0.32926829268292684,0.45121951219512196,0.573170731707317,0.4268292682926829,0.3048780487804878,0.4024390243902439,0.2804878048780488,0.6829268292682927,0.6707317073170732,0.573170731707317,0.5121951219512195,0.2926829268292683,0.524390243902439
1,200,2,0.14942549774839214,0.5121951219512195,0.5121951219512195,0.32926829268292684,0.6219512195121951,0.5487804878048781,0.5487804878048781,0.3170731707317073,0.25609756097560976,0.34146341463414637,0.7439024390243902,0.8048780487804879,0.4268292682926829,0.3170731707317073,0.5121951219512195,0.5121951219512195,0.7195121951219512,0.3048780487804878,0.4146341463414634,0.7317073170731707,0.47560975609756095,0.45121951219512196,0.4878048780487805,0.35365853658536583,0.2926829268292683,0.6585365853658537,0.6951219512195121,0.47560975609756095,0.4146341463414634,0.6341463414634146,0.5853658536585366
1,200,3,0.15163201016945907,0.6219512195121951,0.4268292682926829,0.21951219512195122,0.7073170731707317,0.5609756097560976,0.7195121951219512,0.34146341463414637,0.4268292682926829,0.3170731707317073,0.6707317073170732,0.3170731707317073,0.4634146341463415,0.2926829268292683,0.5609756097560976,0.5853658536585366,0.524390243902439,0.5,0.4878048780487805,0.6829268292682927,0.2926829268292683,0.6463414634146342,0.5975609756097561,0.25609756097560976,0.3170731707317073,0.4634146341463415,0.7804878048780488,0.5609756097560976,0.4878048780487805,0.6707317073170732,0.5
1,200,4,0.13764830301973133,0.5487804878048781,0.35365853658536583,0.4146341463414634,0.5121951219512195,0.4878048780487805,0.6463414634146342,0.4146341463414634,0.6341463414634146,0.36585365853658536,0.7073170731707317,0.2926829268292683,0.4634146341463415,0.5,0.5487804878048781,0.47560975609756095,0.4268292682926829,0.4024390243902439,0.5853658536585366,0.7682926829268293,0.2073170731707317,0.5487804878048781,0.5975609756097561,0.6707317073170732,0.2804878048780488,0.34146341463414637,0.7317073170731707,0.47560975609756095,0.5975609756097561,0.6097560975609756,0.3902439024390244
1,200,5,0.15505878961594027,0.47560975609756095,0.6585365853658537,0.573170731707317,0.5853658536585366,0.2926829268292683,0.4024390243902439,0.3048780487804878,0.5975609756097561,0.4634146341463415,0.5487804878048781,0.4268292682926829,0.32926829268292684,0.3780487804878049,0.5487804878048781,0.5609756097560976,0.15853658536585366,0.3780487804878049,0.7560975609756098,0.6585365853658537,0.6707317073170732,0.35365853658536583,0.4878048780487805,0.524390243902439,0.5365853658536586,0.7073170731707317,0.524390243902439,0.1951219512195122,0.4634146341463415,0.6341463414634146,0.8048780487804879
1,200,6,0.15441804807498033,0.5,0.6463414634146342,0.5487804878048781,0.25609756097560976,0.45121951219512196,0.3780487804878049,0.5975609756097561,0.47560975609756095,0.32926829268292684,0.25609756097560976,0.35365853658536583,0.6951219512195121,0.47560975609756095,0.5121951219512195,0.5609756097560976,0.6219512195121951,0.7439024390243902,0.47560975609756095,0.8048780487804879,0.45121951219512196,0.36585365853658536,0.4024390243902439,0.35365853658536583,0.5121951219512195,0.6463414634146342,0.4146341463414634,0.5365853658536586,0.3170731707317073,0.4146341463414634,0.9024390243902439
1,200,7,0.118319919754318,0.4268292682926829,0.4146341463414634,0.5487804878048781,0.5365853658536586,0.3780487804878049,0.2804878048780488,0.6707317073170732,0.32926829268292684,0.4878048780487805,0.6463414634146342,0.47560975609756095,0.6097560975609756,0.4146341463414634,0.5,0.5975609756097561,0.4878048780487805,0.7073170731707317,0.4268292682926829,0.45121951219512196,0.5121951219512195,0.5121951219512195,0.5365853658536586,0.5487804878048781,0.45121951219512196,0.5487804878048781,0.36585365853658536,0.45121951219512196,0.4268292682926829,0.3902439024390244,0.8658536585365854
1,200,8,0.14367489243925016,0.3780487804878049,0.45121951219512196,0.5609756097560976,0.524390243902439,0.3170731707317073,0.2804878048780488,0.8292682926829268,0.524390243902439,0.45121951219512196,0.6707317073170732,0.1951219512195122,0.6707317073170732,0.4268292682926829,0.4268292682926829,0.4268292682926829,0.47560975609756095,0.6463414634146342,0.5853658536585366,0.43902439024390244,0.5609756097560976,0.3780487804878049,0.36585365853658536,0.6219512195121951,0.6219512195121951,0.6463414634146342,0.524390243902439,0.34146341463414637,0.4878048780487805,0.3902439024390244,0.7804878048780488
1,200,9,0.13728768331964467,0.43902439024390244,0.5609756097560976,0.35365853658536583,0.32926829268292684,0.5,0.5487804878048781,0.7926829268292683,0.43902439024390244,0.5853658536585366,0.5,0.2073170731707317,0.47560975609756095,0.45121951219512196,0.573170731707317,0.43902439024390244,0.6585365853658537,0.6097560975609756,0.5,0.35365853658536583,0.21951219512195122,0.524390243902439,0.5853658536585366,0.524390243902439,0.5121951219512195,0.4024390243902439,0.7317073170731707,0.2926829268292683,0.5609756097560976,0.6463414634146342,0.6829268292682927
2,200,0,0.189868297131986,0.7439024390243902,0.3780487804878049,0.2804878048780488,0.2926829268292683,0.7804878048780488,0.2926829268292683,0.5121951219512195,0.6951219512195121,0.573170731707317,0.6463414634146342,0.32926829268292684,0.2804878048780488,0.2926829268292683,0.45121951219512196,0.5609756097560976,0.5487804878048781,0.5853658536585366,0.6341463414634146,0.573170731707317,0.8414634146341463,0.8414634146341463,0.2682926829268293,0.25609756097560976,0.2804878048780488,0.5487804878048781,0.7682926829268293,0.34146341463414637,0.6707317073170732,0.43902439024390244,0.2926829268292683
2,200,1,0.18427686108362826,0.6585365853658537,0.4634146341463415,0.6341463414634146,0.3170731707317073,0.5487804878048781,0.3780487804878049,0.4268292682926829,0.7682926829268293,0.5,0.4878048780487805,0.2926829268292683,0.23170731707317074,0.3170731707317073,0.45121951219512196,0.7439024390243902,0.4878048780487805,0.5,0.5121951219512195,0.5365853658536586,0.36585365853658536,0.8536585365853658,0.34146341463414637,0.32926829268292684,0.36585365853658536,0.6829268292682927,0.8170731707317073,0.36585365853658536,0.4024390243902439,0.9512195121951219,0.2682926829268293
2,200,2,0.19696789428266712,0.43902439024390244,0.4634146341463415,0.8658536585365854,0.573170731707317,0.6219512195121951,0.18292682926829268,0.4024390243902439,0.6341463414634146,0.34146341463414637,0.3902439024390244,0.2682926829268293,0.5853658536585366,0.43902439024390244,0.32926829268292684,0.7073170731707317,0.6219512195121951,0.2682926829268293,0.1951219512195122,0.35365853658536583,0.35365853658536583,0.8902439024390244,0.5853658536585366,0.3902439024390244,0.7926829268292683,0.6097560975609756,0.5853658536585366,0.34146341463414637,0.45121951219512196,0.926829268292683,0.3902439024390244
2,200,3,0.16715178258569202,0.3780487804878049,0.2926829268292683,0.8292682926829268,0.524390243902439,0.2682926829268293,0.7073170731707317,0.47560975609756095,0.45121951219512196,0.5609756097560976,0.4268292682926829,0.3780487804878049,0.6585365853658537,0.45121951219512196,0.524390243902439,0.8048780487804879,0.5365853658536586,0.4268292682926829,0.47560975609756095,0.2926829268292683,0.18292682926829268,0.5,0.6341463414634146,0.5975609756097561,0.6951219512195121,0.35365853658536583,0.5487804878048781,0.3780487804878049,0.35365853658536583,0.8780487804878049,0.4146341463414634
2,200,4,0.15228447450053606,0.4146341463414634,0.4878048780487805,0.7926829268292683,0.573170731707317,0.3048780487804878,0.6463414634146342,0.3170731707317073,0.24390243902439024,0.4024390243902439,0.4146341463414634,0.4878048780487805,0.6097560975609756,0.524390243902439,0.5975609756097561,0.7439024390243902,0.3902439024390244,0.4878048780487805,0.45121951219512196,0.4024390243902439,0.3170731707317073,0.5,0.4878048780487805,0.45121951219512196,0.8170731707317073,0.47560975609756095,0.32926829268292684,0.5609756097560976,0.3902439024390244,0.8658536585365854,0.5121951219512195
2,200,5,0.16040178582885248,0.3902439024390244,0.25609756097560976,0.5,0.6341463414634146,0.2926829268292683,0.6951219512195121,0.573170731707317,0.4634146341463415,0.6585365853658537,0.5365853658536586,0.5609756097560976,0.6341463414634146,0.2926829268292683,0.34146341463414637,0.5975609756097561,0.4146341463414634,0.8414634146341463,0.4024390243902439,0.573170731707317,0.4268292682926829,0.25609756097560976,0.4024390243902439,0.6219512195121951,0.524390243902439,0.17073170731707318,0.4268292682926829,0.5853658536585366,0.47560975609756095,0.8170731707317073,0.6341463414634146
2,200,6,0.14661221565983545,0.6463414634146342,0.5365853658536586,0.36585365853658536,0.573170731707317,0.3780487804878049,0.573170731707317,0.4146341463414634,0.9024390243902439,0.5487804878048781,0.43902439024390244,0.4024390243902439,0.4146341463414634,0.24390243902439024,0.3902439024390244,0.524390243902439,0.6951219512195121,0.6707317073170732,0.47560975609756095,0.6951219512195121,0.7073170731707317,0.4024390243902439,0.3780487804878049,0.6097560975609756,0.36585365853658536,0.3780487804878049,0.36585365853658536,0.6585365853658537,0.43902439024390244,0.2926829268292683,0.5121951219512195
2,200,7,0.13092965235103557,0.5121951219512195,0.6463414634146342,0.4634146341463415,0.5487804878048781,0.43902439024390244,0.36585365853658536,0.4268292682926829,0.8536585365853658,0.2926829268292683,0.6463414634146342,0.2682926829268293,0.4024390243902439,0.6951219512195121,0.4146341463414634,0.3048780487804878,0.4146341463414634,0.6341463414634146,0.5975609756097561,0.3902439024390244,0.6463414634146342,0.45121951219512196,0.524390243902439,0.5609756097560976,0.5121951219512195,0.6463414634146342,0.5975609756097561,0.45121951219512196,0.47560975609756095,0.4146341463414634,0.4024390243902439
2,200,8,0.1603399620509426,0.6707317073170732,0.3048780487804878,0.36585365853658536,0.6097560975609756,0.3902439024390244,0.573170731707317,0.524390243902439,0.8658536585365854,0.34146341463414637,0.5365853658536586,0.573170731707317,0.32926829268292684,0.4146341463414634,0.5609756097560976,0.8414634146341463,0.4878048780487805,0.524390243902439,0.6951219512195121,0.21951219512195122,0.47560975609756095,0.3780487804878049,0.2804878048780488,0.4146341463414634,0.2804878048780488,0.6829268292682927,0.6585365853658537,0.4024390243902439,0.6097560975609756,0.4024390243902439,0.5853658536585366
2,200,9,0.15598318980799494,0.34146341463414637,0.4146341463414634,0.4268292682926829,0.4146341463414634,0.4878048780487805,0.5121951219512195,0.524390243902439,0.8414634146341463,0.6463414634146342,0.3048780487804878,0.5853658536585366,0.35365853658536583,0.3780487804878049,0.4878048780487805,0.9390243902439024,0.45121951219512196,0.2804878048780488,0.573170731707317,0.35365853658536583,0.24390243902439024,0.5609756097560976,0.3170731707317073,0.6341463414634146,0.5121951219512195,0.6341463414634146,0.5975609756097561,0.6951219512195121,0.5609756097560976,0.43902439024390244,0.4878048780487805
3,200,0,0.21566180440826005,0.34146341463414637,0.8048780487804879,0.32926829268292684,0.2804878048780488,0.47560975609756095,0.8170731707317073,0.4146341463414634,0.573170731707317,0.5487804878048781,0.3048780487804878,0.21951219512195122,1.0,0.1951219512195122,0.8902439024390244,0.3902439024390244,0.24390243902439024,0.45121951219512196,0.47560975609756095,0.7682926829268293,0.5365853658536586,0.4878048780487805,0.5365853658536586,0.6463414634146342,0.7439024390243902,0.21951219512195122,0.6341463414634146,0.23170731707317074,0.524390243902439,0.2804878048780488,0.6341463414634146
3,200,1,0.19986610628171592,0.5365853658536586,0.8658536585365854,0.3902439024390244,0.2073170731707317,0.6585365853658537,0.5,0.4268292682926829,0.43902439024390244,0.7317073170731707,0.2926829268292683,0.35365853658536583,0.15853658536585366,0.45121951219512196,0.7073170731707317,0.36585365853658536,0.3780487804878049,0.36585365853658536,0.5975609756097561,0.8902439024390244,0.7804878048780488,0.7926829268292683,0.5609756097560976,0.4146341463414634,0.8170731707317073,0.2926829268292683,0.5975609756097561,0.43902439024390244,0.32926829268292684,0.23170731707317074,0.4268292682926829
3,200,2,0.1911433812277845,0.9390243902439024,0.6463414634146342,0.5975609756097561,0.2682926829268293,0.5365853658536586,0.4024390243902439,0.47560975609756095,0.4146341463414634,0.5853658536585366,0.2926829268292683,0.3902439024390244,0.34146341463414637,0.35365853658536583,0.6951219512195121,0.24390243902439024,0.7317073170731707,0.3170731707317073,0.6097560975609756,0.8170731707317073,0.8292682926829268,0.7926829268292683,0.524390243902439,0.3048780487804878,0.21951219512195122,0.2926829268292683,0.6219512195121951,0.4146341463414634,0.4146341463414634,0.4878048780487805,0.43902439024390244
3,200,3,0.18861087735786541,0.9024390243902439,0.6097560975609756,0.6951219512195121,0.3170731707317073,0.5609756097560976,0.4634146341463415,0.5853658536585366,0.5975609756097561,0.47560975609756095,0.4024390243902439,0.3048780487804878,0.21951219512195122,0.4146341463414634,0.2682926829268293,0.7073170731707317,0.8658536585365854,0.5365853658536586,0.4024390243902439,0.3048780487804878,0.8658536585365854,0.6707317073170732,0.24390243902439024,0.47560975609756095,0.3048780487804878,0.24390243902439024,0.5487804878048781,0.4146341463414634,0.3780487804878049,0.5609756097560976,0.6585365853658537
3,200,4,0.1713982343816798,0.926829268292683,0.4878048780487805,0.7439024390243902,0.5609756097560976,0.5121951219512195,0.5487804878048781,0.47560975609756095,0.4268292682926829,0.17073170731707318,0.3902439024390244,0.2804878048780488,0.25609756097560976,0.2926829268292683,0.32926829268292684,0.7682926829268293,0.7560975609756098,0.5365853658536586,0.34146341463414637,0.4268292682926829,0.36585365853658536,0.6097560975609756,0.2682926829268293,0.45121951219512196,0.6829268292682927,0.5365853658536586,0.5975609756097561,0.5121951219512195,0.6219512195121951,0.6097560975609756,0.5121951219512195
3,200,5,0.1420439447939524,0.7560975609756098,0.6097560975609756,0.6463414634146342,0.6829268292682927,0.25609756097560976,0.5365853658536586,0.4878048780487805,0.7804878048780488,0.36585365853658536,0.25609756097560976,0.5,0.2804878048780488,0.5487804878048781,0.4634146341463415,0.4268292682926829,0.5121951219512195,0.4634146341463415,0.25609756097560976,0.45121951219512196,0.3902439024390244,0.2682926829268293,0.5487804878048781,0.5609756097560976,0.6707317073170732,0.5975609756097561,0.573170731707317,0.5975609756097561,0.4268292682926829,0.5609756097560976,0.524390243902439
3,200,6,0.12125819343252288,0.6463414634146342,0.4634146341463415,0.5121951219512195,0.5365853658536586,0.4634146341463415,0.5365853658536586,0.4268292682926829,0.7073170731707317,0.3902439024390244,0.5975609756097561,0.32926829268292684,0.4146341463414634,0.4634146341463415,0.573170731707317,0.43902439024390244,0.4268292682926829,0.43902439024390244,0.6707317073170732,0.4878048780487805,0.3048780487804878,0.35365853658536583,0.5365853658536586,0.34146341463414637,0.5853658536585366,0.6219512195121951,0.6829268292682927,0.5365853658536586,0.7195121951219512,0.24390243902439024,0.5487804878048781
3,200,7,0.11339933457430736,0.5853658536585366,0.36585365853658536,0.45121951219512196,0.2926829268292683,0.43902439024390244,0.5,0.43902439024390244,0.573170731707317,0.5121951219512195,0.45121951219512196,0.6463414634146342,0.6097560975609756,0.3048780487804878,0.6829268292682927,0.524390243902439,0.4634146341463415,0.45121951219512196,0.4878048780487805,0.5853658536585366,0.34146341463414637,0.5487804878048781,0.4024390243902439,0.6585365853658537,0.5121951219512195,0.6463414634146342,0.6585365853658537,0.3170731707317073,0.6463414634146342,0.36585365853658536,0.5365853658536586
3,200,8,0.12436632959982402,0.5487804878048781,0.47560975609756095,0.18292682926829268,0.3902439024390244,0.5487804878048781,0.6219512195121951,0.4878048780487805,0.43902439024390244,0.6463414634146342,0.45121951219512196,0.5853658536585366,0.7195121951219512,0.3048780487804878,0.45121951219512196,0.3048780487804878,0.3902439024390244,0.5853658536585366,0.6219512195121951,0.5487804878048781,0.32926829268292684,0.5609756097560976,0.45121951219512196,0.6951219512195121,0.5609756097560976,0.4146341463414634,0.5609756097560976,0.45121951219512196,0.6829268292682927,0.4268292682926829,0.5609756097560976
3,200,9,0.11882163191183813,0.5487804878048781,0.5,0.5609756097560976,0.5121951219512195,0.3902439024390244,0.3048780487804878,0.3902439024390244,0.43902439024390244,0.4268292682926829,0.5365853658536586,0.6219512195121951,0.6097560975609756,0.47560975609756095,0.573170731707317,0.34146341463414637,0.45121951219512196,0.7073170731707317,0.5,0.7560975609756098,0.4268292682926829,0.4878048780487805,0.3780487804878049,0.7073170731707317,0.6951219512195121,0.4268292682926829,0.4634146341463415,0.2926829268292683,0.47560975609756095,0.3902439024390244,0.6097560975609756
4,200,0,0.22934179759246393,0.6585365853658537,0.6951219512195121,0.47560975609756095,0.43902439024390244,0.23170731707317074,0.25609756097560976,0.6951219512195121,0.7804878048780488,0.4268292682926829,0.8292682926829268,0.24390243902439024,0.6951219512195121,0.5609756097560976,0.524390243902439,0.14634146341463414,0.8658536585365854,0.45121951219512196,0.2926829268292683,0.524390243902439,0.7926829268292683,0.6585365853658537,0.8292682926829268,0.5121951219512195,0.1951219512195122,0.18292682926829268,0.35365853658536583,0.15853658536585366,0.15853658536585366,0.6585365853658537,0.7073170731707317
4,200,1,0.18556365142163805,0.4268292682926829,0.6463414634146342,0.2804878048780488,0.3780487804878049,0.2682926829268293,0.43902439024390244,0.6341463414634146,0.7804878048780488,0.6219512195121951,0.6707317073170732,0.34146341463414637,0.7073170731707317,0.2804878048780488,0.4146341463414634,0.2804878048780488,0.47560975609756095,0.6463414634146342,0.2804878048780488,0.6463414634146342,0.5853658536585366,0.524390243902439,0.8902439024390244,0.4024390243902439,0.25609756097560976,0.3048780487804878,0.47560975609756095,0.7804878048780488,0.23170731707317074,0.5975609756097561,0.7317073170731707
4,200,2,0.1768923352631097,0.5487804878048781,0.45121951219512196,0.34146341463414637,0.8292682926829268,0.21951219512195122,0.5365853658536586,0.36585365853658536,0.8414634146341463,0.43902439024390244,0.6219512195121951,0.35365853658536583,0.8048780487804879,0.4024390243902439,0.21951219512195122,0.6951219512195121,0.5365853658536586,0.6463414634146342,0.25609756097560976,0.7073170731707317,0.5365853658536586,0.4268292682926829,0.5365853658536586,0.23170731707317074,0.36585365853658536,0.45121951219512196,0.6585365853658537,0.6707317073170732,0.2926829268292683,0.5487804878048781,0.4634146341463415
4,200,3,0.16768477456483818,0.3170731707317073,0.3902439024390244,0.4268292682926829,0.7804878048780488,0.25609756097560976,0.4024390243902439,0.5609756097560976,0.7317073170731707,0.47560975609756095,0.2073170731707317,0.4268292682926829,0.4878048780487805,0.6951219512195121,0.3780487804878049,0.5853658536585366,0.6463414634146342,0.8658536585365854,0.3902439024390244,0.6219512195121951,0.4878048780487805,0.4024390243902439,0.2926829268292683,0.3902439024390244,0.4268292682926829,0.3780487804878049,0.6707317073170732,0.7439024390243902,0.7439024390243902,0.36585365853658536,0.45121951219512196
4,200,4,0.14388176784148904,0.4268292682926829,0.4024390243902439,0.4146341463414634,0.5487804878048781,0.5487804878048781,0.24390243902439024,0.4634146341463415,0.7195121951219512,0.4024390243902439,0.3170731707317073,0.5609756097560976,0.5609756097560976,0.7926829268292683,0.45121951219512196,0.5853658536585366,0.4268292682926829,0.7195121951219512,0.34146341463414637,0.5,0.47560975609756095,0.4024390243902439,0.47560975609756095,0.24390243902439024,0.5609756097560976,0.5609756097560976,0.6463414634146342,0.7195121951219512,0.7439024390243902,0.43902439024390244,0.3048780487804878
4,200,5,0.14109849203197813,0.8780487804878049,0.4146341463414634,0.5853658536585366,0.34146341463414637,0.5,0.2073170731707317,0.3048780487804878,0.6219512195121951,0.3902439024390244,0.4268292682926829,0.4024390243902439,0.5121951219512195,0.32926829268292684,0.6097560975609756,0.6585365853658537,0.7926829268292683,0.573170731707317,0.4268292682926829,0.36585365853658536,0.5121951219512195,0.5975609756097561,0.6097560975609756,0.5121951219512195,0.6097560975609756,0.5121951219512195,0.43902439024390244,0.524390243902439,0.5487804878048781,0.34146341463414637,0.45121951219512196
4,200,6,0.1387245375664378,0.524390243902439,0.5365853658536586,0.43902439024390244,0.3902439024390244,0.7560975609756098,0.5609756097560976,0.4268292682926829,0.43902439024390244,0.5365853658536586,0.47560975609756095,0.5121951219512195,0.5365853658536586,0.47560975609756095,0.47560975609756095,0.573170731707317,0.7926829268292683,0.4268292682926829,0.6951219512195121,0.47560975609756095,0.24390243902439024,0.6951219512195121,0.7317073170731707,0.3170731707317073,0.6219512195121951,0.4024390243902439,0.2682926829268293,0.3780487804878049,0.3170731707317073,0.3780487804878049,0.5975609756097561
4,200,7,0.13623648823189213,0.573170731707317,0.3902439024390244,0.5853658536585366,0.34146341463414637,0.5365853658536586,0.7926829268292683,0.47560975609756095,0.45121951219512196,0.43902439024390244,0.5,0.3902439024390244,0.4268292682926829,0.6707317073170732,0.5487804878048781,0.23170731707317074,0.6829268292682927,0.4024390243902439,0.6219512195121951,0.7073170731707317,0.3902439024390244,0.5487804878048781,0.5487804878048781,0.6829268292682927,0.3048780487804878,0.43902439024390244,0.35365853658536583,0.25609756097560976,0.6219512195121951,0.5365853658536586,0.5487804878048781
4,200,8,0.13318204782320892,0.5365853658536586,0.6585365853658537,0.5365853658536586,0.6707317073170732,0.3780487804878049,0.573170731707317,0.32926829268292684,0.3170731707317073,0.5975609756097561,0.3902439024390244,0.524390243902439,0.35365853658536583,0.45121951219512196,0.6463414634146342,0.17073170731707318,0.524390243902439,0.47560975609756095,0.3780487804878049,0.5975609756097561,0.3780487804878049,0.6585365853658537,0.3048780487804878,0.6463414634146342,0.5975609756097561,0.3780487804878049,0.5,0.5853658536585366,0.5487804878048781,0.5609756097560976,0.7317073170731707
4,200,9,0.12867635602719035,0.32926829268292684,0.43902439024390244,0.47560975609756095,0.5853658536585366,0.4878048780487805,0.5975609756097561,0.5365853658536586,0.4878048780487805,0.5121951219512195,0.6097560975609756,0.6707317073170732,0.45121951219512196,0.45121951219512196,0.6951219512195121,0.43902439024390244,0.32926829268292684,0.34146341463414637,0.4878048780487805,0.5121951219512195,0.3048780487804878,0.3902439024390244,0.5,0.6341463414634146,0.524390243902439,0.32926829268292684,0.5609756097560976,0.24390243902439024,0.7682926829268293,0.5609756097560976,0.7439024390243902
0,225,0,0.24707288983041678,0.25609756097560976,0.6341463414634146,0.7073170731707317,0.3048780487804878,0.6097560975609756,0.2926829268292683,0.6951219512195121,0.2682926829268293,0.18292682926829268,0.2926829268292683,0.6341463414634146,0.6829268292682927,0.18292682926829268,0.9634146341463414,0.8780487804878049,0.25609756097560976,0.6341463414634146,0.1951219512195122,0.6097560975609756,0.7073170731707317,0.17073170731707318,0.36585365853658536,0.36585365853658536,0.4146341463414634,0.6585365853658537,0.8292682926829268,0.25609756097560976,0.2926829268292683,0.6829268292682927,0.975609756097561
0,225,1,0.2377892427630508,0.2073170731707317,0.43902439024390244,0.7926829268292683,0.25609756097560976,0.6707317073170732,0.2804878048780488,0.5487804878048781,0.25609756097560976,0.6341463414634146,0.2926829268292683,0.6707317073170732,0.5975609756097561,0.17073170731707318,0.9634146341463414,0.9146341463414634,0.2682926829268293,0.47560975609756095,0.25609756097560976,0.6341463414634146,0.7073170731707317,0.18292682926829268,0.35365853658536583,0.2926829268292683,0.36585365853658536,0.6219512195121951,0.8658536585365854,0.5975609756097561,0.3780487804878049,0.3780487804878049,0.926829268292683
0,225,2,0.1919973395281336,0.34146341463414637,0.5,0.8658536585365854,0.2073170731707317,0.45121951219512196,0.3902439024390244,0.2682926829268293,0.5975609756097561,0.7317073170731707,0.35365853658536583,0.4878048780487805,0.8780487804878049,0.5121951219512195,0.4024390243902439,1.0,0.2926829268292683,0.3780487804878049,0.5365853658536586,0.5853658536585366,0.4146341463414634,0.6097560975609756,0.3170731707317073,0.573170731707317,0.4268292682926829,0.4268292682926829,0.8048780487804879,0.5975609756097561,0.35365853658536583,0.35365853658536583,0.34146341463414637
0,225,3,0.17090583454980346,0.6219512195121951,0.2682926829268293,0.5609756097560976,0.32926829268292684,0.5487804878048781,0.18292682926829268,0.3902439024390244,0.7073170731707317,0.5853658536585366,0.24390243902439024,0.45121951219512196,0.8048780487804879,0.5853658536585366,0.524390243902439,1.0,0.3902439024390244,0.3902439024390244,0.6951219512195121,0.4268292682926829,0.32926829268292684,0.5609756097560976,0.4024390243902439,0.5975609756097561,0.4146341463414634,0.3780487804878049,0.43902439024390244,0.5853658536585366,0.6829268292682927,0.45121951219512196,0.45121951219512196
0,225,4,0.18513571507473214,0.5609756097560976,0.3902439024390244,0.1951219512195122,0.36585365853658536,0.5853658536585366,0.4024390243902439,0.47560975609756095,0.5365853658536586,0.7560975609756098,0.2073170731707317,0.5853658536585366,0.7804878048780488,0.524390243902439,0.34146341463414637,1.0,0.4146341463414634,0.4878048780487805,0.7560975609756098,0.524390243902439,0.45121951219512196,0.4634146341463415,0.35365853658536583,0.43902439024390244,0.4268292682926829,0.23170731707317074,0.43902439024390244,0.7195121951219512,0.8292682926829268,0.3780487804878049,0.3780487804878049
0,225,5,0.1713693088503994,0.5853658536585366,0.36585365853658536,0.5853658536585366,0.7926829268292683,0.3780487804878049,0.4146341463414634,0.4878048780487805,0.47560975609756095,0.36585365853658536,0.6707317073170732,0.2073170731707317,0.4024390243902439,0.6951219512195121,0.32926829268292684,0.926829268292683,0.43902439024390244,0.47560975609756095,0.3170731707317073,0.47560975609756095,0.34146341463414637,0.6219512195121951,0.4634146341463415,0.45121951219512196,0.36585365853658536,0.3780487804878049,0.7682926829268293,0.5853658536585366,0.34146341463414637,0.43902439024390244,0.8536585365853658
0,225,6,0.1702664974406414,0.5,0.4268292682926829,0.47560975609756095,0.6585365853658537,0.3780487804878049,0.7195121951219512,0.4634146341463415,0.47560975609756095,0.4268292682926829,0.7317073170731707,0.24390243902439024,0.4024390243902439,0.4024390243902439,0.2926829268292683,0.9390243902439024,0.43902439024390244,0.35365853658536583,0.4024390243902439,0.35365853658536583,0.6219512195121951,0.4634146341463415,0.5853658536585366,0.3780487804878049,0.4024390243902439,0.4146341463414634,0.6341463414634146,0.32926829268292684,0.4146341463414634,0.7926829268292683,0.8780487804878049
0,225,7,0.18518926119734846,0.18292682926829268,0.4024390243902439,0.5,0.7073170731707317,0.25609756097560976,0.6341463414634146,0.5853658536585366,0.25609756097560976,0.5,0.7560975609756098,0.4634146341463415,0.975609756097561,0.36585365853658536,0.4634146341463415,0.4634146341463415,0.24390243902439024,0.4634146341463415,0.524390243902439,0.34146341463414637,0.6463414634146342,0.6341463414634146,0.34146341463414637,0.5975609756097561,0.524390243902439,0.4634146341463415,0.3170731707317073,0.36585365853658536,0.47560975609756095,0.6219512195121951,0.926829268292683
0,225,8,0.1798108597128444,0.2804878048780488,0.47560975609756095,0.35365853658536583,0.7195121951219512,0.35365853658536583,0.6341463414634146,0.6219512195121951,0.4634146341463415,0.47560975609756095,0.2926829268292683,0.5365853658536586,0.9634146341463414,0.1951219512195122,0.43902439024390244,0.5975609756097561,0.2682926829268293,0.5609756097560976,0.573170731707317,0.3780487804878049,0.573170731707317,0.5609756097560976,0.34146341463414637,0.4878048780487805,0.4878048780487805,0.47560975609756095,0.4268292682926829,0.2073170731707317,0.6463414634146342,0.7073170731707317,0.9024390243902439
0,225,9,0.1351771188487235,0.4634146341463415,0.524390243902439,0.45121951219512196,0.6951219512195121,0.4634146341463415,0.3902439024390244,0.47560975609756095,0.5,0.3048780487804878,0.3780487804878049,0.5853658536585366,0.9512195121951219,0.4878048780487805,0.4024390243902439,0.4634146341463415,0.4146341463414634,0.47560975609756095,0.5975609756097561,0.36585365853658536,0.5365853658536586,0.5,0.43902439024390244,0.4024390243902439,0.47560975609756095,0.6219512195121951,0.35365853658536583,0.36585365853658536,0.5487804878048781,0.5365853658536586,0.8292682926829268
1,225,0,0.1951727576130876,0.9390243902439024,0.3048780487804878,0.6219512195121951,0.18292682926829268,0.8292682926829268,0.2073170731707317,0.4268292682926829,0.6829268292682927,0.34146341463414637,0.32926829268292684,0.34146341463414637,0.3780487804878049,0.3902439024390244,0.6097560975609756,0.24390243902439024,0.6341463414634146,0.7804878048780488,0.7073170731707317,0.6951219512195121,0.25609756097560976,0.5975609756097561,0.5365853658536586,0.3902439024390244,0.5487804878048781,0.7073170731707317,0.24390243902439024,0.5609756097560976,0.45121951219512196,0.5121951219512195,0.5487804878048781
1,225,1,0.16915649643316785,0.6829268292682927,0.43902439024390244,0.7073170731707317,0.3048780487804878,0.36585365853658536,0.23170731707317074,0.5487804878048781,0.5,0.35365853658536583,0.8414634146341463,0.5121951219512195,0.5121951219512195,0.32926829268292684,0.6951219512195121,0.24390243902439024,0.5975609756097561,0.4146341463414634,0.5121951219512195,0.4024390243902439,0.12195121951219512,0.5609756097560976,0.8048780487804879,0.34146341463414637,0.5487804878048781,0.5,0.7560975609756098,0.6219512195121951,0.5487804878048781,0.4878048780487805,0.5121951219512195
1,225,2,0.18019642487236992,0.7073170731707317,0.4146341463414634,0.5609756097560976,0.6463414634146342,0.5975609756097561,0.6951219512195121,0.5,0.24390243902439024,0.34146341463414637,0.8536585365853658,0.34146341463414637,0.43902439024390244,0.7073170731707317,0.5975609756097561,0.3170731707317073,0.8048780487804879,0.2804878048780488,0.3902439024390244,0.2926829268292683,0.4024390243902439,0.25609756097560976,0.7195121951219512,0.45121951219512196,0.524390243902439,0.5121951219512195,0.8536585365853658,0.4878048780487805,0.35365853658536583,0.43902439024390244,0.2682926829268293
1,225,3,0.17491960137239965,0.5,0.6341463414634146,0.3048780487804878,0.6097560975609756,0.4634146341463415,0.7804878048780488,0.36585365853658536,0.34146341463414637,0.47560975609756095,0.7804878048780488,0.5121951219512195,0.3902439024390244,0.524390243902439,0.7682926829268293,0.32926829268292684,0.9146341463414634,0.2804878048780488,0.36585365853658536,0.5121951219512195,0.5121951219512195,0.35365853658536583,0.7073170731707317,0.2682926829268293,0.7073170731707317,0.6341463414634146,0.5365853658536586,0.4024390243902439,0.34146341463414637,0.4634146341463415,0.21951219512195122
1,225,4,0.1533549717896217,0.4024390243902439,0.6097560975609756,0.524390243902439,0.4878048780487805,0.4146341463414634,0.7804878048780488,0.35365853658536583,0.35365853658536583,0.4024390243902439,0.8048780487804879,0.6097560975609756,0.4024390243902439,0.6219512195121951,0.5975609756097561,0.7073170731707317,0.8780487804878049,0.4878048780487805,0.3780487804878049,0.4146341463414634,0.4268292682926829,0.2926829268292683,0.6585365853658537,0.3902439024390244,0.2682926829268293,0.32926829268292684,0.5853658536585366,0.47560975609756095,0.4878048780487805,0.5,0.35365853658536583
1,225,5,0.15687054546631707,0.2073170731707317,0.4634146341463415,0.8292682926829268,0.45121951219512196,0.6951219512195121,0.6219512195121951,0.3780487804878049,0.6341463414634146,0.524390243902439,0.8292682926829268,0.4634146341463415,0.7804878048780488,0.36585365853658536,0.3048780487804878,0.5487804878048781,0.4268292682926829,0.4878048780487805,0.5853658536585366,0.24390243902439024,0.5365853658536586,0.3902439024390244,0.3170731707317073,0.5487804878048781,0.4878048780487805,0.32926829268292684,0.573170731707317,0.6097560975609756,0.573170731707317,0.34146341463414637,0.45121951219512196
1,225,6,0.16452118979551267,0.32926829268292684,0.4268292682926829,0.7317073170731707,0.3170731707317073,0.7195121951219512,0.4024390243902439,0.5,0.7560975609756098,0.34146341463414637,0.24390243902439024,0.3780487804878049,0.6341463414634146,0.5853658536585366,0.35365853658536583,0.7073170731707317,0.45121951219512196,0.5,0.8170731707317073,0.524390243902439,0.45121951219512196,0.3780487804878049,0.4024390243902439,0.8780487804878049,0.43902439024390244,0.35365853658536583,0.6707317073170732,0.34146341463414637,0.524390243902439,0.36585365853658536,0.47560975609756095
1,225,7,0.15909844153463837,0.4268292682926829,0.2926829268292683,0.6585365853658537,0.21951219512195122,0.7560975609756098,0.7317073170731707,0.6097560975609756,0.45121951219512196,0.4268292682926829,0.2682926829268293,0.3902439024390244,0.5121951219512195,0.5975609756097561,0.5853658536585366,0.4268292682926829,0.35365853658536583,0.4146341463414634,0.8658536585365854,0.5853658536585366,0.36585365853658536,0.35365853658536583,0.7560975609756098,0.6707317073170732,0.6341463414634146,0.4878048780487805,0.43902439024390244,0.573170731707317,0.35365853658536583,0.45121951219512196,0.34146341463414637
1,225,8,0.12352641231317657,0.5487804878048781,0.4146341463414634,0.6585365853658537,0.3780487804878049,0.6585365853658537,0.6463414634146342,0.6951219512195121,0.2682926829268293,0.43902439024390244,0.4268292682926829,0.2804878048780488,0.3780487804878049,0.6097560975609756,0.5487804878048781,0.32926829268292684,0.573170731707317,0.4268292682926829,0.5853658536585366,0.5487804878048781,0.32926829268292684,0.7073170731707317,0.5121951219512195,0.524390243902439,0.4634146341463415,0.6097560975609756,0.5487804878048781,0.6341463414634146,0.3902439024390244,0.3780487804878049,0.4878048780487805
1,225,9,0.11491920965258288,0.4878048780487805,0.5365853658536586,0.43902439024390244,0.4146341463414634,0.6951219512195121,0.6585365853658537,0.7439024390243902,0.5365853658536586,0.4146341463414634,0.5121951219512195,0.524390243902439,0.5121951219512195,0.3780487804878049,0.43902439024390244,0.47560975609756095,0.3780487804878049,0.524390243902439,0.6829268292682927,0.4024390243902439,0.4878048780487805,0.573170731707317,0.2682926829268293,0.6585365853658537,0.35365853658536583,0.45121951219512196,0.45121951219512196,0.5975609756097561,0.6341463414634146,0.3170731707317073,0.45121951219512196
2,225,0,0.16915649643316782,0.3902439024390244,0.2926829268292683,0.5487804878048781,0.6463414634146342,0.6829268292682927,0.6829268292682927,0.4878048780487805,0.3780487804878049,0.6707317073170732,0.7195121951219512,0.4024390243902439,0.5853658536585366,0.2682926829268293,0.6829268292682927,0.3170731707317073,0.2804878048780488,0.3780487804878049,0.24390243902439024,0.6707317073170732,0.7195121951219512,0.6829268292682927,0.7317073170731707,0.5365853658536586,0.5365853658536586,0.4268292682926829,0.4024390243902439,0.47560975609756095,0.21951219512195122,0.6829268292682927,0.25609756097560976
2,225,1,0.13329366850028745,0.34146341463414637,0.4146341463414634,0.5487804878048781,0.5487804878048781,0.5609756097560976,0.573170731707317,0.3780487804878049,0.3780487804878049,0.5365853658536586,0.4146341463414634,0.45121951219512196,0.5365853658536586,0.3048780487804878,0.7682926829268293,0.524390243902439,0.5121951219512195,0.47560975609756095,0.7926829268292683,0.6829268292682927,0.6463414634146342,0.5609756097560976,0.2926829268292683,0.45121951219512196,0.6097560975609756,0.4878048780487805,0.5,0.3902439024390244,0.21951219512195122,0.6829268292682927,0.4146341463414634
2,225,2,0.15159931323966236,0.4878048780487805,0.6219512195121951,0.5487804878048781,0.5365853658536586,0.23170731707317074,0.4878048780487805,0.2926829268292683,0.32926829268292684,0.6463414634146342,0.6341463414634146,0.4268292682926829,0.6829268292682927,0.6341463414634146,0.4146341463414634,0.6707317073170732,0.4146341463414634,0.45121951219512196,0.926829268292683,0.5,0.3170731707317073,0.35365853658536583,0.4878048780487805,0.5853658536585366,0.5121951219512195,0.4146341463414634,0.3048780487804878,0.3902439024390244,0.4024390243902439,0.7682926829268293,0.524390243902439
2,225,3,0.17457918015833132,0.5,0.7560975609756098,0.6341463414634146,0.5121951219512195,0.3902439024390244,0.35365853658536583,0.25609756097560976,0.45121951219512196,0.43902439024390244,0.5853658536585366,0.45121951219512196,0.4634146341463415,0.7317073170731707,0.45121951219512196,0.8536585365853658,0.32926829268292684,0.573170731707317,0.9024390243902439,0.2804878048780488,0.2073170731707317,0.32926829268292684,0.47560975609756095,0.45121951219512196,0.5365853658536586,0.6097560975609756,0.3170731707317073,0.2682926829268293,0.6829268292682927,0.7073170731707317,0.5
2,225,4,0.15202382480241386,0.45121951219512196,0.7926829268292683,0.3902439024390244,0.36585365853658536,0.3780487804878049,0.32926829268292684,0.4024390243902439,0.47560975609756095,0.4024390243902439,0.5487804878048781,0.3902439024390244,0.6951219512195121,0.6097560975609756,0.524390243902439,0.7926829268292683,0.35365853658536583,0.573170731707317,0.7439024390243902,0.25609756097560976,0.2804878048780488,0.3902439024390244,0.5853658536585366,0.47560975609756095,0.6097560975609756,0.6585365853658537,0.3170731707317073,0.4634146341463415,0.7682926829268293,0.524390243902439,0.45121951219512196
2,225,5,0.13164708047405704,0.36585365853658536,0.573170731707317,0.4268292682926829,0.5853658536585366,0.3902439024390244,0.5121951219512195,0.4268292682926829,0.6707317073170732,0.34146341463414637,0.47560975609756095,0.524390243902439,0.6707317073170732,0.47560975609756095,0.23170731707317074,0.573170731707317,0.6829268292682927,0.524390243902439,0.7195121951219512,0.4146341463414634,0.23170731707317074,0.45121951219512196,0.6219512195121951,0.45121951219512196,0.5853658536585366,0.6707317073170732,0.34146341463414637,0.4146341463414634,0.6951219512195121,0.3902439024390244,0.5609756097560976
2,225,6,0.12097167578182678,0.6707317073170732,0.3170731707317073,0.5975609756097561,0.5487804878048781,0.5609756097560976,0.6585365853658537,0.3780487804878049,0.7560975609756098,0.43902439024390244,0.34146341463414637,0.43902439024390244,0.5975609756097561,0.3902439024390244,0.47560975609756095,0.4634146341463415,0.524390243902439,0.47560975609756095,0.6341463414634146,0.7317073170731707,0.6585365853658537,0.32926829268292684,0.4268292682926829,0.4268292682926829,0.43902439024390244,0.4024390243902439,0.5853658536585366,0.34146341463414637,0.4878048780487805,0.3780487804878049,0.524390243902439
2,225,7,0.1568705454663171,0.8292682926829268,0.5853658536585366,0.45121951219512196,0.5121951219512195,0.5,0.8292682926829268,0.35365853658536583,0.7926829268292683,0.4878048780487805,0.2926829268292683,0.43902439024390244,0.4634146341463415,0.4634146341463415,0.4268292682926829,0.3780487804878049,0.45121951219512196,0.4024390243902439,0.4024390243902439,0.4878048780487805,0.524390243902439,0.6707317073170732,0.926829268292683,0.36585365853658536,0.4878048780487805,0.5,0.4146341463414634,0.43902439024390244,0.3902439024390244,0.47560975609756095,0.25609756097560976
2,225,8,0.12975059588556473,0.5975609756097561,0.7804878048780488,0.3048780487804878,0.2804878048780488,0.6463414634146342,0.7073170731707317,0.3902439024390244,0.5365853658536586,0.4268292682926829,0.47560975609756095,0.45121951219512196,0.47560975609756095,0.3780487804878049,0.36585365853658536,0.6463414634146342,0.5365853658536586,0.2926829268292683,0.43902439024390244,0.5609756097560976,0.6951219512195121,0.4268292682926829,0.6341463414634146,0.4878048780487805,0.45121951219512196,0.4878048780487805,0.6585365853658537,0.6341463414634146,0.36585365853658536,0.47560975609756095,0.3902439024390244
2,225,9,0.12456547517109401,0.47560975609756095,0.6463414634146342,0.4268292682926829,0.36585365853658536,0.524390243902439,0.4878048780487805,0.6463414634146342,0.5121951219512195,0.8292682926829268,0.32926829268292684,0.36585365853658536,0.5365853658536586,0.43902439024390244,0.4146341463414634,0.6463414634146342,0.5487804878048781,0.43902439024390244,0.45121951219512196,0.3780487804878049,0.6707317073170732,0.5121951219512195,0.47560975609756095,0.32926829268292684,0.4146341463414634,0.6097560975609756,0.47560975609756095,0.7682926829268293,0.5365853658536586,0.3780487804878049,0.36585365853658536
3,225,0,0.195958572270776,0.43902439024390244,0.2682926829268293,0.7073170731707317,0.5121951219512195,0.21951219512195122,0.6585365853658537,0.6219512195121951,0.24390243902439024,0.9024390243902439,0.34146341463414637,0.5609756097560976,0.7317073170731707,0.6463414634146342,0.7195121951219512,0.2804878048780488,0.25609756097560976,0.23170731707317074,0.6219512195121951,0.6585365853658537,0.35365853658536583,0.5,0.35365853658536583,0.1951219512195122,0.6463414634146342,0.6951219512195121,0.7439024390243902,0.32926829268292684,0.6219512195121951,0.5975609756097561,0.34146341463414637
3,225,1,0.16985839362419658,0.5121951219512195,0.3902439024390244,0.5,0.45121951219512196,0.35365853658536583,0.524390243902439,0.6829268292682927,0.3048780487804878,0.5365853658536586,0.3048780487804878,0.6341463414634146,0.6829268292682927,0.9146341463414634,0.7682926829268293,0.25609756097560976,0.4878048780487805,0.21951219512195122,0.6585365853658537,0.5487804878048781,0.3170731707317073,0.573170731707317,0.2804878048780488,0.3902439024390244,0.5609756097560976,0.6585365853658537,0.4634146341463415,0.35365853658536583,0.6585365853658537,0.7073170731707317,0.3048780487804878
3,225,2,0.16248979894459506,0.5487804878048781,0.6585365853658537,0.3902439024390244,0.6097560975609756,0.8536585365853658,0.4024390243902439,0.5,0.4268292682926829,0.4146341463414634,0.4024390243902439,0.4024390243902439,0.4878048780487805,0.9634146341463414,0.5365853658536586,0.47560975609756095,0.6463414634146342,0.47560975609756095,0.4024390243902439,0.5365853658536586,0.5975609756097561,0.5365853658536586,0.3902439024390244,0.43902439024390244,0.4024390243902439,0.45121951219512196,0.34146341463414637,0.3780487804878049,0.8292682926829268,0.32926829268292684,0.17073170731707318
3,225,3,0.16798015047557657,0.3902439024390244,0.7195121951219512,0.47560975609756095,0.5365853658536586,0.8414634146341463,0.4146341463414634,0.5121951219512195,0.43902439024390244,0.35365853658536583,0.2682926829268293,0.2926829268292683,0.45121951219512196,0.8292682926829268,0.4268292682926829,0.34146341463414637,0.524390243902439,0.4878048780487805,0.6707317073170732,0.5487804878048781,0.43902439024390244,0.4878048780487805,0.5975609756097561,0.5609756097560976,0.32926829268292684,0.5365853658536586,0.25609756097560976,0.8780487804878049,0.7195121951219512,0.25609756097560976,0.4146341463414634
3,225,4,0.16527277520533432,0.524390243902439,0.5609756097560976,0.4634146341463415,0.32926829268292684,0.8414634146341463,0.573170731707317,0.4024390243902439,0.35365853658536583,0.5,0.5853658536585366,0.12195121951219512,0.4634146341463415,0.7317073170731707,0.2804878048780488,0.3902439024390244,0.5,0.5853658536585366,0.6585365853658537,0.47560975609756095,0.5365853658536586,0.4878048780487805,0.6463414634146342,0.32926829268292684,0.43902439024390244,0.3780487804878049,0.45121951219512196,0.7804878048780488,0.8780487804878049,0.4024390243902439,0.32926829268292684
3,225,5,0.1555057378467813,0.7926829268292683,0.6829268292682927,0.5121951219512195,0.7682926829268293,0.43902439024390244,0.5121951219512195,0.3170731707317073,0.5975609756097561,0.45121951219512196,0.6097560975609756,0.3170731707317073,0.34146341463414637,0.5487804878048781,0.4024390243902439,0.25609756097560976,0.4634146341463415,0.5121951219512195,0.45121951219512196,0.47560975609756095,0.4634146341463415,0.36585365853658536,0.4268292682926829,0.43902439024390244,0.45121951219512196,0.1951219512195122,0.6097560975609756,0.9390243902439024,0.5853658536585366,0.5365853658536586,0.5365853658536586
3,225,6,0.166020958184245,0.5121951219512195,0.47560975609756095,0.6463414634146342,0.6585365853658537,0.3780487804878049,0.6097560975609756,0.25609756097560976,0.8170731707317073,0.32926829268292684,0.32926829268292684,0.5975609756097561,0.7560975609756098,0.524390243902439,0.6707317073170732,0.35365853658536583,0.47560975609756095,0.2804878048780488,0.6097560975609756,0.36585365853658536,0.23170731707317074,0.43902439024390244,0.4146341463414634,0.7195121951219512,0.34146341463414637,0.2926829268292683,0.4878048780487805,0.7439024390243902,0.3780487804878049,0.5853658536585366,0.7195121951219512
3,225,7,0.1541610057859559,0.5365853658536586,0.3902439024390244,0.573170731707317,0.6341463414634146,0.34146341463414637,0.43902439024390244,0.4878048780487805,0.8780487804878049,0.43902439024390244,0.35365853658536583,0.6097560975609756,0.5609756097560976,0.36585365853658536,0.8170731707317073,0.7073170731707317,0.34146341463414637,0.3902439024390244,0.36585365853658536,0.4024390243902439,0.32926829268292684,0.6707317073170732,0.5,0.7073170731707317,0.573170731707317,0.5609756097560976,0.4024390243902439,0.18292682926829268,0.3780487804878049,0.524390243902439,0.5365853658536586
3,225,8,0.12898419463944272,0.6341463414634146,0.2682926829268293,0.6585365853658537,0.3902439024390244,0.5121951219512195,0.4878048780487805,0.4878048780487805,0.6219512195121951,0.36585365853658536,0.3902439024390244,0.573170731707317,0.5365853658536586,0.6097560975609756,0.6097560975609756,0.7682926829268293,0.45121951219512196,0.4146341463414634,0.6829268292682927,0.4878048780487805,0.34146341463414637,0.6585365853658537,0.3902439024390244,0.43902439024390244,0.6463414634146342,0.6097560975609756,0.4634146341463415,0.24390243902439024,0.34146341463414637,0.4146341463414634,0.5
3,225,9,0.12436632959982405,0.5609756097560976,0.36585365853658536,0.5609756097560976,0.3780487804878049,0.6829268292682927,0.6219512195121951,0.47560975609756095,0.4024390243902439,0.524390243902439,0.4634146341463415,0.43902439024390244,0.524390243902439,0.45121951219512196,0.35365853658536583,0.7926829268292683,0.5609756097560976,0.5853658536585366,0.5853658536585366,0.35365853658536583,0.7804878048780488,0.2804878048780488,0.5487804878048781,0.4878048780487805,0.4878048780487805,0.5365853658536586,0.573170731707317,0.3780487804878049,0.3902439024390244,0.5609756097560976,0.2926829268292683
4,225,0,0.21127264207209165,0.45121951219512196,0.7317073170731707,0.7195121951219512,0.5365853658536586,0.5609756097560976,0.13414634146341464,0.45121951219512196,0.6097560975609756,0.5365853658536586,0.573170731707317,0.2804878048780488,0.6463414634146342,0.3170731707317073,0.7682926829268293,0.6707317073170732,0.24390243902439024,0.5487804878048781,0.43902439024390244,0.3170731707317073,0.6463414634146342,0.8170731707317073,0.9390243902439024,0.7439024390243902,0.2926829268292683,0.25609756097560976,0.7195121951219512,0.2926829268292683,0.15853658536585366,0.2926829268292683,0.3048780487804878
4,225,1,0.1845725429121711,0.5975609756097561,0.7195121951219512,0.5487804878048781,0.47560975609756095,0.36585365853658536,0.4146341463414634,0.4146341463414634,0.7317073170731707,0.5365853658536586,0.4268292682926829,0.4146341463414634,0.6951219512195121,0.24390243902439024,0.7926829268292683,0.47560975609756095,0.4024390243902439,0.32926829268292684,0.3048780487804878,0.1951219512195122,0.6585365853658537,0.6829268292682927,0.9634146341463414,0.7195121951219512,0.3170731707317073,0.25609756097560976,0.573170731707317,0.4146341463414634,0.3780487804878049,0.6463414634146342,0.3048780487804878
4,225,2,0.17415271788103104,0.5975609756097561,0.4146341463414634,0.2682926829268293,0.47560975609756095,0.5121951219512195,0.4878048780487805,0.4268292682926829,0.7317073170731707,0.4146341463414634,0.3048780487804878,0.926829268292683,0.8414634146341463,0.25609756097560976,0.36585365853658536,0.47560975609756095,0.524390243902439,0.2804878048780488,0.5609756097560976,0.573170731707317,0.2682926829268293,0.5121951219512195,0.47560975609756095,0.7073170731707317,0.3902439024390244,0.25609756097560976,0.5609756097560976,0.4634146341463415,0.43902439024390244,0.7804878048780488,0.7073170731707317
4,225,3,0.18148483132643992,0.18292682926829268,0.4146341463414634,0.2804878048780488,0.3902439024390244,0.32926829268292684,0.5609756097560976,0.4024390243902439,0.47560975609756095,0.5975609756097561,0.4146341463414634,0.9634146341463414,0.5365853658536586,0.43902439024390244,0.3048780487804878,0.5609756097560976,0.524390243902439,0.5609756097560976,0.5365853658536586,0.8414634146341463,0.34146341463414637,0.36585365853658536,0.6097560975609756,0.3048780487804878,0.5975609756097561,0.3170731707317073,0.5609756097560976,0.32926829268292684,0.6585365853658537,0.8414634146341463,0.7560975609756098
4,225,4,0.1837650173407741,0.47560975609756095,0.2073170731707317,0.24390243902439024,0.5853658536585366,0.45121951219512196,0.7073170731707317,0.4634146341463415,0.2073170731707317,0.4268292682926829,0.4024390243902439,0.9512195121951219,0.45121951219512196,0.524390243902439,0.3048780487804878,0.5853658536585366,0.5365853658536586,0.4268292682926829,0.8414634146341463,0.45121951219512196,0.3780487804878049,0.43902439024390244,0.3048780487804878,0.4878048780487805,0.6463414634146342,0.45121951219512196,0.2804878048780488,0.5,0.8048780487804879,0.7317073170731707,0.7317073170731707
4,225,5,0.1648222352253113,0.524390243902439,0.4146341463414634,0.6707317073170732,0.4268292682926829,0.35365853658536583,0.573170731707317,0.4634146341463415,0.17073170731707318,0.6219512195121951,0.43902439024390244,0.926829268292683,0.17073170731707318,0.6951219512195121,0.32926829268292684,0.7926829268292683,0.45121951219512196,0.47560975609756095,0.4146341463414634,0.5975609756097561,0.3170731707317073,0.35365853658536583,0.3170731707317073,0.573170731707317,0.5975609756097561,0.5609756097560976,0.5121951219512195,0.45121951219512196,0.573170731707317,0.5365853658536586,0.6951219512195121
4,225,6,0.14211372811665576,0.4146341463414634,0.6829268292682927,0.6341463414634146,0.43902439024390244,0.25609756097560976,0.5487804878048781,0.36585365853658536,0.4268292682926829,0.7195121951219512,0.6341463414634146,0.8902439024390244,0.3780487804878049,0.2804878048780488,0.4634146341463415,0.6219512195121951,0.4878048780487805,0.5609756097560976,0.3902439024390244,0.5609756097560976,0.47560975609756095,0.43902439024390244,0.7073170731707317,0.5365853658536586,0.5853658536585366,0.5121951219512195,0.2804878048780488,0.4878048780487805,0.3780487804878049,0.35365853658536583,0.4878048780487805
4,225,7,0.15769004756336208,0.9024390243902439,0.524390243902439,0.7317073170731707,0.45121951219512196,0.4268292682926829,0.47560975609756095,0.3170731707317073,0.3780487804878049,0.4024390243902439,0.524390243902439,0.35365853658536583,0.5853658536585366,0.2682926829268293,0.524390243902439,0.36585365853658536,0.25609756097560976,0.4146341463414634,0.6585365853658537,0.4634146341463415,0.7317073170731707,0.6463414634146342,0.5853658536585366,0.6707317073170732,0.7560975609756098,0.3170731707317073,0.47560975609756095,0.6097560975609756,0.43902439024390244,0.43902439024390244,0.3048780487804878
4,225,8,0.12251900345098732,0.4024390243902439,0.6707317073170732,0.4634146341463415,0.6707317073170732,0.573170731707317,0.47560975609756095,0.23170731707317074,0.4634146341463415,0.3048780487804878,0.32926829268292684,0.4878048780487805,0.6097560975609756,0.47560975609756095,0.5121951219512195,0.2926829268292683,0.3780487804878049,0.5121951219512195,0.7073170731707317,0.5121951219512195,0.6341463414634146,0.5975609756097561,0.47560975609756095,0.34146341463414637,0.6219512195121951,0.524390243902439,0.5,0.5,0.4268292682926829,0.6585365853658537,0.6463414634146342
4,225,9,0.15441804807498033,0.4634146341463415,0.6585365853658537,0.4024390243902439,0.6707317073170732,0.4024390243902439,0.4268292682926829,0.35365853658536583,0.21951219512195122,0.45121951219512196,0.3780487804878049,0.6097560975609756,0.8170731707317073,0.6829268292682927,0.6463414634146342,0.2804878048780488,0.3902439024390244,0.47560975609756095,0.4024390243902439,0.3780487804878049,0.6951219512195121,0.6097560975609756,0.6219512195121951,0.34146341463414637,0.7804878048780488,0.4634146341463415,0.23170731707317074,0.4634146341463415,0.4878048780487805,0.6341463414634146,0.5609756097560976
0,250,0,0.19394973090004708,0.6463414634146342,0.7926829268292683,0.32926829268292684,0.7317073170731707,0.3170731707317073,0.8536585365853658,0.2926829268292683,0.6585365853658537,0.2804878048780488,0.6097560975609756,0.8048780487804879,0.23170731707317074,0.5609756097560976,0.7439024390243902,0.32926829268292684,0.36585365853658536,0.3170731707317073,0.6097560975609756,0.5121951219512195,0.5853658536585366,0.6951219512195121,0.43902439024390244,0.4024390243902439,0.2926829268292683,0.3048780487804878,0.2926829268292683,0.5609756097560976,0.7804878048780488,0.3902439024390244,0.2682926829268293
0,250,1,0.16563232481492576,0.6707317073170732,0.7439024390243902,0.32926829268292684,0.7682926829268293,0.2804878048780488,0.6341463414634146,0.3170731707317073,0.6097560975609756,0.4024390243902439,0.43902439024390244,0.6341463414634146,0.3170731707317073,0.4634146341463415,0.8048780487804879,0.4024390243902439,0.5853658536585366,0.3780487804878049,0.6341463414634146,0.5975609756097561,0.5121951219512195,0.7317073170731707,0.35365853658536583,0.4146341463414634,0.4024390243902439,0.5121951219512195,0.4024390243902439,0.4634146341463415,0.7317073170731707,0.1951219512195122,0.2682926829268293
0,250,2,0.15661752829281425,0.8048780487804879,0.2804878048780488,0.524390243902439,0.7439024390243902,0.2682926829268293,0.5609756097560976,0.4024390243902439,0.5121951219512195,0.4024390243902439,0.35365853658536583,0.5487804878048781,0.5365853658536586,0.6585365853658537,0.6097560975609756,0.32926829268292684,0.8414634146341463,0.5121951219512195,0.7560975609756098,0.4268292682926829,0.4878048780487805,0.6829268292682927,0.4024390243902439,0.4268292682926829,0.6097560975609756,0.4878048780487805,0.43902439024390244,0.3902439024390244,0.4268292682926829,0.34146341463414637,0.23170731707317074
0,250,3,0.1488604343382159,0.1951219512195122,0.3048780487804878,0.5487804878048781,0.5487804878048781,0.6463414634146342,0.3780487804878049,0.3902439024390244,0.4146341463414634,0.5853658536585366,0.3902439024390244,0.7073170731707317,0.7439024390243902,0.6951219512195121,0.5121951219512195,0.5121951219512195,0.7317073170731707,0.6585365853658537,0.5365853658536586,0.32926829268292684,0.45121951219512196,0.24390243902439024,0.3048780487804878,0.4878048780487805,0.5609756097560976,0.7682926829268293,0.4634146341463415,0.4024390243902439,0.4146341463414634,0.5609756097560976,0.5121951219512195
0,250,4,0.13972154399105705,0.2804878048780488,0.23170731707317074,0.47560975609756095,0.5,0.5365853658536586,0.5,0.47560975609756095,0.4146341463414634,0.6585365853658537,0.3048780487804878,0.6097560975609756,0.7560975609756098,0.5609756097560976,0.5975609756097561,0.5,0.6951219512195121,0.5121951219512195,0.6097560975609756,0.23170731707317074,0.6097560975609756,0.24390243902439024,0.47560975609756095,0.5,0.5609756097560976,0.7804878048780488,0.524390243902439,0.3780487804878049,0.4634146341463415,0.5365853658536586,0.47560975609756095
0,250,5,0.12859928123379577,0.2804878048780488,0.3048780487804878,0.4024390243902439,0.47560975609756095,0.7560975609756098,0.36585365853658536,0.6097560975609756,0.5487804878048781,0.5,0.5853658536585366,0.3780487804878049,0.6707317073170732,0.43902439024390244,0.2926829268292683,0.5975609756097561,0.4146341463414634,0.5365853658536586,0.4878048780487805,0.6219512195121951,0.6585365853658537,0.573170731707317,0.43902439024390244,0.5121951219512195,0.4634146341463415,0.5853658536585366,0.35365853658536583,0.32926829268292684,0.7195121951219512,0.43902439024390244,0.6585365853658537
0,250,6,0.15143572269536962,0.5121951219512195,0.45121951219512196,0.3902439024390244,0.47560975609756095,0.7195121951219512,0.524390243902439,0.5121951219512195,0.6219512195121951,0.3170731707317073,0.6951219512195121,0.2804878048780488,0.47560975609756095,0.35365853658536583,0.6585365853658537,0.4024390243902439,0.15853658536585366,0.4268292682926829,0.573170731707317,0.4634146341463415,0.5975609756097561,0.5975609756097561,0.43902439024390244,0.5121951219512195,0.1951219512195122,0.6585365853658537,0.7073170731707317,0.6219512195121951,0.7804878048780488,0.34146341463414637,0.5365853658536586
0,250,7,0.1452534077016409,0.5121951219512195,0.35365853658536583,0.4146341463414634,0.5,0.5975609756097561,0.6097560975609756,0.4146341463414634,0.573170731707317,0.3170731707317073,0.6951219512195121,0.5,0.45121951219512196,0.2804878048780488,0.4146341463414634,0.4878048780487805,0.43902439024390244,0.5487804878048781,0.4878048780487805,0.5487804878048781,0.3902439024390244,0.34146341463414637,0.8536585365853658,0.4268292682926829,0.17073170731707318,0.7195121951219512,0.5853658536585366,0.6707317073170732,0.7560975609756098,0.5121951219512195,0.4268292682926829
0,250,8,0.11418351142429382,0.5609756097560976,0.4268292682926829,0.5365853658536586,0.6463414634146342,0.3902439024390244,0.35365853658536583,0.47560975609756095,0.5609756097560976,0.5121951219512195,0.5609756097560976,0.7317073170731707,0.3170731707317073,0.47560975609756095,0.36585365853658536,0.4268292682926829,0.4634146341463415,0.6097560975609756,0.573170731707317,0.32926829268292684,0.5975609756097561,0.5,0.6097560975609756,0.3048780487804878,0.36585365853658536,0.6097560975609756,0.4146341463414634,0.7317073170731707,0.5853658536585366,0.4878048780487805,0.47560975609756095
0,250,9,0.1361636928816604,0.6097560975609756,0.2926829268292683,0.5609756097560976,0.47560975609756095,0.43902439024390244,0.5487804878048781,0.4146341463414634,0.3170731707317073,0.4878048780487805,0.7317073170731707,0.7560975609756098,0.4146341463414634,0.5,0.4146341463414634,0.4268292682926829,0.36585365853658536,0.5,0.4634146341463415,0.47560975609756095,0.47560975609756095,0.4024390243902439,0.5365853658536586,0.5975609756097561,0.5609756097560976,0.5975609756097561,0.45121951219512196,0.8536585365853658,0.25609756097560976,0.7195121951219512,0.35365853658536583
1,250,0,0.2230074039153651,0.7926829268292683,0.32926829268292684,0.6097560975609756,0.25609756097560976,0.7682926829268293,0.9024390243902439,0.1951219512195122,0.5365853658536586,0.6097560975609756,0.3170731707317073,0.2926829268292683,0.25609756097560976,0.6707317073170732,0.34146341463414637,0.8170731707317073,0.14634146341463414,0.8170731707317073,0.7439024390243902,0.5975609756097561,0.3780487804878049,0.2926829268292683,0.45121951219512196,0.3048780487804878,0.2804878048780488,0.7926829268292683,0.36585365853658536,0.8170731707317073,0.3902439024390244,0.5487804878048781,0.3780487804878049
1,250,1,0.19194569263021785,0.7317073170731707,0.24390243902439024,0.6463414634146342,0.5609756097560976,0.7195121951219512,0.9146341463414634,0.2682926829268293,0.43902439024390244,0.6829268292682927,0.3048780487804878,0.2804878048780488,0.6219512195121951,0.6585365853658537,0.2804878048780488,0.6707317073170732,0.2804878048780488,0.8902439024390244,0.32926829268292684,0.3902439024390244,0.23170731707317074,0.4146341463414634,0.45121951219512196,0.36585365853658536,0.3780487804878049,0.6219512195121951,0.4634146341463415,0.7195121951219512,0.5609756097560976,0.524390243902439,0.35365853658536583
1,250,2,0.19402639592612572,0.4878048780487805,0.3170731707317073,0.7195121951219512,0.7560975609756098,0.4024390243902439,0.9024390243902439,0.5365853658536586,0.34146341463414637,0.7804878048780488,0.36585365853658536,0.4146341463414634,0.5,0.4268292682926829,0.3170731707317073,0.7682926829268293,0.2682926829268293,0.8536585365853658,0.36585365853658536,0.3048780487804878,0.35365853658536583,0.35365853658536583,0.4024390243902439,0.43902439024390244,0.34146341463414637,0.4024390243902439,0.4634146341463415,0.7804878048780488,0.8536585365853658,0.47560975609756095,0.3048780487804878
1,250,3,0.1741242499253229,0.36585365853658536,0.47560975609756095,0.7560975609756098,0.7560975609756098,0.47560975609756095,0.25609756097560976,0.3902439024390244,0.4146341463414634,0.8292682926829268,0.4024390243902439,0.47560975609756095,0.7439024390243902,0.4146341463414634,0.8292682926829268,0.7317073170731707,0.3170731707317073,0.45121951219512196,0.5853658536585366,0.4634146341463415,0.4634146341463415,0.25609756097560976,0.35365853658536583,0.4268292682926829,0.5121951219512195,0.35365853658536583,0.5,0.6585365853658537,0.7560975609756098,0.32926829268292684,0.25609756097560976
1,250,4,0.17593691296271935,0.36585365853658536,0.524390243902439,0.6585365853658537,0.8170731707317073,0.4634146341463415,0.14634146341463414,0.6097560975609756,0.34146341463414637,0.5365853658536586,0.4634146341463415,0.45121951219512196,0.8048780487804879,0.524390243902439,0.8048780487804879,0.6951219512195121,0.45121951219512196,0.23170731707317074,0.5609756097560976,0.3780487804878049,0.4878048780487805,0.3048780487804878,0.3170731707317073,0.6585365853658537,0.4024390243902439,0.3780487804878049,0.573170731707317,0.6463414634146342,0.7804878048780488,0.3048780487804878,0.3170731707317073
1,250,5,0.13822333759865071,0.5,0.4634146341463415,0.5609756097560976,0.5853658536585366,0.3780487804878049,0.5365853658536586,0.6585365853658537,0.7804878048780488,0.3170731707317073,0.43902439024390244,0.5,0.7195121951219512,0.6097560975609756,0.3780487804878049,0.5609756097560976,0.4146341463414634,0.2804878048780488,0.2682926829268293,0.4634146341463415,0.6463414634146342,0.573170731707317,0.4634146341463415,0.6097560975609756,0.4146341463414634,0.3780487804878049,0.4268292682926829,0.23170731707317074,0.6585365853658537,0.4634146341463415,0.7195121951219512
1,250,6,0.13645464127511575,0.6707317073170732,0.5975609756097561,0.5365853658536586,0.6707317073170732,0.32926829268292684,0.5365853658536586,0.5487804878048781,0.6463414634146342,0.5853658536585366,0.2804878048780488,0.34146341463414637,0.6463414634146342,0.32926829268292684,0.3780487804878049,0.4146341463414634,0.3170731707317073,0.524390243902439,0.4634146341463415,0.47560975609756095,0.45121951219512196,0.7439024390243902,0.5609756097560976,0.7073170731707317,0.34146341463414637,0.3902439024390244,0.4268292682926829,0.35365853658536583,0.4634146341463415,0.5,0.7682926829268293
1,250,7,0.14463777946875772,0.5487804878048781,0.2926829268292683,0.6585365853658537,0.21951219512195122,0.6097560975609756,0.8658536585365854,0.4878048780487805,0.6463414634146342,0.4268292682926829,0.3902439024390244,0.4146341463414634,0.5975609756097561,0.4146341463414634,0.5,0.5121951219512195,0.4024390243902439,0.5609756097560976,0.573170731707317,0.7804878048780488,0.4024390243902439,0.4634146341463415,0.5609756097560976,0.5,0.2926829268292683,0.5,0.45121951219512196,0.23170731707317074,0.6707317073170732,0.43902439024390244,0.5853658536585366
1,250,8,0.13897445972579903,0.5121951219512195,0.4634146341463415,0.3170731707317073,0.21951219512195122,0.7317073170731707,0.5121951219512195,0.4634146341463415,0.6463414634146342,0.2804878048780488,0.3048780487804878,0.573170731707317,0.2926829268292683,0.3902439024390244,0.45121951219512196,0.5975609756097561,0.5609756097560976,0.573170731707317,0.6341463414634146,0.8414634146341463,0.5853658536585366,0.524390243902439,0.5365853658536586,0.5,0.5,0.6829268292682927,0.5,0.45121951219512196,0.4878048780487805,0.5609756097560976,0.3048780487804878
1,250,9,0.1384383597731229,0.5121951219512195,0.4878048780487805,0.43902439024390244,0.4024390243902439,0.5487804878048781,0.4268292682926829,0.5975609756097561,0.24390243902439024,0.43902439024390244,0.6097560975609756,0.6463414634146342,0.4268292682926829,0.6097560975609756,0.47560975609756095,0.573170731707317,0.5121951219512195,0.8048780487804879,0.7073170731707317,0.35365853658536583,0.8292682926829268,0.3170731707317073,0.32926829268292684,0.6463414634146342,0.5975609756097561,0.4146341463414634,0.3780487804878049,0.5,0.4024390243902439,0.3780487804878049,0.3902439024390244
2,250,0,0.19631242526267254,0.6585365853658537,0.4878048780487805,0.36585365853658536,0.7804878048780488,0.7560975609756098,0.21951219512195122,0.23170731707317074,0.6463414634146342,0.3170731707317073,0.7317073170731707,0.524390243902439,0.573170731707317,0.23170731707317074,0.6341463414634146,0.7073170731707317,0.5487804878048781,0.2682926829268293,0.524390243902439,0.7439024390243902,0.4268292682926829,0.32926829268292684,0.4634146341463415,0.6707317073170732,0.2804878048780488,0.3048780487804878,0.5487804878048781,0.8414634146341463,0.1951219512195122,0.2804878048780488,0.7073170731707317
2,250,1,0.1885057137715699,0.47560975609756095,0.5365853658536586,0.3170731707317073,0.7926829268292683,0.7073170731707317,0.2073170731707317,0.4024390243902439,0.6707317073170732,0.3902439024390244,0.3048780487804878,0.3048780487804878,0.5853658536585366,0.7073170731707317,0.7195121951219512,0.6341463414634146,0.6707317073170732,0.25609756097560976,0.4878048780487805,0.7560975609756098,0.2804878048780488,0.36585365853658536,0.35365853658536583,0.5975609756097561,0.3780487804878049,0.25609756097560976,0.45121951219512196,0.7926829268292683,0.6219512195121951,0.21951219512195122,0.7560975609756098
2,250,2,0.14528753278321163,0.32926829268292684,0.4268292682926829,0.5365853658536586,0.3902439024390244,0.7317073170731707,0.36585365853658536,0.6585365853658537,0.6829268292682927,0.4146341463414634,0.34146341463414637,0.3780487804878049,0.6097560975609756,0.7317073170731707,0.4634146341463415,0.5975609756097561,0.35365853658536583,0.7926829268292683,0.47560975609756095,0.4268292682926829,0.35365853658536583,0.3170731707317073,0.3170731707317073,0.5975609756097561,0.5121951219512195,0.4634146341463415,0.34146341463414637,0.6585365853658537,0.4268292682926829,0.7439024390243902,0.5609756097560976
2,250,3,0.15189333222488843,0.4268292682926829,0.23170731707317074,0.34146341463414637,0.3780487804878049,0.4146341463414634,0.5487804878048781,0.7926829268292683,0.6585365853658537,0.524390243902439,0.5609756097560976,0.3780487804878049,0.47560975609756095,0.6829268292682927,0.4146341463414634,0.3048780487804878,0.573170731707317,0.8048780487804879,0.3902439024390244,0.35365853658536583,0.7926829268292683,0.36585365853658536,0.4024390243902439,0.5609756097560976,0.5487804878048781,0.4878048780487805,0.3902439024390244,0.35365853658536583,0.5121951219512195,0.7560975609756098,0.573170731707317
2,250,4,0.12997963506804125,0.4024390243902439,0.4146341463414634,0.43902439024390244,0.47560975609756095,0.5121951219512195,0.4634146341463415,0.7439024390243902,0.5975609756097561,0.7317073170731707,0.5853658536585366,0.45121951219512196,0.45121951219512196,0.4024390243902439,0.4634146341463415,0.32926829268292684,0.45121951219512196,0.6829268292682927,0.4024390243902439,0.2682926829268293,0.8048780487804879,0.3780487804878049,0.573170731707317,0.5853658536585366,0.573170731707317,0.6707317073170732,0.3780487804878049,0.36585365853658536,0.573170731707317,0.3780487804878049,0.45121951219512196
2,250,5,0.14525340770164097,0.2926829268292683,0.4634146341463415,0.5487804878048781,0.6097560975609756,0.5365853658536586,0.573170731707317,0.4268292682926829,0.15853658536585366,0.5975609756097561,0.524390243902439,0.4024390243902439,0.6097560975609756,0.3902439024390244,0.3170731707317073,0.5487804878048781,0.8170731707317073,0.36585365853658536,0.3902439024390244,0.3902439024390244,0.7804878048780488,0.45121951219512196,0.5609756097560976,0.3170731707317073,0.6707317073170732,0.36585365853658536,0.6219512195121951,0.6341463414634146,0.6463414634146342,0.5365853658536586,0.45121951219512196
2,250,6,0.15104238249161986,0.24390243902439024,0.6219512195121951,0.35365853658536583,0.24390243902439024,0.36585365853658536,0.3170731707317073,0.4024390243902439,0.4878048780487805,0.6585365853658537,0.6707317073170732,0.524390243902439,0.7682926829268293,0.4024390243902439,0.32926829268292684,0.3902439024390244,0.6951219512195121,0.4268292682926829,0.7926829268292683,0.43902439024390244,0.4634146341463415,0.35365853658536583,0.6829268292682927,0.6951219512195121,0.4268292682926829,0.4878048780487805,0.4634146341463415,0.6219512195121951,0.6707317073170732,0.4878048780487805,0.5121951219512195
2,250,7,0.15528242453740906,0.34146341463414637,0.6463414634146342,0.4146341463414634,0.45121951219512196,0.5853658536585366,0.5975609756097561,0.2926829268292683,0.36585365853658536,0.7804878048780488,0.7926829268292683,0.35365853658536583,0.5487804878048781,0.34146341463414637,0.2926829268292683,0.36585365853658536,0.7439024390243902,0.5,0.6951219512195121,0.4146341463414634,0.35365853658536583,0.25609756097560976,0.4878048780487805,0.8170731707317073,0.6097560975609756,0.45121951219512196,0.524390243902439,0.4146341463414634,0.5609756097560976,0.5365853658536586,0.4634146341463415
2,250,8,0.14829321779963445,0.7195121951219512,0.4634146341463415,0.3902439024390244,0.5487804878048781,0.4878048780487805,0.3902439024390244,0.5,0.4024390243902439,0.8292682926829268,0.4634146341463415,0.45121951219512196,0.573170731707317,0.4024390243902439,0.4634146341463415,0.4634146341463415,0.7926829268292683,0.36585365853658536,0.6585365853658537,0.5365853658536586,0.2804878048780488,0.4268292682926829,0.5609756097560976,0.8658536585365854,0.5121951219512195,0.3048780487804878,0.36585365853658536,0.35365853658536583,0.34146341463414637,0.6341463414634146,0.45121951219512196
2,250,9,0.12948287145257248,0.4634146341463415,0.524390243902439,0.7439024390243902,0.4024390243902439,0.25609756097560976,0.32926829268292684,0.36585365853658536,0.4878048780487805,0.7560975609756098,0.5487804878048781,0.5365853658536586,0.24390243902439024,0.4024390243902439,0.6097560975609756,0.5121951219512195,0.6951219512195121,0.4634146341463415,0.7073170731707317,0.5,0.45121951219512196,0.6585365853658537,0.32926829268292684,0.5609756097560976,0.4146341463414634,0.45121951219512196,0.573170731707317,0.4146341463414634,0.5487804878048781,0.524390243902439,0.524390243902439
3,250,0,0.19438376625169382,0.5487804878048781,0.8414634146341463,0.3780487804878049,0.2804878048780488,0.6951219512195121,0.2682926829268293,0.45121951219512196,0.5853658536585366,0.4024390243902439,0.926829268292683,0.23170731707317074,0.524390243902439,0.3048780487804878,0.32926829268292684,0.5487804878048781,0.2682926829268293,0.32926829268292684,0.47560975609756095,0.4268292682926829,0.6097560975609756,0.7317073170731707,0.7560975609756098,0.32926829268292684,0.4878048780487805,0.7682926829268293,0.7439024390243902,0.24390243902439024,0.6463414634146342,0.2926829268292683,0.573170731707317
3,250,1,0.1863367811100314,0.6097560975609756,0.9146341463414634,0.32926829268292684,0.34146341463414637,0.6219512195121951,0.4634146341463415,0.25609756097560976,0.5487804878048781,0.4146341463414634,0.9146341463414634,0.32926829268292684,0.4268292682926829,0.4268292682926829,0.3170731707317073,0.4878048780487805,0.35365853658536583,0.3780487804878049,0.34146341463414637,0.43902439024390244,0.32926829268292684,0.8658536585365854,0.8292682926829268,0.4634146341463415,0.5121951219512195,0.36585365853658536,0.7073170731707317,0.2926829268292683,0.6097560975609756,0.6341463414634146,0.47560975609756095
3,250,2,0.16691435095648627,0.4634146341463415,0.5975609756097561,0.24390243902439024,0.25609756097560976,0.573170731707317,0.3902439024390244,0.25609756097560976,0.5487804878048781,0.6097560975609756,0.7317073170731707,0.4268292682926829,0.5121951219512195,0.35365853658536583,0.45121951219512196,0.524390243902439,0.6097560975609756,0.7926829268292683,0.25609756097560976,0.45121951219512196,0.2804878048780488,0.7317073170731707,0.7073170731707317,0.5975609756097561,0.3048780487804878,0.35365853658536583,0.6097560975609756,0.35365853658536583,0.6463414634146342,0.8048780487804879,0.5609756097560976
3,250,3,0.1682750079088814,0.573170731707317,0.35365853658536583,0.2804878048780488,0.6219512195121951,0.4268292682926829,0.32926829268292684,0.35365853658536583,0.43902439024390244,0.7317073170731707,0.2926829268292683,0.2804878048780488,0.5487804878048781,0.3780487804878049,0.5,0.4634146341463415,0.6463414634146342,0.8658536585365854,0.4146341463414634,0.3780487804878049,0.5975609756097561,0.7439024390243902,0.6829268292682927,0.7682926829268293,0.4634146341463415,0.4146341463414634,0.25609756097560976,0.47560975609756095,0.6219512195121951,0.7682926829268293,0.32926829268292684
3,250,4,0.16924439277395675,0.35365853658536583,0.3780487804878049,0.2804878048780488,0.7073170731707317,0.4146341463414634,0.7317073170731707,0.3902439024390244,0.5,0.5853658536585366,0.4634146341463415,0.4268292682926829,0.47560975609756095,0.25609756097560976,0.5609756097560976,0.3048780487804878,0.5,0.8292682926829268,0.3170731707317073,0.36585365853658536,0.4634146341463415,0.573170731707317,0.6951219512195121,0.8292682926829268,0.6341463414634146,0.5,0.25609756097560976,0.5487804878048781,0.5,0.8414634146341463,0.3170731707317073
3,250,5,0.1267745347814229,0.34146341463414637,0.4634146341463415,0.7195121951219512,0.6219512195121951,0.2926829268292683,0.6341463414634146,0.5487804878048781,0.5853658536585366,0.45121951219512196,0.7073170731707317,0.4268292682926829,0.3048780487804878,0.36585365853658536,0.5121951219512195,0.35365853658536583,0.43902439024390244,0.6829268292682927,0.5121951219512195,0.5365853658536586,0.4878048780487805,0.5609756097560976,0.35365853658536583,0.524390243902439,0.524390243902439,0.5121951219512195,0.2926829268292683,0.34146341463414637,0.6951219512195121,0.6219512195121951,0.5853658536585366
3,250,6,0.1645211897955127,0.34146341463414637,0.36585365853658536,0.9390243902439024,0.5121951219512195,0.3048780487804878,0.6219512195121951,0.4146341463414634,0.5853658536585366,0.5121951219512195,0.5,0.6463414634146342,0.2804878048780488,0.5975609756097561,0.4024390243902439,0.5121951219512195,0.3780487804878049,0.7073170731707317,0.32926829268292684,0.5121951219512195,0.5487804878048781,0.2804878048780488,0.24390243902439024,0.7560975609756098,0.4634146341463415,0.5121951219512195,0.4634146341463415,0.5,0.8048780487804879,0.3170731707317073,0.6463414634146342
3,250,7,0.1314963682546714,0.3780487804878049,0.6463414634146342,0.6951219512195121,0.4268292682926829,0.6097560975609756,0.5609756097560976,0.4024390243902439,0.5365853658536586,0.4878048780487805,0.3170731707317073,0.5,0.5609756097560976,0.6341463414634146,0.2804878048780488,0.5,0.6097560975609756,0.43902439024390244,0.5487804878048781,0.47560975609756095,0.36585365853658536,0.4024390243902439,0.6951219512195121,0.24390243902439024,0.7560975609756098,0.47560975609756095,0.573170731707317,0.524390243902439,0.6707317073170732,0.2804878048780488,0.4024390243902439
3,250,8,0.14886043433821589,0.47560975609756095,0.25609756097560976,0.6585365853658537,0.6829268292682927,0.8414634146341463,0.21951219512195122,0.6219512195121951,0.3170731707317073,0.5365853658536586,0.5,0.524390243902439,0.5121951219512195,0.5,0.2804878048780488,0.6829268292682927,0.7073170731707317,0.4634146341463415,0.4024390243902439,0.43902439024390244,0.32926829268292684,0.5487804878048781,0.7560975609756098,0.3780487804878049,0.5365853658536586,0.4878048780487805,0.5975609756097561,0.5365853658536586,0.35365853658536583,0.47560975609756095,0.3780487804878049
3,250,9,0.13269727325595554,0.5487804878048781,0.5975609756097561,0.6829268292682927,0.5487804878048781,0.8414634146341463,0.24390243902439024,0.47560975609756095,0.4634146341463415,0.5121951219512195,0.47560975609756095,0.5121951219512195,0.35365853658536583,0.3170731707317073,0.6097560975609756,0.5,0.6097560975609756,0.524390243902439,0.7317073170731707,0.5,0.3780487804878049,0.5975609756097561,0.573170731707317,0.5975609756097561,0.34146341463414637,0.45121951219512196,0.4878048780487805,0.5,0.3170731707317073,0.45121951219512196,0.25609756097560976
4,250,0,0.18599060315411092,0.6951219512195121,0.32926829268292684,0.6463414634146342,0.8170731707317073,0.5121951219512195,0.4268292682926829,0.4634146341463415,0.5975609756097561,0.2926829268292683,0.7195121951219512,0.35365853658536583,0.6463414634146342,0.7195121951219512,0.35365853658536583,0.2926829268292683,0.7317073170731707,0.2682926829268293,0.6829268292682927,0.35365853658536583,0.4146341463414634,0.6707317073170732,0.23170731707317074,0.6707317073170732,0.5121951219512195,0.7804878048780488,0.21951219512195122,0.6097560975609756,0.4634146341463415,0.23170731707317074,0.2926829268292683
4,250,1,0.1731821821474861,0.5609756097560976,0.34146341463414637,0.5975609756097561,0.47560975609756095,0.3170731707317073,0.32926829268292684,0.4146341463414634,0.47560975609756095,0.5975609756097561,0.8902439024390244,0.2926829268292683,0.5,0.8292682926829268,0.2804878048780488,0.5,0.5609756097560976,0.6585365853658537,0.6707317073170732,0.4878048780487805,0.4146341463414634,0.8414634146341463,0.3048780487804878,0.5487804878048781,0.5,0.6341463414634146,0.35365853658536583,0.5853658536585366,0.5853658536585366,0.25609756097560976,0.1951219512195122
4,250,2,0.1657220903304025,0.6219512195121951,0.6951219512195121,0.5121951219512195,0.2682926829268293,0.35365853658536583,0.3902439024390244,0.6097560975609756,0.5487804878048781,0.4878048780487805,0.7439024390243902,0.35365853658536583,0.6951219512195121,0.8048780487804879,0.3048780487804878,0.4024390243902439,0.7073170731707317,0.36585365853658536,0.5975609756097561,0.3170731707317073,0.21951219512195122,0.7073170731707317,0.4878048780487805,0.3048780487804878,0.23170731707317074,0.524390243902439,0.45121951219512196,0.4878048780487805,0.6829268292682927,0.43902439024390244,0.6829268292682927
4,250,3,0.15878654466236738,0.6585365853658537,0.8292682926829268,0.43902439024390244,0.4634146341463415,0.3780487804878049,0.5853658536585366,0.524390243902439,0.2682926829268293,0.524390243902439,0.5975609756097561,0.3902439024390244,0.3780487804878049,0.7926829268292683,0.2926829268292683,0.45121951219512196,0.7804878048780488,0.3048780487804878,0.4878048780487805,0.43902439024390244,0.15853658536585366,0.7560975609756098,0.6219512195121951,0.4146341463414634,0.4146341463414634,0.34146341463414637,0.5853658536585366,0.5609756097560976,0.5609756097560976,0.47560975609756095,0.524390243902439
4,250,4,0.13307033351766454,0.5853658536585366,0.7317073170731707,0.5,0.5609756097560976,0.5975609756097561,0.3902439024390244,0.7073170731707317,0.32926829268292684,0.6097560975609756,0.7073170731707317,0.4024390243902439,0.573170731707317,0.3902439024390244,0.573170731707317,0.5,0.7195121951219512,0.34146341463414637,0.4268292682926829,0.4024390243902439,0.36585365853658536,0.45121951219512196,0.6341463414634146,0.45121951219512196,0.36585365853658536,0.1951219512195122,0.3780487804878049,0.6585365853658537,0.4268292682926829,0.5121951219512195,0.5121951219512195
4,250,5,0.1459343931868448,0.6219512195121951,0.6829268292682927,0.4634146341463415,0.7682926829268293,0.5,0.5853658536585366,0.4634146341463415,0.35365853658536583,0.45121951219512196,0.5121951219512195,0.5609756097560976,0.4146341463414634,0.3902439024390244,0.5975609756097561,0.4634146341463415,0.25609756097560976,0.9024390243902439,0.3902439024390244,0.573170731707317,0.4146341463414634,0.3780487804878049,0.6219512195121951,0.36585365853658536,0.6097560975609756,0.35365853658536583,0.47560975609756095,0.36585365853658536,0.3048780487804878,0.7439024390243902,0.4146341463414634
4,250,6,0.15553761357486984,0.5365853658536586,0.6463414634146342,0.47560975609756095,0.7317073170731707,0.25609756097560976,0.5487804878048781,0.6219512195121951,0.47560975609756095,0.24390243902439024,0.5121951219512195,0.5609756097560976,0.5,0.5365853658536586,0.573170731707317,0.3780487804878049,0.24390243902439024,0.9512195121951219,0.4146341463414634,0.4146341463414634,0.7560975609756098,0.3902439024390244,0.4146341463414634,0.4024390243902439,0.5487804878048781,0.5365853658536586,0.4268292682926829,0.4268292682926829,0.2682926829268293,0.6829268292682927,0.524390243902439
4,250,7,0.14637533483353807,0.45121951219512196,0.7317073170731707,0.4268292682926829,0.6707317073170732,0.5121951219512195,0.3780487804878049,0.5365853658536586,0.45121951219512196,0.45121951219512196,0.3170731707317073,0.3780487804878049,0.4146341463414634,0.7317073170731707,0.3780487804878049,0.6219512195121951,0.24390243902439024,0.926829268292683,0.3902439024390244,0.47560975609756095,0.6219512195121951,0.47560975609756095,0.43902439024390244,0.35365853658536583,0.45121951219512196,0.7317073170731707,0.5121951219512195,0.5975609756097561,0.4878048780487805,0.5,0.34146341463414637
4,250,8,0.14637533483353804,0.5487804878048781,0.3170731707317073,0.3170731707317073,0.32926829268292684,0.5975609756097561,0.4878048780487805,0.4878048780487805,0.6707317073170732,0.3902439024390244,0.8048780487804879,0.4878048780487805,0.524390243902439,0.6463414634146342,0.4878048780487805,0.25609756097560976,0.34146341463414637,0.9390243902439024,0.5609756097560976,0.4634146341463415,0.5487804878048781,0.3902439024390244,0.36585365853658536,0.4146341463414634,0.43902439024390244,0.6829268292682927,0.5853658536585366,0.5487804878048781,0.43902439024390244,0.5,0.4268292682926829
4,250,9,0.12006674064453726,0.45121951219512196,0.5853658536585366,0.5121951219512195,0.6951219512195121,0.4146341463414634,0.3048780487804878,0.5,0.6463414634146342,0.7439024390243902,0.35365853658536583,0.4634146341463415,0.3780487804878049,0.4268292682926829,0.5,0.2804878048780488,0.5487804878048781,0.573170731707317,0.5121951219512195,0.5487804878048781,0.5975609756097561,0.35365853658536583,0.4878048780487805,0.3780487804878049,0.4878048780487805,0.6951219512195121,0.5975609756097561,0.6463414634146342,0.5487804878048781,0.4634146341463415,0.3048780487804878
0,275,0,0.20218418674520405,0.6829268292682927,0.8536585365853658,0.18292682926829268,0.3170731707317073,0.7560975609756098,0.6951219512195121,0.5121951219512195,0.6707317073170732,0.36585365853658536,0.6585365853658537,0.3902439024390244,0.23170731707317074,0.7926829268292683,0.1951219512195122,0.35365853658536583,0.23170731707317074,0.2926829268292683,0.2926829268292683,0.6097560975609756,0.36585365853658536,0.6707317073170732,0.4146341463414634,0.7317073170731707,0.7804878048780488,0.47560975609756095,0.7439024390243902,0.524390243902439,0.3170731707317073,0.35365853658536583,0.5365853658536586
0,275,1,0.19261602213972132,0.7439024390243902,0.8536585365853658,0.23170731707317074,0.524390243902439,0.7195121951219512,0.6219512195121951,0.4024390243902439,0.7073170731707317,0.25609756097560976,0.6463414634146342,0.2926829268292683,0.45121951219512196,0.6707317073170732,0.32926829268292684,0.3780487804878049,0.24390243902439024,0.5609756097560976,0.5487804878048781,0.43902439024390244,0.24390243902439024,0.6707317073170732,0.2804878048780488,0.7073170731707317,0.8048780487804879,0.4146341463414634,0.6951219512195121,0.6463414634146342,0.2804878048780488,0.2682926829268293,0.36585365853658536
0,275,2,0.12626516200531498,0.5121951219512195,0.6707317073170732,0.7073170731707317,0.5609756097560976,0.4268292682926829,0.524390243902439,0.3170731707317073,0.45121951219512196,0.47560975609756095,0.7195121951219512,0.4146341463414634,0.43902439024390244,0.5853658536585366,0.3048780487804878,0.4634146341463415,0.6341463414634146,0.6219512195121951,0.6707317073170732,0.3780487804878049,0.5365853658536586,0.3048780487804878,0.5365853658536586,0.4878048780487805,0.6829268292682927,0.4146341463414634,0.5,0.6341463414634146,0.3780487804878049,0.3170731707317073,0.32926829268292684
0,275,3,0.15765860701922277,0.3902439024390244,0.5,0.6951219512195121,0.47560975609756095,0.4024390243902439,0.4268292682926829,0.4634146341463415,0.36585365853658536,0.6219512195121951,0.8048780487804879,0.3170731707317073,0.524390243902439,0.43902439024390244,0.4268292682926829,0.32926829268292684,0.7804878048780488,0.6951219512195121,0.8536585365853658,0.2073170731707317,0.5975609756097561,0.6219512195121951,0.5487804878048781,0.34146341463414637,0.36585365853658536,0.4878048780487805,0.3902439024390244,0.4024390243902439,0.3780487804878049,0.7073170731707317,0.43902439024390244
0,275,4,0.14988924458901706,0.4024390243902439,0.573170731707317,0.5609756097560976,0.4146341463414634,0.5365853658536586,0.5,0.45121951219512196,0.4024390243902439,0.7682926829268293,0.43902439024390244,0.5365853658536586,0.6097560975609756,0.2926829268292683,0.4146341463414634,0.45121951219512196,0.7560975609756098,0.8536585365853658,0.7317073170731707,0.35365853658536583,0.47560975609756095,0.6097560975609756,0.5609756097560976,0.3780487804878049,0.25609756097560976,0.3902439024390244,0.4024390243902439,0.21951219512195122,0.524390243902439,0.6829268292682927,0.45121951219512196
0,275,5,0.12068447790999345,0.36585365853658536,0.5975609756097561,0.5,0.3902439024390244,0.45121951219512196,0.5,0.43902439024390244,0.4878048780487805,0.6463414634146342,0.2804878048780488,0.7073170731707317,0.5365853658536586,0.4268292682926829,0.43902439024390244,0.6829268292682927,0.5487804878048781,0.34146341463414637,0.4146341463414634,0.5487804878048781,0.47560975609756095,0.25609756097560976,0.7439024390243902,0.3780487804878049,0.6219512195121951,0.5365853658536586,0.5609756097560976,0.3902439024390244,0.524390243902439,0.6707317073170732,0.5365853658536586
0,275,6,0.1195287859730233,0.3902439024390244,0.4268292682926829,0.4878048780487805,0.524390243902439,0.2682926829268293,0.4878048780487805,0.6219512195121951,0.5487804878048781,0.43902439024390244,0.4024390243902439,0.7073170731707317,0.4634146341463415,0.573170731707317,0.47560975609756095,0.5365853658536586,0.4634146341463415,0.14634146341463414,0.4878048780487805,0.6097560975609756,0.6951219512195121,0.4024390243902439,0.5487804878048781,0.6097560975609756,0.5609756097560976,0.7317073170731707,0.573170731707317,0.4878048780487805,0.4146341463414634,0.4634146341463415,0.45121951219512196
0,275,7,0.1463075841542161,0.6707317073170732,0.35365853658536583,0.47560975609756095,0.45121951219512196,0.23170731707317074,0.5609756097560976,0.5853658536585366,0.3170731707317073,0.573170731707317,0.34146341463414637,0.3902439024390244,0.4634146341463415,0.5487804878048781,0.7073170731707317,0.6097560975609756,0.45121951219512196,0.2073170731707317,0.5365853658536586,0.4024390243902439,0.5853658536585366,0.32926829268292684,0.5975609756097561,0.5,0.6341463414634146,0.7560975609756098,0.6463414634146342,0.47560975609756095,0.45121951219512196,0.34146341463414637,0.8048780487804879
0,275,8,0.13728768331964464,0.6951219512195121,0.6219512195121951,0.4146341463414634,0.45121951219512196,0.34146341463414637,0.5487804878048781,0.3048780487804878,0.3048780487804878,0.6463414634146342,0.4268292682926829,0.5121951219512195,0.5853658536585366,0.5609756097560976,0.5,0.6463414634146342,0.4634146341463415,0.2682926829268293,0.3902439024390244,0.3170731707317073,0.7439024390243902,0.4634146341463415,0.573170731707317,0.45121951219512196,0.573170731707317,0.7317073170731707,0.36585365853658536,0.3902439024390244,0.47560975609756095,0.45121951219512196,0.7804878048780488
0,275,9,0.15560134544133253,0.6219512195121951,0.25609756097560976,0.3902439024390244,0.3902439024390244,0.3780487804878049,0.2682926829268293,0.6707317073170732,0.47560975609756095,0.5365853658536586,0.6707317073170732,0.34146341463414637,0.6585365853658537,0.43902439024390244,0.5853658536585366,0.7195121951219512,0.6951219512195121,0.5121951219512195,0.5853658536585366,0.4634146341463415,0.21951219512195122,0.6707317073170732,0.35365853658536583,0.5609756097560976,0.5365853658536586,0.6829268292682927,0.45121951219512196,0.32926829268292684,0.2804878048780488,0.45121951219512196,0.8048780487804879
1,275,0,0.18652291850467992,0.7073170731707317,0.2804878048780488,0.4268292682926829,0.3048780487804878,0.6463414634146342,0.5365853658536586,0.6219512195121951,0.6463414634146342,0.7195121951219512,0.5,0.23170731707317074,0.7560975609756098,0.1951219512195122,0.7682926829268293,0.34146341463414637,0.2804878048780488,0.7317073170731707,0.6951219512195121,0.23170731707317074,0.524390243902439,0.8170731707317073,0.3048780487804878,0.6219512195121951,0.6585365853658537,0.5609756097560976,0.43902439024390244,0.36585365853658536,0.35365853658536583,0.3780487804878049,0.35365853658536583
1,275,1,0.15866161423809888,0.6707317073170732,0.4146341463414634,0.6707317073170732,0.21951219512195122,0.7073170731707317,0.4024390243902439,0.573170731707317,0.4878048780487805,0.6951219512195121,0.5853658536585366,0.6707317073170732,0.8170731707317073,0.2682926829268293,0.5609756097560976,0.34146341463414637,0.34146341463414637,0.7560975609756098,0.6219512195121951,0.4268292682926829,0.524390243902439,0.5975609756097561,0.4268292682926829,0.524390243902439,0.4878048780487805,0.3902439024390244,0.36585365853658536,0.24390243902439024,0.5,0.47560975609756095,0.23170731707317074
1,275,2,0.1492263079272308,0.8292682926829268,0.3780487804878049,0.524390243902439,0.3902439024390244,0.7073170731707317,0.3780487804878049,0.5121951219512195,0.5,0.6585365853658537,0.4268292682926829,0.6951219512195121,0.6097560975609756,0.9024390243902439,0.47560975609756095,0.36585365853658536,0.43902439024390244,0.2682926829268293,0.5853658536585366,0.32926829268292684,0.5487804878048781,0.5609756097560976,0.5365853658536586,0.36585365853658536,0.4146341463414634,0.4024390243902439,0.4878048780487805,0.2926829268292683,0.6097560975609756,0.43902439024390244,0.36585365853658536
1,275,3,0.15205643044885903,0.4268292682926829,0.5121951219512195,0.3902439024390244,0.5121951219512195,0.7926829268292683,0.45121951219512196,0.4634146341463415,0.24390243902439024,0.2926829268292683,0.3902439024390244,0.8170731707317073,0.6463414634146342,0.9146341463414634,0.4268292682926829,0.524390243902439,0.6097560975609756,0.4268292682926829,0.5,0.4634146341463415,0.524390243902439,0.34146341463414637,0.4878048780487805,0.32926829268292684,0.6341463414634146,0.573170731707317,0.36585365853658536,0.34146341463414637,0.6219512195121951,0.4146341463414634,0.5609756097560976
1,275,4,0.1457984505460806,0.36585365853658536,0.34146341463414637,0.21951219512195122,0.6707317073170732,0.5365853658536586,0.4146341463414634,0.5487804878048781,0.4024390243902439,0.25609756097560976,0.6707317073170732,0.7682926829268293,0.6951219512195121,0.9024390243902439,0.5365853658536586,0.573170731707317,0.4878048780487805,0.5487804878048781,0.35365853658536583,0.47560975609756095,0.45121951219512196,0.43902439024390244,0.5609756097560976,0.4146341463414634,0.4268292682926829,0.47560975609756095,0.5,0.3048780487804878,0.524390243902439,0.524390243902439,0.6097560975609756
1,275,5,0.15409667821971434,0.4268292682926829,0.5365853658536586,0.32926829268292684,0.5,0.35365853658536583,0.3048780487804878,0.3902439024390244,0.5365853658536586,0.7073170731707317,0.6463414634146342,0.34146341463414637,0.4634146341463415,0.8780487804878049,0.2926829268292683,0.5365853658536586,0.47560975609756095,0.3902439024390244,0.3048780487804878,0.47560975609756095,0.4268292682926829,0.5365853658536586,0.34146341463414637,0.7317073170731707,0.5365853658536586,0.5121951219512195,0.3780487804878049,0.8536585365853658,0.524390243902439,0.5609756097560976,0.7073170731707317
1,275,6,0.15489885270941178,0.3902439024390244,0.6097560975609756,0.21951219512195122,0.5853658536585366,0.34146341463414637,0.4878048780487805,0.35365853658536583,0.5365853658536586,0.7073170731707317,0.7439024390243902,0.4146341463414634,0.8292682926829268,0.3170731707317073,0.47560975609756095,0.524390243902439,0.32926829268292684,0.36585365853658536,0.45121951219512196,0.45121951219512196,0.5609756097560976,0.4634146341463415,0.4878048780487805,0.7682926829268293,0.5121951219512195,0.4146341463414634,0.3048780487804878,0.7073170731707317,0.3170731707317073,0.6219512195121951,0.7073170731707317
1,275,7,0.13451538299003493,0.47560975609756095,0.7195121951219512,0.5365853658536586,0.5365853658536586,0.5121951219512195,0.3780487804878049,0.4024390243902439,0.3902439024390244,0.7439024390243902,0.573170731707317,0.36585365853658536,0.7317073170731707,0.5,0.34146341463414637,0.2804878048780488,0.573170731707317,0.6097560975609756,0.5,0.3780487804878049,0.47560975609756095,0.36585365853658536,0.4268292682926829,0.6585365853658537,0.573170731707317,0.17073170731707318,0.6829268292682927,0.6097560975609756,0.47560975609756095,0.4634146341463415,0.5487804878048781
1,275,8,0.13179762035225656,0.524390243902439,0.5365853658536586,0.6463414634146342,0.5853658536585366,0.43902439024390244,0.7195121951219512,0.5121951219512195,0.35365853658536583,0.4878048780487805,0.4268292682926829,0.43902439024390244,0.7560975609756098,0.3902439024390244,0.47560975609756095,0.43902439024390244,0.3780487804878049,0.5365853658536586,0.32926829268292684,0.4268292682926829,0.5853658536585366,0.45121951219512196,0.4878048780487805,0.524390243902439,0.45121951219512196,0.43902439024390244,0.7682926829268293,0.7682926829268293,0.2682926829268293,0.5853658536585366,0.2682926829268293
1,275,9,0.14542395303184236,0.32926829268292684,0.4146341463414634,0.7439024390243902,0.21951219512195122,0.43902439024390244,0.6585365853658537,0.6341463414634146,0.5487804878048781,0.2682926829268293,0.4024390243902439,0.6585365853658537,0.3902439024390244,0.5,0.524390243902439,0.5609756097560976,0.524390243902439,0.5,0.5487804878048781,0.5121951219512195,0.36585365853658536,0.573170731707317,0.3780487804878049,0.2804878048780488,0.2804878048780488,0.6585365853658537,0.7195121951219512,0.3902439024390244,0.5975609756097561,0.6585365853658537,0.7195121951219512
2,275,0,0.21423188468670762,0.7439024390243902,0.2804878048780488,0.6707317073170732,0.2682926829268293,0.8048780487804879,0.3048780487804878,0.2804878048780488,0.8414634146341463,0.32926829268292684,0.2926829268292683,0.7073170731707317,0.36585365853658536,0.8414634146341463,0.43902439024390244,0.23170731707317074,0.35365853658536583,0.25609756097560976,0.23170731707317074,0.7317073170731707,0.6097560975609756,0.6097560975609756,0.2926829268292683,0.7317073170731707,0.2804878048780488,0.5609756097560976,0.7682926829268293,0.573170731707317,0.6829268292682927,0.6463414634146342,0.2682926829268293
2,275,1,0.20476671384516826,0.5609756097560976,0.573170731707317,0.14634146341463414,0.24390243902439024,0.7439024390243902,0.3048780487804878,0.4268292682926829,0.7560975609756098,0.45121951219512196,0.36585365853658536,0.7804878048780488,0.5121951219512195,0.9024390243902439,0.32926829268292684,0.3170731707317073,0.12195121951219512,0.6097560975609756,0.1951219512195122,0.43902439024390244,0.5487804878048781,0.6585365853658537,0.7073170731707317,0.43902439024390244,0.3048780487804878,0.32926829268292684,0.7439024390243902,0.5,0.7317073170731707,0.7439024390243902,0.5121951219512195
2,275,2,0.189868297131986,0.43902439024390244,0.5853658536585366,0.2682926829268293,0.7804878048780488,0.4878048780487805,0.2926829268292683,0.5,0.3170731707317073,0.47560975609756095,0.4878048780487805,0.7317073170731707,0.2926829268292683,0.8536585365853658,0.1951219512195122,0.2682926829268293,0.2926829268292683,0.7073170731707317,0.5121951219512195,0.2682926829268293,0.4024390243902439,0.6341463414634146,0.8048780487804879,0.3902439024390244,0.6097560975609756,0.3170731707317073,0.8170731707317073,0.4268292682926829,0.7073170731707317,0.47560975609756095,0.6585365853658537
2,275,3,0.17151388772438209,0.4146341463414634,0.43902439024390244,0.2682926829268293,0.7804878048780488,0.36585365853658536,0.34146341463414637,0.4878048780487805,0.4146341463414634,0.6219512195121951,0.4878048780487805,0.4634146341463415,0.36585365853658536,0.2804878048780488,0.4024390243902439,0.5487804878048781,0.4146341463414634,0.7926829268292683,0.7560975609756098,0.3780487804878049,0.3170731707317073,0.32926829268292684,0.7682926829268293,0.5365853658536586,0.6951219512195121,0.35365853658536583,0.36585365853658536,0.43902439024390244,0.5365853658536586,0.8414634146341463,0.7926829268292683
2,275,4,0.15267461469880483,0.43902439024390244,0.4146341463414634,0.5,0.7926829268292683,0.3902439024390244,0.45121951219512196,0.36585365853658536,0.45121951219512196,0.6219512195121951,0.5121951219512195,0.5121951219512195,0.5121951219512195,0.23170731707317074,0.5609756097560976,0.5487804878048781,0.5975609756097561,0.5853658536585366,0.6463414634146342,0.5609756097560976,0.36585365853658536,0.4024390243902439,0.926829268292683,0.4268292682926829,0.45121951219512196,0.5365853658536586,0.4634146341463415,0.4634146341463415,0.2682926829268293,0.21951219512195122,0.7804878048780488
2,275,5,0.14623980208703674,0.5609756097560976,0.45121951219512196,0.5609756097560976,0.7073170731707317,0.4268292682926829,0.6341463414634146,0.32926829268292684,0.3170731707317073,0.3780487804878049,0.3780487804878049,0.35365853658536583,0.4634146341463415,0.4146341463414634,0.8292682926829268,0.7317073170731707,0.6463414634146342,0.5365853658536586,0.5975609756097561,0.43902439024390244,0.35365853658536583,0.5,0.7926829268292683,0.1951219512195122,0.524390243902439,0.5365853658536586,0.524390243902439,0.32926829268292684,0.4024390243902439,0.5365853658536586,0.5487804878048781
2,275,6,0.1604017858288525,0.47560975609756095,0.36585365853658536,0.7195121951219512,0.6341463414634146,0.43902439024390244,0.5121951219512195,0.4268292682926829,0.43902439024390244,0.2926829268292683,0.2926829268292683,0.3902439024390244,0.6463414634146342,0.8048780487804879,0.7560975609756098,0.6951219512195121,0.5365853658536586,0.8536585365853658,0.5487804878048781,0.6707317073170732,0.5365853658536586,0.3780487804878049,0.4146341463414634,0.5487804878048781,0.5365853658536586,0.4146341463414634,0.4024390243902439,0.32926829268292684,0.4268292682926829,0.2926829268292683,0.21951219512195122
2,275,7,0.12700894090105724,0.4146341463414634,0.43902439024390244,0.6463414634146342,0.4268292682926829,0.36585365853658536,0.4634146341463415,0.36585365853658536,0.3170731707317073,0.4268292682926829,0.35365853658536583,0.5487804878048781,0.6097560975609756,0.7682926829268293,0.5853658536585366,0.45121951219512196,0.3780487804878049,0.4634146341463415,0.4024390243902439,0.4146341463414634,0.8048780487804879,0.4878048780487805,0.5,0.5365853658536586,0.4146341463414634,0.5,0.3780487804878049,0.7560975609756098,0.6097560975609756,0.6585365853658537,0.5121951219512195
2,275,8,0.16497255193254493,0.4268292682926829,0.5853658536585366,0.36585365853658536,0.4024390243902439,0.4268292682926829,0.4634146341463415,0.573170731707317,0.45121951219512196,0.2804878048780488,0.7073170731707317,0.5487804878048781,0.32926829268292684,0.9146341463414634,0.35365853658536583,0.5609756097560976,0.36585365853658536,0.35365853658536583,0.36585365853658536,0.4024390243902439,0.6463414634146342,0.47560975609756095,0.6951219512195121,0.7926829268292683,0.2073170731707317,0.524390243902439,0.45121951219512196,0.5853658536585366,0.7804878048780488,0.6463414634146342,0.3170731707317073
2,275,9,0.1378642220591471,0.36585365853658536,0.43902439024390244,0.23170731707317074,0.5609756097560976,0.4024390243902439,0.5365853658536586,0.43902439024390244,0.2804878048780488,0.5609756097560976,0.6219512195121951,0.35365853658536583,0.43902439024390244,0.8658536585365854,0.47560975609756095,0.4268292682926829,0.3902439024390244,0.7073170731707317,0.6585365853658537,0.4268292682926829,0.36585365853658536,0.4634146341463415,0.5365853658536586,0.5121951219512195,0.3902439024390244,0.43902439024390244,0.5,0.6341463414634146,0.6951219512195121,0.7073170731707317,0.573170731707317
3,275,0,0.2181984172175052,0.4146341463414634,0.34146341463414637,0.7073170731707317,0.4878048780487805,0.7317073170731707,0.524390243902439,0.2926829268292683,0.7317073170731707,0.2073170731707317,0.3780487804878049,0.7317073170731707,0.24390243902439024,0.2804878048780488,0.5975609756097561,0.8048780487804879,0.6219512195121951,0.5,0.6341463414634146,0.8048780487804879,0.3170731707317073,0.23170731707317074,0.2926829268292683,0.21951219512195122,0.8536585365853658,0.1951219512195122,0.7195121951219512,0.7317073170731707,0.6097560975609756,0.14634146341463414,0.6463414634146342
3,275,1,0.1971691386715916,0.15853658536585366,0.2682926829268293,0.7560975609756098,0.32926829268292684,0.7682926829268293,0.4634146341463415,0.32926829268292684,0.6585365853658537,0.34146341463414637,0.4878048780487805,0.45121951219512196,0.4146341463414634,0.2804878048780488,0.6341463414634146,0.7560975609756098,0.6829268292682927,0.5853658536585366,0.5975609756097561,0.7926829268292683,0.25609756097560976,0.25609756097560976,0.3048780487804878,0.3780487804878049,0.7560975609756098,0.24390243902439024,0.7682926829268293,0.3780487804878049,0.7682926829268293,0.5609756097560976,0.573170731707317
3,275,2,0.1855369343166948,0.23170731707317074,0.1951219512195122,0.8292682926829268,0.3780487804878049,0.4146341463414634,0.15853658536585366,0.5853658536585366,0.7439024390243902,0.36585365853658536,0.4268292682926829,0.3902439024390244,0.5,0.7682926829268293,0.6951219512195121,0.8780487804878049,0.524390243902439,0.34146341463414637,0.45121951219512196,0.45121951219512196,0.6097560975609756,0.3780487804878049,0.2926829268292683,0.34146341463414637,0.7804878048780488,0.4024390243902439,0.6097560975609756,0.4878048780487805,0.4878048780487805,0.6341463414634146,0.6463414634146342
3,275,3,0.17972813099454182,0.6585365853658537,0.7317073170731707,0.23170731707317074,0.36585365853658536,0.5609756097560976,0.3048780487804878,0.573170731707317,0.8658536585365854,0.6219512195121951,0.32926829268292684,0.3170731707317073,0.34146341463414637,0.7804878048780488,0.9024390243902439,0.3780487804878049,0.5365853658536586,0.34146341463414637,0.23170731707317074,0.5365853658536586,0.7073170731707317,0.47560975609756095,0.5121951219512195,0.3780487804878049,0.24390243902439024,0.4268292682926829,0.6707317073170732,0.5121951219512195,0.524390243902439,0.47560975609756095,0.4634146341463415
3,275,4,0.1740957773145651,0.6829268292682927,0.7317073170731707,0.35365853658536583,0.4268292682926829,0.6341463414634146,0.23170731707317074,0.5365853658536586,0.8414634146341463,0.7195121951219512,0.2682926829268293,0.32926829268292684,0.43902439024390244,0.6585365853658537,0.8048780487804879,0.6341463414634146,0.25609756097560976,0.524390243902439,0.3170731707317073,0.5121951219512195,0.7926829268292683,0.5121951219512195,0.32926829268292684,0.32926829268292684,0.2682926829268293,0.3902439024390244,0.4634146341463415,0.43902439024390244,0.5853658536585366,0.47560975609756095,0.5121951219512195
3,275,5,0.15107519995697,0.7317073170731707,0.5975609756097561,0.573170731707317,0.5487804878048781,0.4634146341463415,0.4634146341463415,0.36585365853658536,0.6707317073170732,0.45121951219512196,0.7317073170731707,0.5,0.43902439024390244,0.5487804878048781,0.6219512195121951,0.5975609756097561,0.6707317073170732,0.45121951219512196,0.5609756097560976,0.21951219512195122,0.7804878048780488,0.6707317073170732,0.35365853658536583,0.573170731707317,0.4146341463414634,0.17073170731707318,0.3048780487804878,0.3048780487804878,0.32926829268292684,0.4146341463414634,0.47560975609756095
3,275,6,0.16557245410094554,0.7195121951219512,0.43902439024390244,0.6341463414634146,0.7195121951219512,0.47560975609756095,0.36585365853658536,0.4634146341463415,0.7682926829268293,0.34146341463414637,0.8658536585365854,0.6097560975609756,0.2804878048780488,0.35365853658536583,0.6341463414634146,0.5609756097560976,0.8292682926829268,0.6707317073170732,0.5,0.32926829268292684,0.32926829268292684,0.5121951219512195,0.34146341463414637,0.5487804878048781,0.45121951219512196,0.4268292682926829,0.47560975609756095,0.2926829268292683,0.3170731707317073,0.3048780487804878,0.43902439024390244
3,275,7,0.16391744027362562,0.25609756097560976,0.2926829268292683,0.524390243902439,0.5121951219512195,0.45121951219512196,0.3902439024390244,0.47560975609756095,0.7804878048780488,0.47560975609756095,0.8536585365853658,0.6463414634146342,0.3048780487804878,0.3902439024390244,0.3170731707317073,0.573170731707317,0.7560975609756098,0.6829268292682927,0.8292682926829268,0.6829268292682927,0.34146341463414637,0.34146341463414637,0.4878048780487805,0.35365853658536583,0.4146341463414634,0.6219512195121951,0.5487804878048781,0.4024390243902439,0.47560975609756095,0.47560975609756095,0.34146341463414637
3,275,8,0.13746811142131618,0.47560975609756095,0.36585365853658536,0.3048780487804878,0.34146341463414637,0.5365853658536586,0.45121951219512196,0.4146341463414634,0.7195121951219512,0.4146341463414634,0.8170731707317073,0.5975609756097561,0.36585365853658536,0.5975609756097561,0.5121951219512195,0.7560975609756098,0.5853658536585366,0.5,0.6097560975609756,0.1951219512195122,0.47560975609756095,0.3170731707317073,0.35365853658536583,0.5,0.47560975609756095,0.6829268292682927,0.4878048780487805,0.4878048780487805,0.5609756097560976,0.5,0.5975609756097561
3,275,9,0.10149585160058366,0.6829268292682927,0.3780487804878049,0.4024390243902439,0.45121951219512196,0.4878048780487805,0.24390243902439024,0.43902439024390244,0.5853658536585366,0.6463414634146342,0.5609756097560976,0.5121951219512195,0.3170731707317073,0.4634146341463415,0.47560975609756095,0.45121951219512196,0.3780487804878049,0.5,0.6951219512195121,0.6097560975609756,0.5,0.5121951219512195,0.5609756097560976,0.5975609756097561,0.43902439024390244,0.4268292682926829,0.5975609756097561,0.47560975609756095,0.5365853658536586,0.47560975609756095,0.5975609756097561
4,275,0,0.2035282675722752,0.6219512195121951,0.35365853658536583,0.24390243902439024,0.8292682926829268,0.7317073170731707,0.3780487804878049,0.7926829268292683,0.8048780487804879,0.34146341463414637,0.573170731707317,0.36585365853658536,0.7073170731707317,0.3048780487804878,0.3170731707317073,0.3170731707317073,0.6219512195121951,0.32926829268292684,0.7926829268292683,0.24390243902439024,0.5853658536585366,0.8292682926829268,0.2804878048780488,0.3170731707317073,0.3902439024390244,0.2804878048780488,0.7560975609756098,0.6829268292682927,0.4268292682926829,0.45121951219512196,0.32926829268292684
4,275,1,0.17545725085290437,0.6219512195121951,0.3170731707317073,0.4146341463414634,0.8536585365853658,0.7317073170731707,0.34146341463414637,0.8170731707317073,0.4878048780487805,0.36585365853658536,0.5853658536585366,0.45121951219512196,0.6341463414634146,0.35365853658536583,0.47560975609756095,0.21951219512195122,0.47560975609756095,0.32926829268292684,0.7926829268292683,0.47560975609756095,0.45121951219512196,0.7926829268292683,0.32926829268292684,0.35365853658536583,0.4024390243902439,0.3902439024390244,0.8048780487804879,0.5121951219512195,0.5121951219512195,0.4024390243902439,0.3048780487804878
4,275,2,0.16762563692428809,0.7560975609756098,0.9024390243902439,0.35365853658536583,0.6463414634146342,0.36585365853658536,0.6585365853658537,0.4268292682926829,0.3170731707317073,0.4146341463414634,0.4024390243902439,0.4878048780487805,0.6707317073170732,0.34146341463414637,0.4268292682926829,0.32926829268292684,0.3780487804878049,0.3780487804878049,0.7682926829268293,0.5975609756097561,0.3780487804878049,0.6219512195121951,0.3048780487804878,0.524390243902439,0.2682926829268293,0.524390243902439,0.6951219512195121,0.34146341463414637,0.3902439024390244,0.5609756097560976,0.7682926829268293
4,275,3,0.15416100578595593,0.6707317073170732,0.9024390243902439,0.45121951219512196,0.6951219512195121,0.5121951219512195,0.4878048780487805,0.36585365853658536,0.5,0.4878048780487805,0.23170731707317074,0.2682926829268293,0.5365853658536586,0.25609756097560976,0.6341463414634146,0.3170731707317073,0.43902439024390244,0.5365853658536586,0.43902439024390244,0.34146341463414637,0.45121951219512196,0.7926829268292683,0.6097560975609756,0.4878048780487805,0.35365853658536583,0.524390243902439,0.573170731707317,0.4024390243902439,0.5121951219512195,0.4878048780487805,0.7317073170731707
4,275,4,0.15649086630016387,0.7317073170731707,0.8780487804878049,0.5975609756097561,0.6707317073170732,0.43902439024390244,0.43902439024390244,0.5,0.5,0.47560975609756095,0.2804878048780488,0.2682926829268293,0.573170731707317,0.47560975609756095,0.6097560975609756,0.47560975609756095,0.36585365853658536,0.573170731707317,0.3048780487804878,0.47560975609756095,0.32926829268292684,0.6219512195121951,0.524390243902439,0.4634146341463415,0.2682926829268293,0.4634146341463415,0.2804878048780488,0.5,0.6585365853658537,0.4024390243902439,0.8536585365853658
4,275,5,0.14613807003849016,0.2926829268292683,0.5853658536585366,0.47560975609756095,0.5365853658536586,0.5975609756097561,0.47560975609756095,0.3902439024390244,0.45121951219512196,0.7073170731707317,0.47560975609756095,0.6097560975609756,0.36585365853658536,0.4268292682926829,0.34146341463414637,0.5121951219512195,0.8048780487804879,0.5,0.2926829268292683,0.3780487804878049,0.45121951219512196,0.3780487804878049,0.524390243902439,0.7195121951219512,0.6585365853658537,0.6219512195121951,0.24390243902439024,0.3902439024390244,0.6585365853658537,0.35365853658536583,0.7804878048780488
4,275,6,0.15825490924398375,0.3780487804878049,0.25609756097560976,0.6951219512195121,0.5487804878048781,0.6219512195121951,0.6829268292682927,0.47560975609756095,0.36585365853658536,0.7682926829268293,0.5365853658536586,0.5,0.4146341463414634,0.5121951219512195,0.2804878048780488,0.7439024390243902,0.8170731707317073,0.6829268292682927,0.5,0.5365853658536586,0.47560975609756095,0.35365853658536583,0.43902439024390244,0.5853658536585366,0.3902439024390244,0.23170731707317074,0.524390243902439,0.6341463414634146,0.4146341463414634,0.45121951219512196,0.18292682926829268
4,275,7,0.14995537706282341,0.3902439024390244,0.3048780487804878,0.5853658536585366,0.45121951219512196,0.5121951219512195,0.6707317073170732,0.34146341463414637,0.4146341463414634,0.25609756097560976,0.6829268292682927,0.5121951219512195,0.3170731707317073,0.36585365853658536,0.6463414634146342,0.34146341463414637,0.8658536585365854,0.6463414634146342,0.6219512195121951,0.3902439024390244,0.3902439024390244,0.7682926829268293,0.5121951219512195,0.4634146341463415,0.6829268292682927,0.524390243902439,0.34146341463414637,0.6341463414634146,0.3902439024390244,0.43902439024390244,0.5365853658536586
4,275,8,0.14099305037418391,0.524390243902439,0.7195121951219512,0.4634146341463415,0.3170731707317073,0.573170731707317,0.7560975609756098,0.6219512195121951,0.6463414634146342,0.18292682926829268,0.5487804878048781,0.35365853658536583,0.34146341463414637,0.3780487804878049,0.524390243902439,0.35365853658536583,0.7439024390243902,0.6219512195121951,0.6219512195121951,0.573170731707317,0.2682926829268293,0.3902439024390244,0.5487804878048781,0.3902439024390244,0.5853658536585366,0.47560975609756095,0.524390243902439,0.5853658536585366,0.36585365853658536,0.4268292682926829,0.573170731707317
4,275,9,0.14078193014039525,0.25609756097560976,0.5609756097560976,0.35365853658536583,0.5487804878048781,0.3780487804878049,0.3902439024390244,0.524390243902439,0.7926829268292683,0.4268292682926829,0.3170731707317073,0.35365853658536583,0.5609756097560976,0.5975609756097561,0.5609756097560976,0.6707317073170732,0.6829268292682927,0.6219512195121951,0.34146341463414637,0.6707317073170732,0.3048780487804878,0.4268292682926829,0.45121951219512196,0.4146341463414634,0.573170731707317,0.6951219512195121,0.5,0.3048780487804878,0.4634146341463415,0.5365853658536586,0.7195121951219512
0,300,0,0.17934155905611995,0.4634146341463415,0.45121951219512196,0.7682926829268293,0.4878048780487805,0.4268292682926829,0.7560975609756098,0.35365853658536583,0.2804878048780488,0.2682926829268293,0.2073170731707317,0.7195121951219512,0.5487804878048781,0.5853658536585366,0.3048780487804878,0.43902439024390244,0.2926829268292683,0.3780487804878049,0.5487804878048781,0.4268292682926829,0.43902439024390244,0.7804878048780488,0.6219512195121951,0.6219512195121951,0.6829268292682927,0.34146341463414637,0.7682926829268293,0.34146341463414637,0.35365853658536583,0.8902439024390244,0.45121951219512196
0,300,1,0.17355391020136315,0.4146341463414634,0.6707317073170732,0.8536585365853658,0.5365853658536586,0.32926829268292684,0.7560975609756098,0.5,0.3048780487804878,0.3170731707317073,0.4268292682926829,0.5365853658536586,0.6219512195121951,0.47560975609756095,0.3170731707317073,0.36585365853658536,0.4146341463414634,0.3048780487804878,0.4634146341463415,0.5121951219512195,0.3780487804878049,0.8658536585365854,0.7804878048780488,0.6219512195121951,0.2682926829268293,0.4878048780487805,0.573170731707317,0.34146341463414637,0.4268292682926829,0.8048780487804879,0.32926829268292684
0,300,2,0.16968319152123013,0.8536585365853658,0.7439024390243902,0.6097560975609756,0.34146341463414637,0.45121951219512196,0.5609756097560976,0.35365853658536583,0.35365853658536583,0.2682926829268293,0.8536585365853658,0.35365853658536583,0.45121951219512196,0.32926829268292684,0.5365853658536586,0.36585365853658536,0.5121951219512195,0.36585365853658536,0.5365853658536586,0.32926829268292684,0.3902439024390244,0.7195121951219512,0.6219512195121951,0.8292682926829268,0.25609756097560976,0.6829268292682927,0.43902439024390244,0.5365853658536586,0.5,0.45121951219512196,0.4024390243902439
0,300,3,0.16434029783339527,0.8170731707317073,0.524390243902439,0.6219512195121951,0.23170731707317074,0.32926829268292684,0.4146341463414634,0.2073170731707317,0.6829268292682927,0.5365853658536586,0.8292682926829268,0.23170731707317074,0.4146341463414634,0.573170731707317,0.6951219512195121,0.43902439024390244,0.5121951219512195,0.4878048780487805,0.47560975609756095,0.5121951219512195,0.5487804878048781,0.7195121951219512,0.43902439024390244,0.47560975609756095,0.43902439024390244,0.6707317073170732,0.2073170731707317,0.6707317073170732,0.4268292682926829,0.35365853658536583,0.5121951219512195
0,300,4,0.17663993227804786,0.8902439024390244,0.47560975609756095,0.5609756097560976,0.24390243902439024,0.5609756097560976,0.34146341463414637,0.23170731707317074,0.47560975609756095,0.573170731707317,0.9512195121951219,0.3902439024390244,0.5,0.524390243902439,0.7195121951219512,0.4146341463414634,0.5121951219512195,0.5609756097560976,0.21951219512195122,0.3048780487804878,0.2926829268292683,0.4634146341463415,0.6341463414634146,0.5,0.573170731707317,0.7073170731707317,0.32926829268292684,0.7439024390243902,0.4268292682926829,0.4024390243902439,0.47560975609756095
0,300,5,0.11247755190582934,0.7073170731707317,0.6219512195121951,0.43902439024390244,0.6463414634146342,0.4878048780487805,0.36585365853658536,0.4024390243902439,0.5853658536585366,0.36585365853658536,0.4146341463414634,0.573170731707317,0.34146341463414637,0.6463414634146342,0.573170731707317,0.5,0.5487804878048781,0.573170731707317,0.32926829268292684,0.3170731707317073,0.45121951219512196,0.3048780487804878,0.6463414634146342,0.4634146341463415,0.5975609756097561,0.6219512195121951,0.5487804878048781,0.524390243902439,0.5609756097560976,0.45121951219512196,0.3902439024390244
0,300,6,0.1402880807051821,0.17073170731707318,0.3048780487804878,0.5,0.5,0.3048780487804878,0.7926829268292683,0.4146341463414634,0.6219512195121951,0.4878048780487805,0.5,0.5487804878048781,0.4268292682926829,0.7073170731707317,0.6585365853658537,0.7804878048780488,0.5609756097560976,0.3780487804878049,0.573170731707317,0.5487804878048781,0.6463414634146342,0.3048780487804878,0.524390243902439,0.34146341463414637,0.573170731707317,0.3780487804878049,0.45121951219512196,0.4268292682926829,0.5365853658536586,0.5487804878048781,0.4878048780487805
0,300,7,0.16464167402242305,0.34146341463414637,0.4024390243902439,0.4146341463414634,0.3780487804878049,0.6585365853658537,0.8780487804878049,0.43902439024390244,0.5487804878048781,0.3780487804878049,0.43902439024390244,0.3170731707317073,0.573170731707317,0.24390243902439024,0.6585365853658537,0.6585365853658537,0.5121951219512195,0.35365853658536583,0.3048780487804878,0.43902439024390244,0.8292682926829268,0.3902439024390244,0.7439024390243902,0.4024390243902439,0.2804878048780488,0.5121951219512195,0.4146341463414634,0.4634146341463415,0.6829268292682927,0.7317073170731707,0.6097560975609756
0,300,8,0.12191056232836402,0.573170731707317,0.4024390243902439,0.4268292682926829,0.43902439024390244,0.3902439024390244,0.6219512195121951,0.5975609756097561,0.21951219512195122,0.5609756097560976,0.32926829268292684,0.5609756097560976,0.47560975609756095,0.34146341463414637,0.7195121951219512,0.6951219512195121,0.36585365853658536,0.6829268292682927,0.524390243902439,0.3780487804878049,0.5609756097560976,0.36585365853658536,0.5853658536585366,0.5121951219512195,0.5365853658536586,0.3780487804878049,0.524390243902439,0.5365853658536586,0.4268292682926829,0.6707317073170732,0.5975609756097561
0,300,9,0.13904578354867533,0.6829268292682927,0.5487804878048781,0.47560975609756095,0.2926829268292683,0.573170731707317,0.34146341463414637,0.5487804878048781,0.2804878048780488,0.32926829268292684,0.4878048780487805,0.5609756097560976,0.7560975609756098,0.5609756097560976,0.34146341463414637,0.6341463414634146,0.5487804878048781,0.8170731707317073,0.47560975609756095,0.34146341463414637,0.5121951219512195,0.4634146341463415,0.573170731707317,0.5487804878048781,0.5975609756097561,0.4146341463414634,0.5853658536585366,0.45121951219512196,0.25609756097560976,0.6585365853658537,0.34146341463414637
1,300,0,0.2102848318110173,0.7073170731707317,0.35365853658536583,0.2682926829268293,0.8170731707317073,0.6951219512195121,0.43902439024390244,0.23170731707317074,0.2682926829268293,0.25609756097560976,0.6219512195121951,0.3902439024390244,0.3780487804878049,0.8170731707317073,0.34146341463414637,0.7926829268292683,0.3048780487804878,0.7804878048780488,0.4878048780487805,0.6097560975609756,0.5609756097560976,0.7073170731707317,0.23170731707317074,0.6341463414634146,0.1951219512195122,0.35365853658536583,0.8292682926829268,0.3902439024390244,0.7439024390243902,0.5487804878048781,0.24390243902439024
1,300,1,0.1713693088503994,0.5365853658536586,0.35365853658536583,0.45121951219512196,0.7195121951219512,0.4146341463414634,0.35365853658536583,0.3170731707317073,0.5975609756097561,0.3048780487804878,0.5365853658536586,0.4634146341463415,0.32926829268292684,0.7317073170731707,0.45121951219512196,0.7195121951219512,0.2926829268292683,0.7439024390243902,0.5853658536585366,0.6219512195121951,0.34146341463414637,0.6707317073170732,0.23170731707317074,0.7560975609756098,0.32926829268292684,0.2682926829268293,0.7804878048780488,0.34146341463414637,0.7073170731707317,0.6097560975609756,0.43902439024390244
1,300,2,0.16261178830032474,0.4024390243902439,0.3170731707317073,0.524390243902439,0.35365853658536583,0.4024390243902439,0.4146341463414634,0.32926829268292684,0.6585365853658537,0.2926829268292683,0.6707317073170732,0.47560975609756095,0.36585365853658536,0.6341463414634146,0.7560975609756098,0.6097560975609756,0.24390243902439024,0.5609756097560976,0.5,0.3780487804878049,0.2073170731707317,0.5,0.5,0.7560975609756098,0.7926829268292683,0.3902439024390244,0.5487804878048781,0.7073170731707317,0.6951219512195121,0.34146341463414637,0.6707317073170732
1,300,3,0.17638716811477606,0.47560975609756095,0.32926829268292684,0.7560975609756098,0.4878048780487805,0.4146341463414634,0.524390243902439,0.3902439024390244,0.43902439024390244,0.5365853658536586,0.524390243902439,0.5975609756097561,0.6097560975609756,0.45121951219512196,0.6219512195121951,0.1951219512195122,0.7073170731707317,0.2804878048780488,0.5975609756097561,0.5,0.3170731707317073,0.3902439024390244,0.6463414634146342,0.8414634146341463,0.7560975609756098,0.36585365853658536,0.2682926829268293,0.9024390243902439,0.34146341463414637,0.23170731707317074,0.5
1,300,4,0.17511787480818433,0.45121951219512196,0.5365853658536586,0.7195121951219512,0.47560975609756095,0.3902439024390244,0.573170731707317,0.4878048780487805,0.32926829268292684,0.5975609756097561,0.524390243902439,0.573170731707317,0.6463414634146342,0.23170731707317074,0.5853658536585366,0.34146341463414637,0.47560975609756095,0.5121951219512195,0.6341463414634146,0.524390243902439,0.24390243902439024,0.35365853658536583,0.5,0.8414634146341463,0.7926829268292683,0.5,0.17073170731707318,0.9146341463414634,0.47560975609756095,0.23170731707317074,0.36585365853658536
1,300,5,0.1355433539247818,0.5121951219512195,0.4878048780487805,0.5975609756097561,0.8170731707317073,0.4878048780487805,0.5,0.32926829268292684,0.5609756097560976,0.524390243902439,0.35365853658536583,0.34146341463414637,0.6219512195121951,0.4878048780487805,0.2682926829268293,0.21951219512195122,0.45121951219512196,0.5487804878048781,0.4146341463414634,0.6219512195121951,0.7682926829268293,0.5,0.4146341463414634,0.4634146341463415,0.573170731707317,0.573170731707317,0.35365853658536583,0.7073170731707317,0.524390243902439,0.6097560975609756,0.36585365853658536
1,300,6,0.16325073688469766,0.34146341463414637,0.45121951219512196,0.6707317073170732,0.7926829268292683,0.5975609756097561,0.47560975609756095,0.35365853658536583,0.6829268292682927,0.2804878048780488,0.3780487804878049,0.3780487804878049,0.4146341463414634,0.524390243902439,0.2804878048780488,0.4024390243902439,0.7195121951219512,0.8048780487804879,0.5,0.5975609756097561,0.7439024390243902,0.5487804878048781,0.24390243902439024,0.34146341463414637,0.2804878048780488,0.4878048780487805,0.5365853658536586,0.5365853658536586,0.5853658536585366,0.7317073170731707,0.3170731707317073
1,300,7,0.15283687918790048,0.5365853658536586,0.3780487804878049,0.8536585365853658,0.7439024390243902,0.6585365853658537,0.3902439024390244,0.5487804878048781,0.5853658536585366,0.21951219512195122,0.3902439024390244,0.45121951219512196,0.36585365853658536,0.5853658536585366,0.2804878048780488,0.5609756097560976,0.5853658536585366,0.47560975609756095,0.7560975609756098,0.5121951219512195,0.7195121951219512,0.5487804878048781,0.34146341463414637,0.5609756097560976,0.47560975609756095,0.6341463414634146,0.3780487804878049,0.3780487804878049,0.25609756097560976,0.47560975609756095,0.35365853658536583
1,300,8,0.12728186910107805,0.4268292682926829,0.4024390243902439,0.7195121951219512,0.6585365853658537,0.3902439024390244,0.4268292682926829,0.5,0.7560975609756098,0.6707317073170732,0.24390243902439024,0.47560975609756095,0.47560975609756095,0.4146341463414634,0.4146341463414634,0.6829268292682927,0.5,0.45121951219512196,0.7439024390243902,0.4268292682926829,0.6097560975609756,0.5121951219512195,0.5487804878048781,0.4634146341463415,0.43902439024390244,0.6097560975609756,0.2682926829268293,0.3902439024390244,0.43902439024390244,0.4878048780487805,0.45121951219512196
1,300,9,0.12320493769575758,0.4878048780487805,0.6829268292682927,0.2926829268292683,0.4878048780487805,0.47560975609756095,0.3780487804878049,0.6219512195121951,0.32926829268292684,0.6707317073170732,0.43902439024390244,0.6097560975609756,0.573170731707317,0.524390243902439,0.43902439024390244,0.7195121951219512,0.4146341463414634,0.4268292682926829,0.6219512195121951,0.5853658536585366,0.5365853658536586,0.4024390243902439,0.43902439024390244,0.3780487804878049,0.7926829268292683,0.524390243902439,0.35365853658536583,0.4146341463414634,0.5609756097560976,0.3170731707317073,0.5
2,300,0,0.2242930153440002,0.8902439024390244,0.25609756097560976,0.2682926829268293,0.3902439024390244,0.7073170731707317,0.32926829268292684,0.34146341463414637,0.2682926829268293,0.6463414634146342,0.6341463414634146,0.6707317073170732,0.7560975609756098,0.35365853658536583,0.2682926829268293,0.36585365853658536,0.2926829268292683,0.47560975609756095,0.1951219512195122,0.7317073170731707,0.7439024390243902,0.3048780487804878,0.6829268292682927,0.6829268292682927,0.8902439024390244,0.25609756097560976,0.3170731707317073,0.6829268292682927,0.524390243902439,0.2073170731707317,0.8658536585365854
2,300,1,0.22245096958370159,0.8414634146341463,0.24390243902439024,0.4024390243902439,0.3902439024390244,0.6585365853658537,0.3780487804878049,0.2804878048780488,0.2804878048780488,0.9024390243902439,0.7195121951219512,0.43902439024390244,0.8170731707317073,0.24390243902439024,0.2682926829268293,0.34146341463414637,0.2682926829268293,0.2804878048780488,0.6707317073170732,0.8780487804878049,0.8902439024390244,0.2804878048780488,0.5975609756097561,0.6341463414634146,0.5609756097560976,0.6707317073170732,0.43902439024390244,0.43902439024390244,0.6463414634146342,0.18292682926829268,0.35365853658536583
2,300,2,0.20065824654275174,0.7439024390243902,0.5121951219512195,0.3170731707317073,0.35365853658536583,0.6219512195121951,0.32926829268292684,0.6463414634146342,0.17073170731707318,0.8048780487804879,0.3780487804878049,0.5,0.7804878048780488,0.3170731707317073,0.32926829268292684,0.45121951219512196,0.23170731707317074,0.34146341463414637,0.36585365853658536,0.4878048780487805,0.7073170731707317,0.5365853658536586,0.524390243902439,0.6829268292682927,0.47560975609756095,0.8292682926829268,0.7195121951219512,0.2073170731707317,0.524390243902439,0.8902439024390244,0.21951219512195122
2,300,3,0.19041580726128618,0.7682926829268293,0.8414634146341463,0.5365853658536586,0.32926829268292684,0.6463414634146342,0.3780487804878049,0.5365853658536586,0.2073170731707317,0.5121951219512195,0.43902439024390244,0.4268292682926829,0.6097560975609756,0.24390243902439024,0.5365853658536586,0.32926829268292684,0.36585365853658536,0.34146341463414637,0.36585365853658536,0.5853658536585366,0.7195121951219512,0.5609756097560976,0.34146341463414637,0.6463414634146342,0.3048780487804878,0.8048780487804879,0.6585365853658537,0.3170731707317073,0.45121951219512196,0.9512195121951219,0.24390243902439024
2,300,4,0.17964536417873458,0.6707317073170732,0.8414634146341463,0.3902439024390244,0.4024390243902439,0.5365853658536586,0.2682926829268293,0.4878048780487805,0.34146341463414637,0.4634146341463415,0.32926829268292684,0.4878048780487805,0.8658536585365854,0.4878048780487805,0.4878048780487805,0.43902439024390244,0.32926829268292684,0.4146341463414634,0.34146341463414637,0.5365853658536586,0.2073170731707317,0.6463414634146342,0.32926829268292684,0.5365853658536586,0.4878048780487805,0.7317073170731707,0.7682926829268293,0.5609756097560976,0.3902439024390244,0.9146341463414634,0.3048780487804878
2,300,5,0.16458144293424595,0.5,0.8536585365853658,0.524390243902439,0.4146341463414634,0.5609756097560976,0.4146341463414634,0.4634146341463415,0.43902439024390244,0.45121951219512196,0.45121951219512196,0.24390243902439024,0.6951219512195121,0.3902439024390244,0.524390243902439,0.5365853658536586,0.2073170731707317,0.43902439024390244,0.4634146341463415,0.6951219512195121,0.2926829268292683,0.7073170731707317,0.2926829268292683,0.36585365853658536,0.43902439024390244,0.47560975609756095,0.5975609756097561,0.573170731707317,0.32926829268292684,0.8414634146341463,0.8170731707317073
2,300,6,0.13943741244334495,0.3048780487804878,0.4878048780487805,0.34146341463414637,0.8292682926829268,0.6341463414634146,0.4634146341463415,0.21951219512195122,0.4268292682926829,0.47560975609756095,0.45121951219512196,0.5,0.5609756097560976,0.6097560975609756,0.45121951219512196,0.4878048780487805,0.4268292682926829,0.5487804878048781,0.4024390243902439,0.32926829268292684,0.4268292682926829,0.43902439024390244,0.5853658536585366,0.4878048780487805,0.5487804878048781,0.47560975609756095,0.45121951219512196,0.6341463414634146,0.3902439024390244,0.7682926829268293,0.8414634146341463
2,300,7,0.14480904984192583,0.3902439024390244,0.47560975609756095,0.47560975609756095,0.8048780487804879,0.5487804878048781,0.3780487804878049,0.4878048780487805,0.4878048780487805,0.5365853658536586,0.5609756097560976,0.35365853658536583,0.5121951219512195,0.6951219512195121,0.25609756097560976,0.4146341463414634,0.4146341463414634,0.573170731707317,0.573170731707317,0.6951219512195121,0.47560975609756095,0.43902439024390244,0.5975609756097561,0.43902439024390244,0.45121951219512196,0.25609756097560976,0.43902439024390244,0.4024390243902439,0.5853658536585366,0.34146341463414637,0.9390243902439024
2,300,8,0.16328110064147186,0.5487804878048781,0.47560975609756095,0.3048780487804878,0.7560975609756098,0.32926829268292684,0.5365853658536586,0.7317073170731707,0.45121951219512196,0.18292682926829268,0.5975609756097561,0.5,0.6707317073170732,0.3780487804878049,0.4146341463414634,0.2682926829268293,0.4146341463414634,0.6097560975609756,0.6341463414634146,0.7317073170731707,0.6219512195121951,0.25609756097560976,0.5487804878048781,0.4634146341463415,0.4024390243902439,0.5121951219512195,0.4878048780487805,0.24390243902439024,0.7682926829268293,0.4024390243902439,0.7560975609756098
2,300,9,0.1467474044535739,0.5,0.4268292682926829,0.21951219512195122,0.5609756097560976,0.2682926829268293,0.5121951219512195,0.7317073170731707,0.4878048780487805,0.35365853658536583,0.5975609756097561,0.6585365853658537,0.6097560975609756,0.36585365853658536,0.36585365853658536,0.3902439024390244,0.4024390243902439,0.6097560975609756,0.3048780487804878,0.6707317073170732,0.5,0.4878048780487805,0.43902439024390244,0.6951219512195121,0.35365853658536583,0.573170731707317,0.6585365853658537,0.6219512195121951,0.6341463414634146,0.25609756097560976,0.7439024390243902
3,300,0,0.18660263483505396,0.36585365853658536,0.32926829268292684,0.35365853658536583,0.8902439024390244,0.3902439024390244,0.47560975609756095,0.3902439024390244,0.24390243902439024,0.2926829268292683,0.2804878048780488,0.7439024390243902,0.6463414634146342,0.7439024390243902,0.3902439024390244,0.4268292682926829,0.5975609756097561,0.4024390243902439,0.5975609756097561,0.8048780487804879,0.5853658536585366,0.2682926829268293,0.6463414634146342,0.5,0.24390243902439024,0.6097560975609756,0.5,0.2682926829268293,0.7195121951219512,0.8170731707317073,0.47560975609756095
3,300,1,0.17506124816974078,0.2804878048780488,0.24390243902439024,0.32926829268292684,0.7317073170731707,0.32926829268292684,0.524390243902439,0.6951219512195121,0.3048780487804878,0.3048780487804878,0.6097560975609756,0.7560975609756098,0.7926829268292683,0.5975609756097561,0.4024390243902439,0.2804878048780488,0.5853658536585366,0.4146341463414634,0.45121951219512196,0.3902439024390244,0.45121951219512196,0.43902439024390244,0.43902439024390244,0.5853658536585366,0.47560975609756095,0.7560975609756098,0.4146341463414634,0.5365853658536586,0.7804878048780488,0.8170731707317073,0.2804878048780488
3,300,2,0.1832246897456277,0.34146341463414637,0.2073170731707317,0.4878048780487805,0.7682926829268293,0.8780487804878049,0.3780487804878049,0.3170731707317073,0.32926829268292684,0.524390243902439,0.6707317073170732,0.4268292682926829,0.7804878048780488,0.3170731707317073,0.3048780487804878,0.5853658536585366,0.5609756097560976,0.4634146341463415,0.3170731707317073,0.43902439024390244,0.32926829268292684,0.35365853658536583,0.573170731707317,0.4268292682926829,0.8536585365853658,0.6707317073170732,0.2804878048780488,0.5487804878048781,0.8170731707317073,0.5,0.5487804878048781
3,300,3,0.1807732306951193,0.2073170731707317,0.3048780487804878,0.6341463414634146,0.5609756097560976,0.8048780487804879,0.3780487804878049,0.32926829268292684,0.4268292682926829,0.8048780487804879,0.5853658536585366,0.4146341463414634,0.7195121951219512,0.2926829268292683,0.5,0.5609756097560976,0.45121951219512196,0.5121951219512195,0.6341463414634146,0.25609756097560976,0.18292682926829268,0.35365853658536583,0.34146341463414637,0.6097560975609756,0.9146341463414634,0.5853658536585366,0.3048780487804878,0.5609756097560976,0.5365853658536586,0.5853658536585366,0.6463414634146342
3,300,4,0.14559429858986878,0.34146341463414637,0.4024390243902439,0.5487804878048781,0.6097560975609756,0.8658536585365854,0.3170731707317073,0.35365853658536583,0.3048780487804878,0.8170731707317073,0.4878048780487805,0.5121951219512195,0.6341463414634146,0.573170731707317,0.6219512195121951,0.524390243902439,0.5,0.4024390243902439,0.5609756097560976,0.3170731707317073,0.21951219512195122,0.34146341463414637,0.573170731707317,0.4268292682926829,0.5121951219512195,0.6097560975609756,0.5975609756097561,0.6585365853658537,0.3902439024390244,0.4878048780487805,0.4878048780487805
3,300,5,0.16449105494961555,0.3780487804878049,0.6219512195121951,0.43902439024390244,0.2073170731707317,0.6707317073170732,0.4146341463414634,0.3902439024390244,0.5975609756097561,0.7439024390243902,0.3048780487804878,0.34146341463414637,0.8414634146341463,0.6585365853658537,0.6585365853658537,0.4024390243902439,0.6097560975609756,0.5853658536585366,0.5487804878048781,0.4146341463414634,0.7926829268292683,0.4024390243902439,0.4146341463414634,0.5365853658536586,0.2682926829268293,0.2073170731707317,0.5487804878048781,0.3902439024390244,0.4268292682926829,0.7073170731707317,0.47560975609756095
3,300,6,0.12199186314588886,0.3170731707317073,0.5365853658536586,0.5487804878048781,0.3048780487804878,0.4878048780487805,0.573170731707317,0.4634146341463415,0.5975609756097561,0.5365853658536586,0.5,0.5609756097560976,0.8048780487804879,0.6341463414634146,0.5121951219512195,0.524390243902439,0.47560975609756095,0.47560975609756095,0.4146341463414634,0.45121951219512196,0.7560975609756098,0.34146341463414637,0.4878048780487805,0.6585365853658537,0.3048780487804878,0.3780487804878049,0.6219512195121951,0.4024390243902439,0.5487804878048781,0.45121951219512196,0.32926829268292684
3,300,7,0.15061510474028503,0.24390243902439024,0.4634146341463415,0.5853658536585366,0.45121951219512196,0.15853658536585366,0.7439024390243902,0.8414634146341463,0.6951219512195121,0.4024390243902439,0.5487804878048781,0.3048780487804878,0.5121951219512195,0.5487804878048781,0.45121951219512196,0.5365853658536586,0.2926829268292683,0.4634146341463415,0.6097560975609756,0.4878048780487805,0.6707317073170732,0.4878048780487805,0.6219512195121951,0.4878048780487805,0.5365853658536586,0.43902439024390244,0.7317073170731707,0.45121951219512196,0.4634146341463415,0.5,0.2682926829268293
3,300,8,0.12959767821795434,0.6341463414634146,0.4878048780487805,0.5487804878048781,0.6707317073170732,0.25609756097560976,0.6097560975609756,0.7317073170731707,0.524390243902439,0.4146341463414634,0.4024390243902439,0.4634146341463415,0.3048780487804878,0.3780487804878049,0.34146341463414637,0.4878048780487805,0.5121951219512195,0.5121951219512195,0.6829268292682927,0.6829268292682927,0.4024390243902439,0.6097560975609756,0.573170731707317,0.34146341463414637,0.5121951219512195,0.5,0.6463414634146342,0.6829268292682927,0.35365853658536583,0.35365853658536583,0.3780487804878049
3,300,9,0.15566505121490898,0.7195121951219512,0.5121951219512195,0.34146341463414637,0.6829268292682927,0.43902439024390244,0.24390243902439024,0.7195121951219512,0.2926829268292683,0.5365853658536586,0.3170731707317073,0.5121951219512195,0.35365853658536583,0.4146341463414634,0.4268292682926829,0.47560975609756095,0.7926829268292683,0.3780487804878049,0.6951219512195121,0.573170731707317,0.47560975609756095,0.6707317073170732,0.25609756097560976,0.2682926829268293,0.5365853658536586,0.5,0.4268292682926829,0.573170731707317,0.45121951219512196,0.6707317073170732,0.7439024390243902
4,300,0,0.1967916366238469,0.7195121951219512,0.6097560975609756,0.7439024390243902,0.25609756097560976,0.5121951219512195,0.24390243902439024,0.24390243902439024,0.7439024390243902,0.5,0.7073170731707317,0.4268292682926829,0.24390243902439024,0.3048780487804878,0.8658536585365854,0.6097560975609756,0.43902439024390244,0.2804878048780488,0.7439024390243902,0.5975609756097561,0.34146341463414637,0.34146341463414637,0.7317073170731707,0.4268292682926829,0.5,0.7073170731707317,0.2926829268292683,0.6341463414634146,0.3048780487804878,0.21951219512195122,0.7073170731707317
4,300,1,0.18705371900439982,0.6219512195121951,0.5975609756097561,0.6585365853658537,0.3048780487804878,0.32926829268292684,0.23170731707317074,0.21951219512195122,0.7926829268292683,0.43902439024390244,0.5365853658536586,0.32926829268292684,0.2682926829268293,0.34146341463414637,0.6463414634146342,0.8414634146341463,0.3780487804878049,0.5975609756097561,0.47560975609756095,0.3902439024390244,0.35365853658536583,0.36585365853658536,0.8170731707317073,0.7195121951219512,0.32926829268292684,0.7195121951219512,0.45121951219512196,0.6097560975609756,0.4268292682926829,0.3780487804878049,0.8292682926829268
4,300,2,0.1790926079017129,0.7073170731707317,0.573170731707317,0.4268292682926829,0.5365853658536586,0.36585365853658536,0.2804878048780488,0.3780487804878049,0.7073170731707317,0.2804878048780488,0.43902439024390244,0.2804878048780488,0.7439024390243902,0.7317073170731707,0.45121951219512196,0.5975609756097561,0.3170731707317073,0.7682926829268293,0.3780487804878049,0.3048780487804878,0.524390243902439,0.2804878048780488,0.5365853658536586,0.7560975609756098,0.4634146341463415,0.36585365853658536,0.8048780487804879,0.34146341463414637,0.25609756097560976,0.6463414634146342,0.7560975609756098
4,300,3,0.1526096605947381,0.5,0.45121951219512196,0.6219512195121951,0.5975609756097561,0.36585365853658536,0.2926829268292683,0.573170731707317,0.47560975609756095,0.4878048780487805,0.2073170731707317,0.4634146341463415,0.8414634146341463,0.6097560975609756,0.3780487804878049,0.5975609756097561,0.45121951219512196,0.6341463414634146,0.3780487804878049,0.4878048780487805,0.3780487804878049,0.34146341463414637,0.36585365853658536,0.7317073170731707,0.5121951219512195,0.3170731707317073,0.7317073170731707,0.4268292682926829,0.35365853658536583,0.6341463414634146,0.7926829268292683
4,300,4,0.1506809186410621,0.45121951219512196,0.47560975609756095,0.4878048780487805,0.5365853658536586,0.5365853658536586,0.3902439024390244,0.4268292682926829,0.8048780487804879,0.5,0.2073170731707317,0.3902439024390244,0.7073170731707317,0.6463414634146342,0.4024390243902439,0.4878048780487805,0.45121951219512196,0.6219512195121951,0.4024390243902439,0.47560975609756095,0.5487804878048781,0.4268292682926829,0.34146341463414637,0.6951219512195121,0.524390243902439,0.47560975609756095,0.7073170731707317,0.34146341463414637,0.18292682926829268,0.5,0.8536585365853658
4,300,5,0.13858152254123676,0.5365853658536586,0.4634146341463415,0.2804878048780488,0.3170731707317073,0.47560975609756095,0.6341463414634146,0.45121951219512196,0.43902439024390244,0.524390243902439,0.5121951219512195,0.6463414634146342,0.43902439024390244,0.6829268292682927,0.6341463414634146,0.18292682926829268,0.3902439024390244,0.36585365853658536,0.47560975609756095,0.6585365853658537,0.5365853658536586,0.7073170731707317,0.43902439024390244,0.7560975609756098,0.5609756097560976,0.45121951219512196,0.524390243902439,0.25609756097560976,0.4268292682926829,0.5121951219512195,0.7195121951219512
4,300,6,0.13883170215373375,0.5365853658536586,0.4146341463414634,0.5975609756097561,0.47560975609756095,0.45121951219512196,0.7195121951219512,0.8658536585365854,0.3780487804878049,0.47560975609756095,0.5121951219512195,0.5121951219512195,0.2926829268292683,0.47560975609756095,0.573170731707317,0.43902439024390244,0.4634146341463415,0.2926829268292683,0.524390243902439,0.573170731707317,0.43902439024390244,0.6829268292682927,0.6585365853658537,0.25609756097560976,0.5121951219512195,0.6097560975609756,0.36585365853658536,0.6219512195121951,0.6341463414634146,0.3902439024390244,0.25609756097560976
4,300,7,0.12790351806953068,0.7073170731707317,0.5975609756097561,0.3780487804878049,0.5975609756097561,0.32926829268292684,0.6829268292682927,0.6219512195121951,0.3902439024390244,0.3170731707317073,0.5365853658536586,0.5853658536585366,0.4146341463414634,0.36585365853658536,0.7682926829268293,0.6463414634146342,0.43902439024390244,0.5853658536585366,0.43902439024390244,0.3902439024390244,0.5,0.6341463414634146,0.43902439024390244,0.4024390243902439,0.5,0.6829268292682927,0.3048780487804878,0.3780487804878049,0.524390243902439,0.47560975609756095,0.36585365853658536
4,300,8,0.12975059588556473,0.2804878048780488,0.5487804878048781,0.3780487804878049,0.5365853658536586,0.47560975609756095,0.5487804878048781,0.5853658536585366,0.43902439024390244,0.35365853658536583,0.6707317073170732,0.4146341463414634,0.6707317073170732,0.5365853658536586,0.34146341463414637,0.6585365853658537,0.7560975609756098,0.7195121951219512,0.4024390243902439,0.43902439024390244,0.6463414634146342,0.7073170731707317,0.4024390243902439,0.5365853658536586,0.3902439024390244,0.573170731707317,0.4146341463414634,0.3902439024390244,0.4634146341463415,0.3048780487804878,0.4146341463414634
4,300,9,0.13388740715602537,0.4268292682926829,0.4024390243902439,0.6097560975609756,0.7439024390243902,0.7073170731707317,0.32926829268292684,0.4634146341463415,0.4146341463414634,0.5121951219512195,0.32926829268292684,0.35365853658536583,0.6341463414634146,0.524390243902439,0.4878048780487805,0.5121951219512195,0.5487804878048781,0.43902439024390244,0.524390243902439,0.5365853658536586,0.524390243902439,0.2682926829268293,0.524390243902439,0.2804878048780488,0.2804878048780488,0.5,0.47560975609756095,0.6219512195121951,0.524390243902439,0.7682926829268293,0.7317073170731707
0,325,0,0.21987323516052693,0.3170731707317073,0.9390243902439024,0.45121951219512196,0.4024390243902439,0.7560975609756098,0.3780487804878049,0.2073170731707317,0.4024390243902439,0.6585365853658537,0.3048780487804878,0.35365853658536583,0.2682926829268293,0.7439024390243902,0.8170731707317073,0.2926829268292683,0.47560975609756095,0.34146341463414637,0.9390243902439024,0.2682926829268293,0.6829268292682927,0.35365853658536583,0.6219512195121951,0.25609756097560976,0.7439024390243902,0.6829268292682927,0.34146341463414637,0.25609756097560976,0.32926829268292684,0.7317073170731707,0.6829268292682927
0,325,1,0.19220378833995652,0.47560975609756095,0.9024390243902439,0.47560975609756095,0.25609756097560976,0.8414634146341463,0.5853658536585366,0.32926829268292684,0.23170731707317074,0.6097560975609756,0.4634146341463415,0.32926829268292684,0.32926829268292684,0.5853658536585366,0.5121951219512195,0.524390243902439,0.3780487804878049,0.2804878048780488,0.8902439024390244,0.573170731707317,0.6585365853658537,0.32926829268292684,0.6951219512195121,0.5,0.6707317073170732,0.4024390243902439,0.2926829268292683,0.25609756097560976,0.25609756097560976,0.6951219512195121,0.6707317073170732
0,325,2,0.17739606386310422,0.3780487804878049,0.4268292682926829,0.2926829268292683,0.32926829268292684,0.5365853658536586,0.36585365853658536,0.6829268292682927,0.8902439024390244,0.4146341463414634,0.9146341463414634,0.4146341463414634,0.5121951219512195,0.5365853658536586,0.6951219512195121,0.3902439024390244,0.36585365853658536,0.6585365853658537,0.4268292682926829,0.3902439024390244,0.6707317073170732,0.21951219512195122,0.6219512195121951,0.5975609756097561,0.6707317073170732,0.24390243902439024,0.6097560975609756,0.36585365853658536,0.25609756097560976,0.6707317073170732,0.45121951219512196
0,325,3,0.17742400685199347,0.2804878048780488,0.5609756097560976,0.4146341463414634,0.6341463414634146,0.34146341463414637,0.3780487804878049,0.6097560975609756,0.9512195121951219,0.32926829268292684,0.8414634146341463,0.4878048780487805,0.6219512195121951,0.47560975609756095,0.3902439024390244,0.4146341463414634,0.2804878048780488,0.7317073170731707,0.5,0.3780487804878049,0.524390243902439,0.47560975609756095,0.3780487804878049,0.2804878048780488,0.7804878048780488,0.1951219512195122,0.7682926829268293,0.5121951219512195,0.5487804878048781,0.45121951219512196,0.4634146341463415
0,325,4,0.18014139466040646,0.5609756097560976,0.5609756097560976,0.4268292682926829,0.4634146341463415,0.3902439024390244,0.573170731707317,0.35365853658536583,0.6951219512195121,0.36585365853658536,0.8780487804878049,0.6829268292682927,0.8170731707317073,0.4024390243902439,0.15853658536585366,0.4024390243902439,0.3902439024390244,0.7195121951219512,0.4268292682926829,0.25609756097560976,0.6463414634146342,0.4878048780487805,0.3780487804878049,0.3902439024390244,0.6829268292682927,0.2073170731707317,0.8292682926829268,0.3902439024390244,0.6463414634146342,0.3902439024390244,0.4268292682926829
0,325,5,0.1617865751392878,0.6463414634146342,0.23170731707317074,0.47560975609756095,0.4878048780487805,0.3048780487804878,0.45121951219512196,0.524390243902439,0.8414634146341463,0.5975609756097561,0.35365853658536583,0.7073170731707317,0.5853658536585366,0.4268292682926829,0.4878048780487805,0.34146341463414637,0.5,0.7073170731707317,0.2073170731707317,0.4146341463414634,0.43902439024390244,0.6463414634146342,0.47560975609756095,0.3170731707317073,0.3170731707317073,0.6707317073170732,0.8902439024390244,0.4146341463414634,0.5609756097560976,0.5,0.47560975609756095
0,325,6,0.13861729013056412,0.573170731707317,0.4268292682926829,0.3780487804878049,0.4634146341463415,0.4634146341463415,0.3780487804878049,0.34146341463414637,0.4146341463414634,0.47560975609756095,0.5365853658536586,0.4146341463414634,0.6829268292682927,0.4878048780487805,0.8048780487804879,0.7073170731707317,0.6829268292682927,0.5609756097560976,0.4878048780487805,0.3048780487804878,0.3048780487804878,0.6829268292682927,0.6463414634146342,0.6463414634146342,0.35365853658536583,0.524390243902439,0.47560975609756095,0.35365853658536583,0.6463414634146342,0.5365853658536586,0.24390243902439024
0,325,7,0.10839261484531205,0.45121951219512196,0.5365853658536586,0.35365853658536583,0.5121951219512195,0.4146341463414634,0.3780487804878049,0.35365853658536583,0.4024390243902439,0.5975609756097561,0.4146341463414634,0.5609756097560976,0.5487804878048781,0.35365853658536583,0.524390243902439,0.5365853658536586,0.5121951219512195,0.7317073170731707,0.5365853658536586,0.43902439024390244,0.45121951219512196,0.3780487804878049,0.6585365853658537,0.5975609756097561,0.573170731707317,0.4878048780487805,0.573170731707317,0.6097560975609756,0.25609756097560976,0.5975609756097561,0.6585365853658537
0,325,8,0.12859928123379577,0.4268292682926829,0.47560975609756095,0.43902439024390244,0.6463414634146342,0.5,0.5121951219512195,0.34146341463414637,0.4146341463414634,0.4634146341463415,0.3902439024390244,0.45121951219512196,0.3048780487804878,0.5487804878048781,0.4024390243902439,0.45121951219512196,0.4634146341463415,0.7073170731707317,0.35365853658536583,0.5487804878048781,0.573170731707317,0.35365853658536583,0.6097560975609756,0.43902439024390244,0.6585365853658537,0.4634146341463415,0.7560975609756098,0.6341463414634146,0.3780487804878049,0.43902439024390244,0.8536585365853658
0,325,9,0.12352641231317658,0.5487804878048781,0.6219512195121951,0.3902439024390244,0.6097560975609756,0.7560975609756098,0.5121951219512195,0.3780487804878049,0.4024390243902439,0.47560975609756095,0.4268292682926829,0.5609756097560976,0.25609756097560976,0.524390243902439,0.4146341463414634,0.5365853658536586,0.43902439024390244,0.4634146341463415,0.5121951219512195,0.4878048780487805,0.45121951219512196,0.524390243902439,0.5,0.4878048780487805,0.524390243902439,0.3902439024390244,0.5853658536585366,0.6097560975609756,0.3902439024390244,0.3170731707317073,0.9024390243902439
1,325,0,0.19486772055620946,0.32926829268292684,0.3048780487804878,0.7804878048780488,0.47560975609756095,0.2926829268292683,0.34146341463414637,0.3048780487804878,0.4146341463414634,0.8780487804878049,0.21951219512195122,0.45121951219512196,0.5,0.7317073170731707,0.2804878048780488,0.4634146341463415,0.524390243902439,0.6585365853658537,0.5853658536585366,0.23170731707317074,0.5853658536585366,0.7926829268292683,0.2804878048780488,0.5975609756097561,0.32926829268292684,0.6951219512195121,0.43902439024390244,0.6219512195121951,0.8170731707317073,0.3048780487804878,0.7682926829268293
1,325,1,0.18971157544029327,0.6097560975609756,0.2804878048780488,0.5487804878048781,0.34146341463414637,0.34146341463414637,0.1951219512195122,0.21951219512195122,0.3902439024390244,0.8780487804878049,0.36585365853658536,0.4878048780487805,0.6829268292682927,0.7560975609756098,0.5975609756097561,0.2926829268292683,0.6097560975609756,0.6829268292682927,0.3780487804878049,0.7317073170731707,0.5975609756097561,0.23170731707317074,0.34146341463414637,0.6463414634146342,0.7317073170731707,0.43902439024390244,0.34146341463414637,0.7195121951219512,0.7439024390243902,0.5121951219512195,0.3048780487804878
1,325,2,0.17557023042085954,0.3048780487804878,0.6097560975609756,0.3780487804878049,0.2926829268292683,0.7073170731707317,0.32926829268292684,0.3170731707317073,0.3780487804878049,0.5853658536585366,0.7439024390243902,0.2926829268292683,0.6829268292682927,0.6951219512195121,0.34146341463414637,0.4024390243902439,0.5609756097560976,0.43902439024390244,0.32926829268292684,0.8780487804878049,0.5609756097560976,0.2926829268292683,0.7804878048780488,0.5121951219512195,0.7195121951219512,0.24390243902439024,0.32926829268292684,0.6097560975609756,0.6341463414634146,0.5487804878048781,0.5
1,325,3,0.1779540899782751,0.6219512195121951,0.5609756097560976,0.25609756097560976,0.573170731707317,0.5121951219512195,0.3170731707317073,0.35365853658536583,0.2926829268292683,0.5853658536585366,0.7926829268292683,0.3780487804878049,0.35365853658536583,0.573170731707317,0.45121951219512196,0.7682926829268293,0.25609756097560976,0.3170731707317073,0.3170731707317073,0.9024390243902439,0.3780487804878049,0.3780487804878049,0.8048780487804879,0.6463414634146342,0.7439024390243902,0.3170731707317073,0.5487804878048781,0.524390243902439,0.6341463414634146,0.43902439024390244,0.4024390243902439
1,325,4,0.1450826618947652,0.573170731707317,0.5487804878048781,0.2073170731707317,0.5365853658536586,0.32926829268292684,0.5121951219512195,0.4268292682926829,0.5975609756097561,0.5,0.5487804878048781,0.4146341463414634,0.3048780487804878,0.5,0.5,0.8414634146341463,0.2804878048780488,0.36585365853658536,0.5609756097560976,0.8414634146341463,0.5487804878048781,0.47560975609756095,0.524390243902439,0.4146341463414634,0.7195121951219512,0.6463414634146342,0.32926829268292684,0.5487804878048781,0.5975609756097561,0.4268292682926829,0.3780487804878049
1,325,5,0.16851052238089906,0.5365853658536586,0.6951219512195121,0.5121951219512195,0.4634146341463415,0.5121951219512195,0.6219512195121951,0.45121951219512196,0.4024390243902439,0.32926829268292684,0.4024390243902439,0.5487804878048781,0.2926829268292683,0.6097560975609756,0.5121951219512195,0.8048780487804879,0.2804878048780488,0.6951219512195121,0.5487804878048781,0.6097560975609756,0.6219512195121951,0.7439024390243902,0.3170731707317073,0.5853658536585366,0.2926829268292683,0.8292682926829268,0.2682926829268293,0.15853658536585366,0.35365853658536583,0.36585365853658536,0.6341463414634146
1,325,6,0.16512273180154394,0.2926829268292683,0.4268292682926829,0.7682926829268293,0.5975609756097561,0.5,0.573170731707317,0.6707317073170732,0.4268292682926829,0.36585365853658536,0.36585365853658536,0.3780487804878049,0.36585365853658536,0.6585365853658537,0.524390243902439,0.5,0.5487804878048781,0.4024390243902439,0.6219512195121951,0.5,0.4146341463414634,0.8292682926829268,0.6341463414634146,0.9146341463414634,0.4634146341463415,0.6463414634146342,0.3048780487804878,0.3780487804878049,0.4634146341463415,0.24390243902439024,0.21951219512195122
1,325,7,0.16074139156830605,0.2804878048780488,0.5,0.6341463414634146,0.43902439024390244,0.4634146341463415,0.4878048780487805,0.5121951219512195,0.6707317073170732,0.4878048780487805,0.36585365853658536,0.5975609756097561,0.5365853658536586,0.5609756097560976,0.3902439024390244,0.32926829268292684,0.35365853658536583,0.47560975609756095,0.7682926829268293,0.3170731707317073,0.23170731707317074,0.8414634146341463,0.8170731707317073,0.8048780487804879,0.3170731707317073,0.5487804878048781,0.5121951219512195,0.2926829268292683,0.5121951219512195,0.4024390243902439,0.5487804878048781
1,325,8,0.13743204475103224,0.32926829268292684,0.6951219512195121,0.7073170731707317,0.5121951219512195,0.36585365853658536,0.5487804878048781,0.35365853658536583,0.573170731707317,0.4878048780487805,0.2682926829268293,0.6463414634146342,0.5487804878048781,0.4146341463414634,0.7195121951219512,0.5,0.3048780487804878,0.4634146341463415,0.4634146341463415,0.47560975609756095,0.34146341463414637,0.35365853658536583,0.3170731707317073,0.7560975609756098,0.32926829268292684,0.6097560975609756,0.5853658536585366,0.5365853658536586,0.6707317073170732,0.5975609756097561,0.524390243902439
1,325,9,0.143881767841489,0.7073170731707317,0.7682926829268293,0.4146341463414634,0.4878048780487805,0.24390243902439024,0.4268292682926829,0.5975609756097561,0.5853658536585366,0.36585365853658536,0.5121951219512195,0.4634146341463415,0.45121951219512196,0.4024390243902439,0.6097560975609756,0.4268292682926829,0.7560975609756098,0.3048780487804878,0.5365853658536586,0.5,0.3780487804878049,0.35365853658536583,0.3780487804878049,0.5853658536585366,0.8536585365853658,0.32926829268292684,0.5975609756097561,0.5609756097560976,0.5975609756097561,0.36585365853658536,0.43902439024390244
2,325,0,0.18238401848922403,0.4024390243902439,0.7804878048780488,0.3170731707317073,0.6829268292682927,0.3048780487804878,0.36585365853658536,0.7682926829268293,0.3902439024390244,0.6097560975609756,0.2926829268292683,0.3170731707317073,0.6463414634146342,0.8170731707317073,0.6707317073170732,0.2682926829268293,0.3902439024390244,0.6219512195121951,0.6829268292682927,0.8170731707317073,0.3902439024390244,0.32926829268292684,0.3780487804878049,0.5,0.2804878048780488,0.43902439024390244,0.7439024390243902,0.3780487804878049,0.6341463414634146,0.5,0.2804878048780488
2,325,1,0.15396794245938175,0.5487804878048781,0.573170731707317,0.3170731707317073,0.3780487804878049,0.3902439024390244,0.35365853658536583,0.7317073170731707,0.2804878048780488,0.7195121951219512,0.25609756097560976,0.3902439024390244,0.5121951219512195,0.6219512195121951,0.45121951219512196,0.6463414634146342,0.3048780487804878,0.524390243902439,0.6829268292682927,0.4146341463414634,0.24390243902439024,0.4024390243902439,0.4634146341463415,0.6097560975609756,0.5853658536585366,0.5,0.7560975609756098,0.6585365853658537,0.4024390243902439,0.4878048780487805,0.7926829268292683
2,325,2,0.15393574169724789,0.5609756097560976,0.47560975609756095,0.5853658536585366,0.5975609756097561,0.4146341463414634,0.5853658536585366,0.47560975609756095,0.9390243902439024,0.7926829268292683,0.34146341463414637,0.3048780487804878,0.3902439024390244,0.45121951219512196,0.3902439024390244,0.47560975609756095,0.4024390243902439,0.5,0.3170731707317073,0.4878048780487805,0.3170731707317073,0.7317073170731707,0.4146341463414634,0.4878048780487805,0.5,0.5487804878048781,0.4146341463414634,0.4146341463414634,0.4268292682926829,0.3902439024390244,0.8658536585365854
2,325,3,0.16379642332078845,0.5121951219512195,0.4146341463414634,0.6585365853658537,0.6951219512195121,0.4146341463414634,0.4268292682926829,0.23170731707317074,0.7439024390243902,0.8414634146341463,0.17073170731707318,0.6341463414634146,0.47560975609756095,0.36585365853658536,0.47560975609756095,0.4634146341463415,0.36585365853658536,0.3170731707317073,0.4878048780487805,0.4146341463414634,0.3902439024390244,0.573170731707317,0.6219512195121951,0.35365853658536583,0.5853658536585366,0.6219512195121951,0.6463414634146342,0.4268292682926829,0.4146341463414634,0.3780487804878049,0.8780487804878049
2,325,4,0.13111882981185963,0.3780487804878049,0.3902439024390244,0.6707317073170732,0.5853658536585366,0.45121951219512196,0.5853658536585366,0.4146341463414634,0.7439024390243902,0.8292682926829268,0.6585365853658537,0.6097560975609756,0.3170731707317073,0.4024390243902439,0.3902439024390244,0.4024390243902439,0.5853658536585366,0.524390243902439,0.36585365853658536,0.36585365853658536,0.4024390243902439,0.5,0.5487804878048781,0.3048780487804878,0.4146341463414634,0.6585365853658537,0.5,0.4146341463414634,0.3902439024390244,0.573170731707317,0.6219512195121951
2,325,5,0.16771433556543183,0.15853658536585366,0.6097560975609756,0.3170731707317073,0.6585365853658537,0.6097560975609756,0.3170731707317073,0.43902439024390244,0.6219512195121951,0.6463414634146342,0.6585365853658537,0.7682926829268293,0.5121951219512195,0.25609756097560976,0.18292682926829268,0.3780487804878049,0.524390243902439,0.7195121951219512,0.4024390243902439,0.4878048780487805,0.6463414634146342,0.5,0.4146341463414634,0.4024390243902439,0.21951219512195122,0.5975609756097561,0.5365853658536586,0.5365853658536586,0.8170731707317073,0.4634146341463415,0.5975609756097561
2,325,6,0.14694995445260553,0.5609756097560976,0.7195121951219512,0.4268292682926829,0.6463414634146342,0.8292682926829268,0.35365853658536583,0.524390243902439,0.4146341463414634,0.3902439024390244,0.3048780487804878,0.7073170731707317,0.8170731707317073,0.524390243902439,0.524390243902439,0.4146341463414634,0.5609756097560976,0.6829268292682927,0.3902439024390244,0.4146341463414634,0.4268292682926829,0.3780487804878049,0.5,0.4146341463414634,0.2926829268292683,0.23170731707317074,0.5365853658536586,0.5853658536585366,0.5853658536585366,0.45121951219512196,0.3902439024390244
2,325,7,0.13707085609827124,0.5365853658536586,0.5365853658536586,0.2926829268292683,0.6829268292682927,0.8292682926829268,0.5975609756097561,0.5609756097560976,0.5121951219512195,0.35365853658536583,0.6707317073170732,0.47560975609756095,0.4024390243902439,0.6341463414634146,0.43902439024390244,0.7195121951219512,0.43902439024390244,0.24390243902439024,0.5975609756097561,0.4634146341463415,0.3170731707317073,0.5365853658536586,0.3902439024390244,0.5121951219512195,0.3048780487804878,0.4146341463414634,0.5487804878048781,0.5487804878048781,0.5487804878048781,0.2926829268292683,0.5975609756097561
2,325,8,0.1223570483194505,0.573170731707317,0.47560975609756095,0.3780487804878049,0.524390243902439,0.4878048780487805,0.3780487804878049,0.45121951219512196,0.35365853658536583,0.7195121951219512,0.5609756097560976,0.5,0.32926829268292684,0.5,0.6341463414634146,0.5365853658536586,0.6463414634146342,0.34146341463414637,0.524390243902439,0.5609756097560976,0.35365853658536583,0.6097560975609756,0.5121951219512195,0.5975609756097561,0.5975609756097561,0.3170731707317073,0.35365853658536583,0.25609756097560976,0.6829268292682927,0.5609756097560976,0.6829268292682927
2,325,9,0.14046465482252843,0.5,0.3048780487804878,0.3780487804878049,0.5365853658536586,0.32926829268292684,0.3902439024390244,0.6585365853658537,0.6341463414634146,0.5853658536585366,0.3902439024390244,0.6585365853658537,0.45121951219512196,0.6097560975609756,0.5,0.524390243902439,0.5609756097560976,0.6951219512195121,0.2804878048780488,0.5121951219512195,0.6707317073170732,0.6097560975609756,0.32926829268292684,0.524390243902439,0.47560975609756095,0.5853658536585366,0.5487804878048781,0.15853658536585366,0.3780487804878049,0.4268292682926829,0.7926829268292683
3,325,0,0.19560407915043468,0.7804878048780488,0.25609756097560976,0.4878048780487805,0.6585365853658537,0.5,0.36585365853658536,0.6097560975609756,0.36585365853658536,0.2804878048780488,0.2682926829268293,0.2804878048780488,0.6341463414634146,0.2804878048780488,0.3170731707317073,0.8658536585365854,0.1951219512195122,0.524390243902439,0.2804878048780488,0.7804878048780488,0.4878048780487805,0.6097560975609756,0.6097560975609756,0.8292682926829268,0.34146341463414637,0.6585365853658537,0.7560975609756098,0.25609756097560976,0.6463414634146342,0.524390243902439,0.5487804878048781
3,325,1,0.176920357811446,0.573170731707317,0.7317073170731707,0.36585365853658536,0.35365853658536583,0.45121951219512196,0.3048780487804878,0.7439024390243902,0.3780487804878049,0.25609756097560976,0.45121951219512196,0.23170731707317074,0.6463414634146342,0.43902439024390244,0.34146341463414637,0.7804878048780488,0.2682926829268293,0.4024390243902439,0.32926829268292684,0.524390243902439,0.7195121951219512,0.6829268292682927,0.6097560975609756,0.6707317073170732,0.24390243902439024,0.5609756097560976,0.8048780487804879,0.3048780487804878,0.5365853658536586,0.6829268292682927,0.6097560975609756
3,325,2,0.1768923352631097,0.21951219512195122,0.7317073170731707,0.3048780487804878,0.47560975609756095,0.32926829268292684,0.6341463414634146,0.36585365853658536,0.34146341463414637,0.47560975609756095,0.3170731707317073,0.7073170731707317,0.6341463414634146,0.2804878048780488,0.6219512195121951,0.8048780487804879,0.34146341463414637,0.45121951219512196,0.3048780487804878,0.43902439024390244,0.7439024390243902,0.524390243902439,0.43902439024390244,0.47560975609756095,0.9512195121951219,0.47560975609756095,0.5487804878048781,0.36585365853658536,0.4146341463414634,0.5365853658536586,0.7439024390243902
3,325,3,0.16276414642266274,0.18292682926829268,0.5365853658536586,0.5,0.6585365853658537,0.25609756097560976,0.7804878048780488,0.3902439024390244,0.2804878048780488,0.6219512195121951,0.573170731707317,0.7073170731707317,0.5853658536585366,0.32926829268292684,0.5487804878048781,0.4024390243902439,0.6341463414634146,0.43902439024390244,0.524390243902439,0.4146341463414634,0.5487804878048781,0.6585365853658537,0.4024390243902439,0.3780487804878049,0.9634146341463414,0.5609756097560976,0.32926829268292684,0.47560975609756095,0.34146341463414637,0.45121951219512196,0.524390243902439
3,325,4,0.16437046031833924,0.3780487804878049,0.34146341463414637,0.47560975609756095,0.6341463414634146,0.3780487804878049,0.7195121951219512,0.5487804878048781,0.3170731707317073,0.7073170731707317,0.43902439024390244,0.7317073170731707,0.4634146341463415,0.3048780487804878,0.6585365853658537,0.47560975609756095,0.573170731707317,0.3902439024390244,0.524390243902439,0.4634146341463415,0.43902439024390244,0.6707317073170732,0.5609756097560976,0.3048780487804878,0.9634146341463414,0.5975609756097561,0.2682926829268293,0.6219512195121951,0.21951219512195122,0.47560975609756095,0.35365853658536583
3,325,5,0.1636450262800998,0.5853658536585366,0.45121951219512196,0.45121951219512196,0.573170731707317,0.5609756097560976,0.7926829268292683,0.5,0.3170731707317073,0.7439024390243902,0.43902439024390244,0.5,0.4634146341463415,0.47560975609756095,0.23170731707317074,0.21951219512195122,0.47560975609756095,0.36585365853658536,0.4634146341463415,0.6951219512195121,0.5609756097560976,0.573170731707317,0.35365853658536583,0.35365853658536583,0.9512195121951219,0.43902439024390244,0.6341463414634146,0.3170731707317073,0.32926829268292684,0.4634146341463415,0.7195121951219512
3,325,6,0.1640383679479661,0.4146341463414634,0.4146341463414634,0.43902439024390244,0.3780487804878049,0.8414634146341463,0.5,0.23170731707317074,0.8536585365853658,0.43902439024390244,0.36585365853658536,0.5365853658536586,0.35365853658536583,0.7439024390243902,0.6219512195121951,0.2804878048780488,0.45121951219512196,0.6341463414634146,0.4878048780487805,0.6341463414634146,0.6097560975609756,0.7195121951219512,0.5365853658536586,0.21951219512195122,0.36585365853658536,0.5487804878048781,0.6097560975609756,0.3048780487804878,0.4634146341463415,0.35365853658536583,0.6463414634146342
3,325,7,0.15338729447346464,0.3170731707317073,0.4024390243902439,0.4024390243902439,0.4634146341463415,0.8048780487804879,0.6463414634146342,0.3780487804878049,0.7804878048780488,0.17073170731707318,0.43902439024390244,0.35365853658536583,0.6341463414634146,0.7560975609756098,0.5121951219512195,0.5365853658536586,0.5365853658536586,0.6829268292682927,0.35365853658536583,0.5975609756097561,0.6951219512195121,0.5487804878048781,0.5975609756097561,0.573170731707317,0.36585365853658536,0.2926829268292683,0.4146341463414634,0.4146341463414634,0.45121951219512196,0.34146341463414637,0.5365853658536586
3,325,8,0.14678118219701894,0.45121951219512196,0.34146341463414637,0.4024390243902439,0.4024390243902439,0.3170731707317073,0.35365853658536583,0.5,0.6829268292682927,0.24390243902439024,0.47560975609756095,0.4878048780487805,0.5609756097560976,0.4878048780487805,0.5487804878048781,0.7439024390243902,0.5365853658536586,0.6951219512195121,0.34146341463414637,0.34146341463414637,0.524390243902439,0.6219512195121951,0.524390243902439,0.7439024390243902,0.34146341463414637,0.7073170731707317,0.4268292682926829,0.4268292682926829,0.7317073170731707,0.3170731707317073,0.7195121951219512
3,325,9,0.16620002092712527,0.5609756097560976,0.6463414634146342,0.4146341463414634,0.21951219512195122,0.5,0.25609756097560976,0.8048780487804879,0.4634146341463415,0.4146341463414634,0.43902439024390244,0.47560975609756095,0.6219512195121951,0.5,0.5975609756097561,0.43902439024390244,0.6707317073170732,0.975609756097561,0.25609756097560976,0.3902439024390244,0.524390243902439,0.6707317073170732,0.3780487804878049,0.45121951219512196,0.7317073170731707,0.573170731707317,0.36585365853658536,0.4146341463414634,0.3170731707317073,0.34146341463414637,0.5853658536585366
4,325,0,0.1947150228282628,0.1951219512195122,0.4634146341463415,0.7682926829268293,0.7317073170731707,0.25609756097560976,0.23170731707317074,0.8292682926829268,0.5853658536585366,0.6829268292682927,0.3170731707317073,0.6219512195121951,0.5365853658536586,0.32926829268292684,0.8902439024390244,0.2926829268292683,0.6097560975609756,0.7682926829268293,0.3170731707317073,0.24390243902439024,0.5121951219512195,0.3170731707317073,0.2926829268292683,0.5975609756097561,0.36585365853658536,0.32926829268292684,0.6097560975609756,0.4878048780487805,0.6219512195121951,0.5853658536585366,0.6097560975609756
4,325,1,0.1829268292682927,0.21951219512195122,0.3170731707317073,0.6829268292682927,0.7682926829268293,0.2926829268292683,0.2682926829268293,0.7804878048780488,0.573170731707317,0.6097560975609756,0.4634146341463415,0.6463414634146342,0.7195121951219512,0.7195121951219512,0.4634146341463415,0.24390243902439024,0.4878048780487805,0.7926829268292683,0.34146341463414637,0.35365853658536583,0.6707317073170732,0.34146341463414637,0.21951219512195122,0.3170731707317073,0.2804878048780488,0.4268292682926829,0.6097560975609756,0.6097560975609756,0.5853658536585366,0.6463414634146342,0.5487804878048781
4,325,2,0.17446555881199136,0.6707317073170732,0.2804878048780488,0.8658536585365854,0.5609756097560976,0.25609756097560976,0.3902439024390244,0.5487804878048781,0.3780487804878049,0.5975609756097561,0.43902439024390244,0.43902439024390244,0.7560975609756098,0.8536585365853658,0.45121951219512196,0.35365853658536583,0.5853658536585366,0.7926829268292683,0.4634146341463415,0.35365853658536583,0.7926829268292683,0.4634146341463415,0.36585365853658536,0.35365853658536583,0.21951219512195122,0.4146341463414634,0.34146341463414637,0.4634146341463415,0.6341463414634146,0.4878048780487805,0.4268292682926829
4,325,3,0.17983842749525447,0.7926829268292683,0.35365853658536583,0.7439024390243902,0.23170731707317074,0.3048780487804878,0.6707317073170732,0.5975609756097561,0.47560975609756095,0.18292682926829268,0.5487804878048781,0.5365853658536586,0.5487804878048781,0.7926829268292683,0.524390243902439,0.4634146341463415,0.4878048780487805,0.5853658536585366,0.4268292682926829,0.6097560975609756,0.8780487804878049,0.4268292682926829,0.24390243902439024,0.24390243902439024,0.24390243902439024,0.6463414634146342,0.6951219512195121,0.3902439024390244,0.47560975609756095,0.5121951219512195,0.36585365853658536
4,325,4,0.17435186342108797,0.6829268292682927,0.4268292682926829,0.6463414634146342,0.1951219512195122,0.3902439024390244,0.25609756097560976,0.43902439024390244,0.4268292682926829,0.2926829268292683,0.5853658536585366,0.6707317073170732,0.6585365853658537,0.926829268292683,0.3170731707317073,0.524390243902439,0.5,0.6707317073170732,0.4878048780487805,0.47560975609756095,0.8414634146341463,0.5487804878048781,0.3902439024390244,0.34146341463414637,0.524390243902439,0.7195121951219512,0.6341463414634146,0.2926829268292683,0.4634146341463415,0.3902439024390244,0.2804878048780488
4,325,5,0.17258000699443116,0.573170731707317,0.8292682926829268,0.45121951219512196,0.36585365853658536,0.3902439024390244,0.5487804878048781,0.3170731707317073,0.4146341463414634,0.21951219512195122,0.5853658536585366,0.3902439024390244,0.573170731707317,0.7682926829268293,0.34146341463414637,0.5487804878048781,0.7317073170731707,0.2926829268292683,0.7073170731707317,0.4024390243902439,0.6707317073170732,0.4268292682926829,0.9146341463414634,0.4878048780487805,0.6707317073170732,0.35365853658536583,0.3902439024390244,0.5365853658536586,0.45121951219512196,0.23170731707317074,0.4146341463414634
4,325,6,0.16777344194103433,0.2804878048780488,0.5487804878048781,0.24390243902439024,0.45121951219512196,0.524390243902439,0.45121951219512196,0.6219512195121951,0.5,0.975609756097561,0.6219512195121951,0.34146341463414637,0.6097560975609756,0.524390243902439,0.4268292682926829,0.3780487804878049,0.573170731707317,0.4024390243902439,0.3780487804878049,0.32926829268292684,0.7195121951219512,0.3902439024390244,0.8536585365853658,0.524390243902439,0.5853658536585366,0.5609756097560976,0.3780487804878049,0.5853658536585366,0.2682926829268293,0.2804878048780488,0.6707317073170732
4,325,7,0.12932963723148963,0.36585365853658536,0.3780487804878049,0.32926829268292684,0.524390243902439,0.5487804878048781,0.2926829268292683,0.45121951219512196,0.524390243902439,0.9634146341463414,0.5,0.3170731707317073,0.5121951219512195,0.5,0.45121951219512196,0.524390243902439,0.5487804878048781,0.5121951219512195,0.6951219512195121,0.3902439024390244,0.6707317073170732,0.4268292682926829,0.6951219512195121,0.5365853658536586,0.43902439024390244,0.45121951219512196,0.47560975609756095,0.524390243902439,0.4268292682926829,0.5121951219512195,0.5121951219512195
4,325,8,0.13576262075011925,0.4146341463414634,0.4024390243902439,0.6097560975609756,0.47560975609756095,0.47560975609756095,0.3902439024390244,0.5121951219512195,0.4146341463414634,0.926829268292683,0.6951219512195121,0.6341463414634146,0.5,0.3048780487804878,0.5365853658536586,0.36585365853658536,0.4878048780487805,0.4024390243902439,0.4878048780487805,0.36585365853658536,0.4146341463414634,0.5975609756097561,0.43902439024390244,0.5,0.2926829268292683,0.5609756097560976,0.6219512195121951,0.32926829268292684,0.6219512195121951,0.7317073170731707,0.4878048780487805
4,325,9,0.1415895148653658,0.35365853658536583,0.6463414634146342,0.4878048780487805,0.5609756097560976,0.573170731707317,0.5487804878048781,0.32926829268292684,0.4268292682926829,0.8048780487804879,0.6829268292682927,0.5609756097560976,0.2926829268292683,0.3902439024390244,0.4268292682926829,0.7439024390243902,0.35365853658536583,0.45121951219512196,0.3902439024390244,0.5609756097560976,0.5975609756097561,0.7073170731707317,0.36585365853658536,0.6707317073170732,0.35365853658536583,0.3048780487804878,0.45121951219512196,0.5365853658536586,0.6463414634146342,0.47560975609756095,0.3048780487804878
0,350,0,0.19451123938904277,0.36585365853658536,0.7682926829268293,0.32926829268292684,0.17073170731707318,0.6585365853658537,0.5365853658536586,0.35365853658536583,0.4024390243902439,0.6463414634146342,0.7682926829268293,0.3048780487804878,0.6341463414634146,0.4146341463414634,0.8048780487804879,0.4634146341463415,0.3170731707317073,0.2804878048780488,0.8170731707317073,0.6829268292682927,0.21951219512195122,0.3780487804878049,0.2804878048780488,0.7317073170731707,0.7073170731707317,0.6463414634146342,0.4146341463414634,0.4146341463414634,0.3048780487804878,0.7560975609756098,0.4268292682926829
0,350,1,0.17931391488500295,0.34146341463414637,0.8536585365853658,0.7195121951219512,0.7195121951219512,0.7317073170731707,0.5,0.12195121951219512,0.2926829268292683,0.5609756097560976,0.5121951219512195,0.6219512195121951,0.6585365853658537,0.4878048780487805,0.6463414634146342,0.5121951219512195,0.2682926829268293,0.4634146341463415,0.7317073170731707,0.4024390243902439,0.47560975609756095,0.4024390243902439,0.2682926829268293,0.4634146341463415,0.7804878048780488,0.5487804878048781,0.24390243902439024,0.35365853658536583,0.35365853658536583,0.6219512195121951,0.34146341463414637
0,350,2,0.15283687918790048,0.23170731707317074,0.7195121951219512,0.5365853658536586,0.7804878048780488,0.6463414634146342,0.4268292682926829,0.3170731707317073,0.3170731707317073,0.4878048780487805,0.4146341463414634,0.7195121951219512,0.573170731707317,0.5609756097560976,0.6585365853658537,0.5365853658536586,0.3048780487804878,0.3048780487804878,0.6585365853658537,0.4268292682926829,0.573170731707317,0.4268292682926829,0.47560975609756095,0.24390243902439024,0.524390243902439,0.7439024390243902,0.35365853658536583,0.35365853658536583,0.6097560975609756,0.6219512195121951,0.45121951219512196
0,350,3,0.16252030486787986,0.25609756097560976,0.5487804878048781,0.45121951219512196,0.7804878048780488,0.6463414634146342,0.43902439024390244,0.5365853658536586,0.4268292682926829,0.2926829268292683,0.2804878048780488,0.7682926829268293,0.5609756097560976,0.6463414634146342,0.3048780487804878,0.573170731707317,0.4146341463414634,0.35365853658536583,0.6951219512195121,0.5609756097560976,0.6585365853658537,0.2804878048780488,0.5975609756097561,0.32926829268292684,0.5365853658536586,0.6829268292682927,0.45121951219512196,0.2926829268292683,0.6463414634146342,0.2682926829268293,0.7195121951219512
0,350,4,0.14866048739191,0.3780487804878049,0.5,0.43902439024390244,0.6463414634146342,0.6707317073170732,0.34146341463414637,0.5975609756097561,0.3780487804878049,0.35365853658536583,0.3780487804878049,0.8414634146341463,0.32926829268292684,0.7195121951219512,0.45121951219512196,0.5,0.6097560975609756,0.4024390243902439,0.5487804878048781,0.6707317073170732,0.47560975609756095,0.4024390243902439,0.5853658536585366,0.23170731707317074,0.7195121951219512,0.573170731707317,0.5365853658536586,0.35365853658536583,0.6951219512195121,0.3170731707317073,0.35365853658536583
0,350,5,0.12352641231317657,0.4024390243902439,0.3170731707317073,0.5365853658536586,0.4634146341463415,0.6341463414634146,0.32926829268292684,0.6341463414634146,0.4268292682926829,0.5853658536585366,0.7195121951219512,0.7317073170731707,0.47560975609756095,0.524390243902439,0.4024390243902439,0.5,0.2804878048780488,0.524390243902439,0.6951219512195121,0.6097560975609756,0.4878048780487805,0.3902439024390244,0.32926829268292684,0.35365853658536583,0.4024390243902439,0.4146341463414634,0.4878048780487805,0.6463414634146342,0.6097560975609756,0.4878048780487805,0.5975609756097561
0,350,6,0.11392271889934769,0.3170731707317073,0.6219512195121951,0.5853658536585366,0.5121951219512195,0.4878048780487805,0.5853658536585366,0.4878048780487805,0.3902439024390244,0.5853658536585366,0.6585365853658537,0.2926829268292683,0.6219512195121951,0.5975609756097561,0.3902439024390244,0.4024390243902439,0.3902439024390244,0.5365853658536586,0.6219512195121951,0.4146341463414634,0.5975609756097561,0.5365853658536586,0.3780487804878049,0.4878048780487805,0.2804878048780488,0.6463414634146342,0.573170731707317,0.4634146341463415,0.524390243902439,0.34146341463414637,0.6707317073170732
0,350,7,0.1161207874559813,0.4268292682926829,0.6951219512195121,0.35365853658536583,0.5487804878048781,0.43902439024390244,0.45121951219512196,0.4268292682926829,0.5609756097560976,0.5121951219512195,0.5609756097560976,0.35365853658536583,0.7682926829268293,0.4634146341463415,0.43902439024390244,0.4878048780487805,0.4024390243902439,0.4878048780487805,0.6341463414634146,0.35365853658536583,0.35365853658536583,0.4634146341463415,0.43902439024390244,0.5,0.5853658536585366,0.7560975609756098,0.2926829268292683,0.6585365853658537,0.524390243902439,0.5487804878048781,0.5121951219512195
0,350,8,0.15218678317785483,0.5,0.6463414634146342,0.5,0.5365853658536586,0.35365853658536583,0.34146341463414637,0.3170731707317073,0.4634146341463415,0.3780487804878049,0.573170731707317,0.3780487804878049,0.8536585365853658,0.573170731707317,0.4878048780487805,0.5975609756097561,0.7073170731707317,0.24390243902439024,0.3902439024390244,0.43902439024390244,0.6219512195121951,0.5975609756097561,0.45121951219512196,0.4268292682926829,0.5975609756097561,0.7560975609756098,0.6341463414634146,0.5365853658536586,0.1951219512195122,0.6341463414634146,0.2682926829268293
0,350,9,0.12174779782009705,0.45121951219512196,0.573170731707317,0.47560975609756095,0.3780487804878049,0.5853658536585366,0.6341463414634146,0.4268292682926829,0.43902439024390244,0.6829268292682927,0.5609756097560976,0.4146341463414634,0.5365853658536586,0.4146341463414634,0.36585365853658536,0.5975609756097561,0.6951219512195121,0.36585365853658536,0.47560975609756095,0.43902439024390244,0.5853658536585366,0.3170731707317073,0.7073170731707317,0.524390243902439,0.6097560975609756,0.7195121951219512,0.5609756097560976,0.3048780487804878,0.2682926829268293,0.43902439024390244,0.45121951219512196
1,350,0,0.174806201294761,0.2804878048780488,0.43902439024390244,0.524390243902439,0.2682926829268293,0.7195121951219512,0.35365853658536583,0.3902439024390244,0.6707317073170732,0.6585365853658537,0.7317073170731707,0.5487804878048781,0.6951219512195121,0.35365853658536583,0.32926829268292684,0.43902439024390244,0.3780487804878049,0.7439024390243902,0.6341463414634146,0.3048780487804878,0.4024390243902439,0.3048780487804878,0.3780487804878049,0.7926829268292683,0.3170731707317073,0.8658536585365854,0.4634146341463415,0.5609756097560976,0.6951219512195121,0.43902439024390244,0.3170731707317073
1,350,1,0.17523107318769013,0.5121951219512195,0.524390243902439,0.7073170731707317,0.4024390243902439,0.573170731707317,0.4268292682926829,0.2682926829268293,0.573170731707317,0.6585365853658537,0.45121951219512196,0.43902439024390244,0.7439024390243902,0.7195121951219512,0.2926829268292683,0.32926829268292684,0.3902439024390244,0.7195121951219512,0.7195121951219512,0.2926829268292683,0.5609756097560976,0.2073170731707317,0.3902439024390244,0.5365853658536586,0.2804878048780488,0.926829268292683,0.3780487804878049,0.7073170731707317,0.4268292682926829,0.5365853658536586,0.3048780487804878
1,350,2,0.18292682926829268,0.7682926829268293,0.6951219512195121,0.2073170731707317,0.5487804878048781,0.4268292682926829,0.4268292682926829,0.32926829268292684,0.5853658536585366,0.7560975609756098,0.4268292682926829,0.35365853658536583,0.3048780487804878,0.7804878048780488,0.3780487804878049,0.43902439024390244,0.6463414634146342,0.6951219512195121,0.5121951219512195,0.4024390243902439,0.6097560975609756,0.32926829268292684,0.2804878048780488,0.4024390243902439,0.8048780487804879,0.8048780487804879,0.2073170731707317,0.7195121951219512,0.35365853658536583,0.43902439024390244,0.36585365853658536
1,350,3,0.1852160284535694,0.8414634146341463,0.8048780487804879,0.4878048780487805,0.6463414634146342,0.573170731707317,0.34146341463414637,0.6463414634146342,0.3902439024390244,0.18292682926829268,0.9146341463414634,0.47560975609756095,0.4024390243902439,0.7317073170731707,0.5975609756097561,0.45121951219512196,0.4268292682926829,0.35365853658536583,0.2804878048780488,0.6585365853658537,0.6707317073170732,0.5365853658536586,0.4024390243902439,0.5853658536585366,0.47560975609756095,0.14634146341463414,0.4146341463414634,0.4634146341463415,0.36585365853658536,0.524390243902439,0.2073170731707317
1,350,4,0.15143572269536962,0.7195121951219512,0.6951219512195121,0.4024390243902439,0.7195121951219512,0.6707317073170732,0.24390243902439024,0.7073170731707317,0.4268292682926829,0.23170731707317074,0.5609756097560976,0.3902439024390244,0.4024390243902439,0.7560975609756098,0.6585365853658537,0.6341463414634146,0.47560975609756095,0.5,0.524390243902439,0.4024390243902439,0.36585365853658536,0.6097560975609756,0.524390243902439,0.4634146341463415,0.4634146341463415,0.24390243902439024,0.6463414634146342,0.4146341463414634,0.36585365853658536,0.47560975609756095,0.3048780487804878
1,350,5,0.1367812184664386,0.5487804878048781,0.5121951219512195,0.6829268292682927,0.3780487804878049,0.4878048780487805,0.4634146341463415,0.7804878048780488,0.43902439024390244,0.24390243902439024,0.6951219512195121,0.5121951219512195,0.45121951219512196,0.6219512195121951,0.5,0.34146341463414637,0.4024390243902439,0.45121951219512196,0.35365853658536583,0.32926829268292684,0.35365853658536583,0.5975609756097561,0.47560975609756095,0.6097560975609756,0.32926829268292684,0.6707317073170732,0.8048780487804879,0.36585365853658536,0.5365853658536586,0.5,0.5609756097560976
1,350,6,0.16074139156830605,0.3170731707317073,0.4878048780487805,0.4878048780487805,0.3780487804878049,0.5487804878048781,0.7073170731707317,0.6463414634146342,0.25609756097560976,0.7073170731707317,0.35365853658536583,0.3048780487804878,0.5975609756097561,0.47560975609756095,0.34146341463414637,0.7195121951219512,0.43902439024390244,0.6707317073170732,0.2682926829268293,0.3170731707317073,0.4268292682926829,0.47560975609756095,0.6463414634146342,0.43902439024390244,0.4024390243902439,0.7926829268292683,0.5,0.4024390243902439,0.8536585365853658,0.3902439024390244,0.6463414634146342
1,350,7,0.1570600408590992,0.6707317073170732,0.3048780487804878,0.4268292682926829,0.3902439024390244,0.6585365853658537,0.7926829268292683,0.5487804878048781,0.5365853658536586,0.6219512195121951,0.4024390243902439,0.35365853658536583,0.6097560975609756,0.36585365853658536,0.45121951219512196,0.6463414634146342,0.4634146341463415,0.5975609756097561,0.3048780487804878,0.5487804878048781,0.5365853658536586,0.2926829268292683,0.3780487804878049,0.524390243902439,0.5487804878048781,0.6341463414634146,0.2073170731707317,0.8780487804878049,0.6341463414634146,0.2682926829268293,0.4024390243902439
1,350,8,0.1556013454413325,0.34146341463414637,0.4634146341463415,0.3170731707317073,0.35365853658536583,0.7682926829268293,0.4024390243902439,0.5609756097560976,0.4634146341463415,0.573170731707317,0.47560975609756095,0.6585365853658537,0.3048780487804878,0.5609756097560976,0.4268292682926829,0.6585365853658537,0.4146341463414634,0.5365853658536586,0.7926829268292683,0.524390243902439,0.3902439024390244,0.573170731707317,0.7439024390243902,0.34146341463414637,0.573170731707317,0.5487804878048781,0.2682926829268293,0.8536585365853658,0.4878048780487805,0.3048780487804878,0.3170731707317073
1,350,9,0.15601496798695516,0.36585365853658536,0.3780487804878049,0.5487804878048781,0.6585365853658537,0.5853658536585366,0.3780487804878049,0.5609756097560976,0.3048780487804878,0.8170731707317073,0.4634146341463415,0.6829268292682927,0.34146341463414637,0.23170731707317074,0.4634146341463415,0.7317073170731707,0.4024390243902439,0.3170731707317073,0.8170731707317073,0.6219512195121951,0.524390243902439,0.6829268292682927,0.5487804878048781,0.4634146341463415,0.5609756097560976,0.2926829268292683,0.4878048780487805,0.6341463414634146,0.3048780487804878,0.36585365853658536,0.4634146341463415
2,350,0,0.18652291850467992,0.34146341463414637,0.6585365853658537,0.43902439024390244,0.2682926829268293,0.7560975609756098,0.34146341463414637,0.7804878048780488,0.5609756097560976,0.34146341463414637,0.24390243902439024,0.5365853658536586,0.2682926829268293,0.35365853658536583,0.34146341463414637,0.6097560975609756,0.6829268292682927,0.7317073170731707,0.573170731707317,0.3170731707317073,0.7073170731707317,0.7804878048780488,0.3048780487804878,0.2926829268292683,0.3170731707317073,0.25609756097560976,0.5487804878048781,0.6097560975609756,0.5487804878048781,0.7682926829268293,0.7195121951219512
2,350,1,0.18494818156223292,0.5853658536585366,0.43902439024390244,0.3780487804878049,0.2926829268292683,0.6951219512195121,0.24390243902439024,0.6097560975609756,0.5365853658536586,0.4146341463414634,0.34146341463414637,0.5121951219512195,0.3170731707317073,0.3780487804878049,0.524390243902439,0.6951219512195121,0.6585365853658537,0.6951219512195121,0.7195121951219512,0.2073170731707317,0.7195121951219512,0.7439024390243902,0.2073170731707317,0.4146341463414634,0.4146341463414634,0.32926829268292684,0.5609756097560976,0.5609756097560976,0.1951219512195122,0.8170731707317073,0.7926829268292683
2,350,2,0.14350226845232006,0.5975609756097561,0.35365853658536583,0.5609756097560976,0.5365853658536586,0.6341463414634146,0.35365853658536583,0.5853658536585366,0.4878048780487805,0.2682926829268293,0.4146341463414634,0.3780487804878049,0.4268292682926829,0.4634146341463415,0.7560975609756098,0.5487804878048781,0.34146341463414637,0.6219512195121951,0.8414634146341463,0.5121951219512195,0.4634146341463415,0.7439024390243902,0.4634146341463415,0.43902439024390244,0.3170731707317073,0.2926829268292683,0.47560975609756095,0.6463414634146342,0.36585365853658536,0.6951219512195121,0.4146341463414634
2,350,3,0.16646825389791275,0.5853658536585366,0.3170731707317073,0.5365853658536586,0.6219512195121951,0.3170731707317073,0.5975609756097561,0.6707317073170732,0.6097560975609756,0.3902439024390244,0.45121951219512196,0.34146341463414637,0.5853658536585366,0.43902439024390244,0.5487804878048781,0.2073170731707317,0.5975609756097561,0.3170731707317073,0.8536585365853658,0.5853658536585366,0.6585365853658537,0.25609756097560976,0.4146341463414634,0.45121951219512196,0.926829268292683,0.2804878048780488,0.524390243902439,0.6341463414634146,0.5121951219512195,0.32926829268292684,0.43902439024390244
2,350,4,0.14909336686928096,0.573170731707317,0.25609756097560976,0.7439024390243902,0.6097560975609756,0.4268292682926829,0.5609756097560976,0.6219512195121951,0.5365853658536586,0.43902439024390244,0.32926829268292684,0.34146341463414637,0.5975609756097561,0.3780487804878049,0.5975609756097561,0.3902439024390244,0.4634146341463415,0.34146341463414637,0.6707317073170732,0.5487804878048781,0.573170731707317,0.3048780487804878,0.3902439024390244,0.4268292682926829,0.9512195121951219,0.35365853658536583,0.573170731707317,0.5365853658536586,0.6463414634146342,0.4878048780487805,0.32926829268292684
2,350,5,0.17301034597272794,0.5853658536585366,0.573170731707317,0.7439024390243902,0.573170731707317,0.7804878048780488,0.5853658536585366,0.4268292682926829,0.1951219512195122,0.36585365853658536,0.32926829268292684,0.5975609756097561,0.3902439024390244,0.6951219512195121,0.2682926829268293,0.35365853658536583,0.47560975609756095,0.36585365853658536,0.5487804878048781,0.8658536585365854,0.4268292682926829,0.7195121951219512,0.4634146341463415,0.32926829268292684,0.7317073170731707,0.32926829268292684,0.5,0.36585365853658536,0.7317073170731707,0.2682926829268293,0.4146341463414634
2,350,6,0.1567124576044658,0.4878048780487805,0.5975609756097561,0.4634146341463415,0.524390243902439,0.6707317073170732,0.36585365853658536,0.15853658536585366,0.4634146341463415,0.2926829268292683,0.524390243902439,0.5487804878048781,0.3780487804878049,0.7073170731707317,0.7926829268292683,0.4268292682926829,0.7439024390243902,0.5365853658536586,0.2682926829268293,0.7682926829268293,0.524390243902439,0.7804878048780488,0.4146341463414634,0.47560975609756095,0.5853658536585366,0.573170731707317,0.3170731707317073,0.36585365853658536,0.3780487804878049,0.47560975609756095,0.3902439024390244
2,350,7,0.146679825631453,0.5121951219512195,0.2804878048780488,0.36585365853658536,0.6341463414634146,0.45121951219512196,0.3048780487804878,0.32926829268292684,0.6707317073170732,0.4024390243902439,0.5487804878048781,0.524390243902439,0.5487804878048781,0.6463414634146342,0.7804878048780488,0.32926829268292684,0.7195121951219512,0.5,0.5365853658536586,0.3048780487804878,0.7682926829268293,0.7439024390243902,0.5,0.524390243902439,0.5,0.4634146341463415,0.23170731707317074,0.4024390243902439,0.5487804878048781,0.5365853658536586,0.3902439024390244
2,350,8,0.14270550860148049,0.5,0.36585365853658536,0.3048780487804878,0.34146341463414637,0.34146341463414637,0.13414634146341464,0.5853658536585366,0.573170731707317,0.8048780487804879,0.7682926829268293,0.5487804878048781,0.47560975609756095,0.6097560975609756,0.6341463414634146,0.34146341463414637,0.5121951219512195,0.5975609756097561,0.524390243902439,0.45121951219512196,0.6829268292682927,0.5853658536585366,0.5,0.524390243902439,0.4268292682926829,0.4024390243902439,0.6341463414634146,0.4878048780487805,0.36585365853658536,0.6097560975609756,0.36585365853658536
2,350,9,0.11172577686790128,0.43902439024390244,0.32926829268292684,0.5,0.34146341463414637,0.573170731707317,0.5487804878048781,0.7682926829268293,0.4878048780487805,0.35365853658536583,0.36585365853658536,0.47560975609756095,0.7073170731707317,0.5,0.3780487804878049,0.43902439024390244,0.32926829268292684,0.4024390243902439,0.43902439024390244,0.4878048780487805,0.7073170731707317,0.5487804878048781,0.4268292682926829,0.5,0.4878048780487805,0.5853658536585366,0.5121951219512195,0.573170731707317,0.5853658536585366,0.5975609756097561,0.6097560975609756
3,350,0,0.21844818914894878,0.36585365853658536,0.7073170731707317,0.7073170731707317,0.7439024390243902,0.8414634146341463,0.2926829268292683,0.4146341463414634,0.6097560975609756,0.21951219512195122,0.23170731707317074,0.3048780487804878,0.3780487804878049,0.6097560975609756,0.7073170731707317,0.7804878048780488,0.21951219512195122,0.24390243902439024,0.2926829268292683,0.6463414634146342,0.6341463414634146,0.34146341463414637,0.34146341463414637,0.32926829268292684,0.3170731707317073,0.2682926829268293,0.8780487804878049,0.5487804878048781,0.3902439024390244,0.8292682926829268,0.8048780487804879
3,350,1,0.20011398695031515,0.23170731707317074,0.32926829268292684,0.6341463414634146,0.7195121951219512,0.7317073170731707,0.35365853658536583,0.6585365853658537,0.7073170731707317,0.4024390243902439,0.4268292682926829,0.2926829268292683,0.35365853658536583,0.4634146341463415,0.7073170731707317,0.6585365853658537,0.25609756097560976,0.36585365853658536,0.2926829268292683,0.7439024390243902,0.4878048780487805,0.34146341463414637,0.3048780487804878,0.3170731707317073,0.3048780487804878,0.4268292682926829,0.8292682926829268,0.8658536585365854,0.2804878048780488,0.7439024390243902,0.7682926829268293
3,350,2,0.18492137553534208,0.32926829268292684,0.3170731707317073,0.573170731707317,0.43902439024390244,0.6829268292682927,0.2926829268292683,0.6707317073170732,0.3048780487804878,0.6219512195121951,0.5975609756097561,0.34146341463414637,0.3170731707317073,0.43902439024390244,0.6341463414634146,0.7804878048780488,0.45121951219512196,0.25609756097560976,0.32926829268292684,0.6829268292682927,0.4146341463414634,0.4878048780487805,0.35365853658536583,0.2926829268292683,0.7804878048780488,0.4634146341463415,0.8536585365853658,0.926829268292683,0.573170731707317,0.3048780487804878,0.4878048780487805
3,350,3,0.1938986040424565,0.4634146341463415,0.4878048780487805,0.4146341463414634,0.6097560975609756,0.34146341463414637,0.4634146341463415,0.8902439024390244,0.43902439024390244,0.8048780487804879,0.47560975609756095,0.3170731707317073,0.36585365853658536,0.3048780487804878,0.2682926829268293,0.43902439024390244,0.524390243902439,0.21951219512195122,0.32926829268292684,0.3048780487804878,0.7926829268292683,0.6951219512195121,0.21951219512195122,0.4268292682926829,0.6951219512195121,0.7439024390243902,0.5487804878048781,0.926829268292683,0.6341463414634146,0.524390243902439,0.32926829268292684
3,350,4,0.16197031917935603,0.4878048780487805,0.34146341463414637,0.36585365853658536,0.4878048780487805,0.34146341463414637,0.4268292682926829,0.7682926829268293,0.4146341463414634,0.7804878048780488,0.573170731707317,0.45121951219512196,0.2073170731707317,0.3902439024390244,0.3048780487804878,0.6219512195121951,0.32926829268292684,0.3902439024390244,0.5487804878048781,0.34146341463414637,0.7073170731707317,0.573170731707317,0.3780487804878049,0.4146341463414634,0.7073170731707317,0.7926829268292683,0.5121951219512195,0.7926829268292683,0.6829268292682927,0.45121951219512196,0.4146341463414634
3,350,5,0.16144916794170852,0.34146341463414637,0.573170731707317,0.5487804878048781,0.4146341463414634,0.6097560975609756,0.5853658536585366,0.6951219512195121,0.3902439024390244,0.6097560975609756,0.35365853658536583,0.35365853658536583,0.47560975609756095,0.2682926829268293,0.32926829268292684,0.8292682926829268,0.6585365853658537,0.6829268292682927,0.5121951219512195,0.23170731707317074,0.43902439024390244,0.7804878048780488,0.3902439024390244,0.5609756097560976,0.3048780487804878,0.5975609756097561,0.3170731707317073,0.7804878048780488,0.5975609756097561,0.36585365853658536,0.4024390243902439
3,350,6,0.13251034926788685,0.5853658536585366,0.6341463414634146,0.5853658536585366,0.4878048780487805,0.7195121951219512,0.3780487804878049,0.23170731707317074,0.3780487804878049,0.4878048780487805,0.32926829268292684,0.4024390243902439,0.5609756097560976,0.47560975609756095,0.3780487804878049,0.524390243902439,0.6097560975609756,0.4024390243902439,0.5975609756097561,0.5,0.3902439024390244,0.32926829268292684,0.45121951219512196,0.573170731707317,0.5609756097560976,0.8414634146341463,0.524390243902439,0.3170731707317073,0.7195121951219512,0.5487804878048781,0.47560975609756095
3,350,7,0.13134548310084154,0.45121951219512196,0.5609756097560976,0.5975609756097561,0.5,0.6341463414634146,0.6463414634146342,0.3170731707317073,0.5,0.4146341463414634,0.5121951219512195,0.2804878048780488,0.5609756097560976,0.524390243902439,0.4878048780487805,0.1951219512195122,0.34146341463414637,0.573170731707317,0.4634146341463415,0.7195121951219512,0.2804878048780488,0.34146341463414637,0.5121951219512195,0.6219512195121951,0.6707317073170732,0.6585365853658537,0.5121951219512195,0.5365853658536586,0.6585365853658537,0.35365853658536583,0.573170731707317
3,350,8,0.1356164822570104,0.32926829268292684,0.6707317073170732,0.5121951219512195,0.2804878048780488,0.6585365853658537,0.4268292682926829,0.2926829268292683,0.5,0.5975609756097561,0.5609756097560976,0.34146341463414637,0.7073170731707317,0.47560975609756095,0.5609756097560976,0.5487804878048781,0.47560975609756095,0.3780487804878049,0.4268292682926829,0.6951219512195121,0.524390243902439,0.2926829268292683,0.4024390243902439,0.3780487804878049,0.7560975609756098,0.6463414634146342,0.43902439024390244,0.524390243902439,0.6463414634146342,0.32926829268292684,0.6219512195121951
3,350,9,0.16620002092712527,0.36585365853658536,0.3048780487804878,0.2682926829268293,0.524390243902439,0.5121951219512195,0.4878048780487805,0.2804878048780488,0.47560975609756095,0.25609756097560976,0.7317073170731707,0.8048780487804879,0.32926829268292684,0.573170731707317,0.7926829268292683,0.7804878048780488,0.3780487804878049,0.3780487804878049,0.6829268292682927,0.5853658536585366,0.47560975609756095,0.47560975609756095,0.3780487804878049,0.524390243902439,0.8170731707317073,0.3170731707317073,0.5609756097560976,0.6463414634146342,0.47560975609756095,0.3902439024390244,0.4268292682926829
4,350,0,0.18534980675086174,0.7804878048780488,0.34146341463414637,0.34146341463414637,0.2804878048780488,0.3780487804878049,0.8170731707317073,0.8536585365853658,0.3780487804878049,0.3902439024390244,0.34146341463414637,0.32926829268292684,0.4878048780487805,0.6707317073170732,0.21951219512195122,0.25609756097560976,0.6341463414634146,0.4268292682926829,0.8048780487804879,0.4024390243902439,0.36585365853658536,0.5,0.47560975609756095,0.35365853658536583,0.6951219512195121,0.5853658536585366,0.2682926829268293,0.6219512195121951,0.6585365853658537,0.6951219512195121,0.6463414634146342
4,350,1,0.16912718750174568,0.6341463414634146,0.3048780487804878,0.32926829268292684,0.3048780487804878,0.32926829268292684,0.6951219512195121,0.8048780487804879,0.6463414634146342,0.43902439024390244,0.2682926829268293,0.6341463414634146,0.7195121951219512,0.6341463414634146,0.32926829268292684,0.3170731707317073,0.43902439024390244,0.5,0.7195121951219512,0.34146341463414637,0.2804878048780488,0.3902439024390244,0.6097560975609756,0.3780487804878049,0.6219512195121951,0.573170731707317,0.3170731707317073,0.7317073170731707,0.5487804878048781,0.7560975609756098,0.4024390243902439
4,350,2,0.15728083026140735,0.6585365853658537,0.21951219512195122,0.6829268292682927,0.47560975609756095,0.4146341463414634,0.6219512195121951,0.8170731707317073,0.5975609756097561,0.3170731707317073,0.4268292682926829,0.7439024390243902,0.4878048780487805,0.524390243902439,0.4146341463414634,0.2926829268292683,0.6097560975609756,0.5121951219512195,0.8658536585365854,0.5365853658536586,0.3048780487804878,0.36585365853658536,0.5121951219512195,0.25609756097560976,0.6097560975609756,0.5975609756097561,0.4146341463414634,0.5121951219512195,0.3780487804878049,0.3902439024390244,0.43902439024390244
4,350,3,0.13972154399105705,0.7195121951219512,0.3780487804878049,0.5975609756097561,0.6097560975609756,0.36585365853658536,0.36585365853658536,0.7073170731707317,0.7439024390243902,0.4024390243902439,0.5975609756097561,0.5853658536585366,0.43902439024390244,0.8170731707317073,0.32926829268292684,0.2682926829268293,0.5121951219512195,0.47560975609756095,0.4268292682926829,0.524390243902439,0.6585365853658537,0.4878048780487805,0.5,0.2804878048780488,0.3902439024390244,0.3780487804878049,0.43902439024390244,0.34146341463414637,0.524390243902439,0.6097560975609756,0.524390243902439
4,350,4,0.13157174594401147,0.7439024390243902,0.4024390243902439,0.6951219512195121,0.5,0.5365853658536586,0.5,0.5487804878048781,0.7560975609756098,0.2926829268292683,0.4634146341463415,0.5365853658536586,0.43902439024390244,0.6951219512195121,0.3902439024390244,0.3048780487804878,0.7195121951219512,0.3048780487804878,0.3780487804878049,0.3780487804878049,0.5,0.47560975609756095,0.4634146341463415,0.2804878048780488,0.5365853658536586,0.3902439024390244,0.573170731707317,0.6219512195121951,0.4878048780487805,0.5121951219512195,0.573170731707317
4,350,5,0.15380687123372322,0.36585365853658536,0.43902439024390244,0.6585365853658537,0.3902439024390244,0.4878048780487805,0.5487804878048781,0.4634146341463415,0.45121951219512196,0.7560975609756098,0.36585365853658536,0.5365853658536586,0.3902439024390244,0.4268292682926829,0.8536585365853658,0.5853658536585366,0.6097560975609756,0.5365853658536586,0.10975609756097561,0.6341463414634146,0.3780487804878049,0.5487804878048781,0.4634146341463415,0.8048780487804879,0.43902439024390244,0.24390243902439024,0.45121951219512196,0.5975609756097561,0.6219512195121951,0.36585365853658536,0.47560975609756095
4,350,6,0.15114081351053332,0.3048780487804878,0.3170731707317073,0.4146341463414634,0.36585365853658536,0.4878048780487805,0.43902439024390244,0.5121951219512195,0.3902439024390244,0.7560975609756098,0.4146341463414634,0.5853658536585366,0.43902439024390244,0.6341463414634146,0.8170731707317073,0.47560975609756095,0.43902439024390244,0.6951219512195121,0.17073170731707318,0.5609756097560976,0.4268292682926829,0.4146341463414634,0.6463414634146342,0.7195121951219512,0.6219512195121951,0.6219512195121951,0.4634146341463415,0.573170731707317,0.6585365853658537,0.36585365853658536,0.2682926829268293
4,350,7,0.14842687552645079,0.43902439024390244,0.6707317073170732,0.32926829268292684,0.7195121951219512,0.4024390243902439,0.524390243902439,0.4024390243902439,0.4146341463414634,0.6951219512195121,0.43902439024390244,0.8048780487804879,0.3048780487804878,0.3902439024390244,0.4634146341463415,0.6829268292682927,0.2804878048780488,0.4878048780487805,0.21951219512195122,0.6463414634146342,0.43902439024390244,0.2926829268292683,0.4634146341463415,0.4268292682926829,0.6097560975609756,0.5121951219512195,0.7073170731707317,0.524390243902439,0.6707317073170732,0.6097560975609756,0.4268292682926829
4,350,8,0.14684871437551578,0.5609756097560976,0.5853658536585366,0.3902439024390244,0.7682926829268293,0.5365853658536586,0.2682926829268293,0.5365853658536586,0.4878048780487805,0.6463414634146342,0.4146341463414634,0.7560975609756098,0.23170731707317074,0.4268292682926829,0.2926829268292683,0.5853658536585366,0.4634146341463415,0.5487804878048781,0.36585365853658536,0.573170731707317,0.4634146341463415,0.3780487804878049,0.34146341463414637,0.35365853658536583,0.6341463414634146,0.5975609756097561,0.5853658536585366,0.25609756097560976,0.573170731707317,0.7682926829268293,0.6097560975609756
4,350,9,0.14211372811665576,0.573170731707317,0.5,0.6951219512195121,0.7439024390243902,0.6219512195121951,0.6951219512195121,0.3780487804878049,0.5121951219512195,0.3780487804878049,0.6341463414634146,0.524390243902439,0.32926829268292684,0.4146341463414634,0.2804878048780488,0.5487804878048781,0.4634146341463415,0.2073170731707317,0.5365853658536586,0.4268292682926829,0.5975609756097561,0.6341463414634146,0.5487804878048781,0.4146341463414634,0.5975609756097561,0.5,0.23170731707317074,0.3902439024390244,0.36585365853658536,0.7682926829268293,0.4878048780487805
0,375,0,0.1903116410569584,0.45121951219512196,0.24390243902439024,0.9024390243902439,0.2804878048780488,0.7195121951219512,0.6097560975609756,0.4268292682926829,0.47560975609756095,0.3780487804878049,0.32926829268292684,0.4634146341463415,0.23170731707317074,0.7439024390243902,0.24390243902439024,0.7926829268292683,0.47560975609756095,0.36585365853658536,0.2682926829268293,0.6951219512195121,0.3048780487804878,0.5121951219512195,0.7073170731707317,0.7195121951219512,0.4024390243902439,0.47560975609756095,0.24390243902439024,0.5975609756097561,0.6707317073170732,0.524390243902439,0.7439024390243902
0,375,1,0.17856590456315247,0.43902439024390244,0.3170731707317073,0.36585365853658536,0.32926829268292684,0.7682926829268293,0.5121951219512195,0.6341463414634146,0.5,0.3902439024390244,0.25609756097560976,0.2926829268292683,0.35365853658536583,0.8536585365853658,0.36585365853658536,0.7926829268292683,0.6097560975609756,0.25609756097560976,0.43902439024390244,0.6707317073170732,0.7073170731707317,0.4024390243902439,0.7439024390243902,0.573170731707317,0.3048780487804878,0.24390243902439024,0.4146341463414634,0.6341463414634146,0.5853658536585366,0.5,0.7439024390243902
0,375,2,0.16548260741579066,0.34146341463414637,0.43902439024390244,0.524390243902439,0.6585365853658537,0.7560975609756098,0.5365853658536586,0.4146341463414634,0.2804878048780488,0.36585365853658536,0.6097560975609756,0.32926829268292684,0.45121951219512196,0.4024390243902439,0.4146341463414634,0.9146341463414634,0.5,0.3902439024390244,0.7682926829268293,0.4146341463414634,0.7195121951219512,0.45121951219512196,0.7560975609756098,0.4268292682926829,0.4878048780487805,0.23170731707317074,0.5853658536585366,0.3780487804878049,0.5975609756097561,0.24390243902439024,0.6097560975609756
0,375,3,0.1534842216834368,0.34146341463414637,0.4024390243902439,0.32926829268292684,0.7804878048780488,0.5609756097560976,0.25609756097560976,0.34146341463414637,0.4268292682926829,0.4878048780487805,0.5,0.4268292682926829,0.4878048780487805,0.5609756097560976,0.5975609756097561,0.3902439024390244,0.4268292682926829,0.5609756097560976,0.8292682926829268,0.47560975609756095,0.7317073170731707,0.5609756097560976,0.3902439024390244,0.47560975609756095,0.5975609756097561,0.6463414634146342,0.7682926829268293,0.32926829268292684,0.2926829268292683,0.7073170731707317,0.3170731707317073
0,375,4,0.1429831460402121,0.5609756097560976,0.5975609756097561,0.5609756097560976,0.7439024390243902,0.524390243902439,0.5,0.36585365853658536,0.3902439024390244,0.45121951219512196,0.2926829268292683,0.36585365853658536,0.4024390243902439,0.4146341463414634,0.4024390243902439,0.43902439024390244,0.4024390243902439,0.5975609756097561,0.7682926829268293,0.2804878048780488,0.6707317073170732,0.5121951219512195,0.7682926829268293,0.2073170731707317,0.7073170731707317,0.5609756097560976,0.6097560975609756,0.4634146341463415,0.4146341463414634,0.6097560975609756,0.4146341463414634
0,375,5,0.16518276551805258,0.35365853658536583,0.6463414634146342,0.7195121951219512,0.6341463414634146,0.5,0.34146341463414637,0.2804878048780488,0.4024390243902439,0.5487804878048781,0.2682926829268293,0.7926829268292683,0.45121951219512196,0.34146341463414637,0.5,0.7195121951219512,0.35365853658536583,0.3902439024390244,0.4024390243902439,0.4268292682926829,0.35365853658536583,0.5609756097560976,0.7195121951219512,0.3780487804878049,0.7439024390243902,0.6707317073170732,0.25609756097560976,0.43902439024390244,0.524390243902439,0.8414634146341463,0.43902439024390244
0,375,6,0.10848404684372497,0.5,0.5609756097560976,0.7439024390243902,0.573170731707317,0.3170731707317073,0.5365853658536586,0.3048780487804878,0.43902439024390244,0.47560975609756095,0.5609756097560976,0.6463414634146342,0.3780487804878049,0.5,0.3170731707317073,0.4268292682926829,0.43902439024390244,0.34146341463414637,0.47560975609756095,0.4634146341463415,0.6097560975609756,0.5365853658536586,0.5853658536585366,0.6219512195121951,0.6341463414634146,0.45121951219512196,0.5,0.36585365853658536,0.5487804878048781,0.6463414634146342,0.5
0,375,7,0.1199841353780375,0.35365853658536583,0.4634146341463415,0.23170731707317074,0.524390243902439,0.43902439024390244,0.34146341463414637,0.573170731707317,0.4024390243902439,0.7317073170731707,0.524390243902439,0.6463414634146342,0.7804878048780488,0.5121951219512195,0.5365853658536586,0.4024390243902439,0.5609756097560976,0.4634146341463415,0.3170731707317073,0.45121951219512196,0.3048780487804878,0.6341463414634146,0.4878048780487805,0.5975609756097561,0.5975609756097561,0.5365853658536586,0.45121951219512196,0.4878048780487805,0.5365853658536586,0.5487804878048781,0.5609756097560976
0,375,8,0.13168473157749352,0.3048780487804878,0.4634146341463415,0.36585365853658536,0.7439024390243902,0.5975609756097561,0.5,0.6341463414634146,0.4268292682926829,0.5487804878048781,0.45121951219512196,0.6829268292682927,0.4024390243902439,0.45121951219512196,0.34146341463414637,0.3170731707317073,0.4146341463414634,0.4268292682926829,0.4878048780487805,0.6341463414634146,0.7195121951219512,0.4268292682926829,0.35365853658536583,0.5609756097560976,0.7439024390243902,0.6951219512195121,0.6219512195121951,0.32926829268292684,0.47560975609756095,0.4024390243902439,0.47560975609756095
0,375,9,0.15611026371078768,0.2804878048780488,0.45121951219512196,0.7073170731707317,0.7926829268292683,0.5975609756097561,0.6707317073170732,0.6219512195121951,0.43902439024390244,0.14634146341463414,0.5,0.25609756097560976,0.3902439024390244,0.524390243902439,0.573170731707317,0.6951219512195121,0.23170731707317074,0.5609756097560976,0.6219512195121951,0.5,0.573170731707317,0.34146341463414637,0.6097560975609756,0.3780487804878049,0.2926829268292683,0.6951219512195121,0.4634146341463415,0.6341463414634146,0.5121951219512195,0.4268292682926829,0.5121951219512195
1,375,0,0.2118584376900387,0.6341463414634146,0.4634146341463415,0.6585365853658537,0.34146341463414637,0.34146341463414637,0.8658536585365854,0.25609756097560976,0.36585365853658536,0.4878048780487805,0.5,0.34146341463414637,0.5609756097560976,0.34146341463414637,0.4146341463414634,0.35365853658536583,0.24390243902439024,0.7804878048780488,0.8536585365853658,0.5853658536585366,0.7682926829268293,0.2926829268292683,0.24390243902439024,0.23170731707317074,0.8658536585365854,0.3170731707317073,0.5487804878048781,0.21951219512195122,0.7317073170731707,0.5365853658536586,0.8536585365853658
1,375,1,0.19946885648520515,0.7317073170731707,0.21951219512195122,0.7682926829268293,0.2804878048780488,0.3048780487804878,0.6341463414634146,0.4634146341463415,0.34146341463414637,0.4878048780487805,0.3048780487804878,0.3048780487804878,0.7439024390243902,0.3170731707317073,0.3902439024390244,0.2926829268292683,0.4268292682926829,0.7317073170731707,0.8048780487804879,0.6951219512195121,0.7073170731707317,0.4634146341463415,0.36585365853658536,0.23170731707317074,0.9024390243902439,0.4024390243902439,0.5121951219512195,0.4878048780487805,0.524390243902439,0.32926829268292684,0.8292682926829268
1,375,2,0.15891137687084805,0.5,0.6707317073170732,0.45121951219512196,0.2804878048780488,0.43902439024390244,0.6585365853658537,0.34146341463414637,0.25609756097560976,0.4878048780487805,0.2804878048780488,0.6829268292682927,0.6097560975609756,0.34146341463414637,0.3048780487804878,0.5853658536585366,0.524390243902439,0.6219512195121951,0.5853658536585366,0.5487804878048781,0.7439024390243902,0.5,0.2926829268292683,0.2926829268292683,0.9024390243902439,0.47560975609756095,0.4024390243902439,0.6707317073170732,0.3902439024390244,0.5365853658536586,0.6219512195121951
1,375,3,0.17237881447887435,0.3170731707317073,0.5609756097560976,0.3902439024390244,0.8048780487804879,0.3780487804878049,0.6707317073170732,0.2073170731707317,0.3902439024390244,0.43902439024390244,0.3048780487804878,0.7926829268292683,0.5853658536585366,0.524390243902439,0.2926829268292683,0.5853658536585366,0.6707317073170732,0.6585365853658537,0.45121951219512196,0.25609756097560976,0.8170731707317073,0.5487804878048781,0.573170731707317,0.2926829268292683,0.3780487804878049,0.5,0.2926829268292683,0.7682926829268293,0.3902439024390244,0.573170731707317,0.5853658536585366
1,375,4,0.1807458054911846,0.2804878048780488,0.7073170731707317,0.25609756097560976,0.6951219512195121,0.5609756097560976,0.4268292682926829,0.32926829268292684,0.4634146341463415,0.23170731707317074,0.573170731707317,0.6951219512195121,0.8048780487804879,0.4878048780487805,0.35365853658536583,0.47560975609756095,0.8170731707317073,0.2804878048780488,0.25609756097560976,0.4024390243902439,0.8414634146341463,0.6341463414634146,0.6341463414634146,0.6463414634146342,0.2926829268292683,0.4878048780487805,0.5365853658536586,0.573170731707317,0.23170731707317074,0.573170731707317,0.45121951219512196
1,375,5,0.15008755459140585,0.3048780487804878,0.6463414634146342,0.36585365853658536,0.4268292682926829,0.4146341463414634,0.34146341463414637,0.35365853658536583,0.524390243902439,0.43902439024390244,0.5853658536585366,0.6707317073170732,0.5487804878048781,0.45121951219512196,0.573170731707317,0.6951219512195121,0.5609756097560976,0.25609756097560976,0.4146341463414634,0.524390243902439,0.5365853658536586,0.5853658536585366,0.4878048780487805,0.5365853658536586,0.43902439024390244,0.21951219512195122,0.7195121951219512,0.975609756097561,0.3902439024390244,0.5,0.5121951219512195
1,375,6,0.12755421331700373,0.3780487804878049,0.34146341463414637,0.5853658536585366,0.25609756097560976,0.6463414634146342,0.4146341463414634,0.5365853658536586,0.47560975609756095,0.36585365853658536,0.4878048780487805,0.5365853658536586,0.4024390243902439,0.47560975609756095,0.5487804878048781,0.7317073170731707,0.5121951219512195,0.3780487804878049,0.524390243902439,0.5,0.3902439024390244,0.573170731707317,0.47560975609756095,0.35365853658536583,0.5975609756097561,0.5365853658536586,0.4146341463414634,0.8292682926829268,0.7317073170731707,0.3780487804878049,0.6219512195121951
1,375,7,0.1307402011559362,0.5609756097560976,0.7804878048780488,0.6341463414634146,0.36585365853658536,0.3902439024390244,0.36585365853658536,0.4268292682926829,0.35365853658536583,0.47560975609756095,0.3902439024390244,0.5853658536585366,0.5,0.524390243902439,0.7195121951219512,0.5853658536585366,0.5975609756097561,0.4024390243902439,0.5121951219512195,0.43902439024390244,0.6829268292682927,0.3780487804878049,0.36585365853658536,0.5975609756097561,0.5,0.5365853658536586,0.36585365853658536,0.32926829268292684,0.7195121951219512,0.2804878048780488,0.6341463414634146
1,375,8,0.12088968886913418,0.6097560975609756,0.7439024390243902,0.5609756097560976,0.3902439024390244,0.5,0.4024390243902439,0.5,0.524390243902439,0.3780487804878049,0.6463414634146342,0.32926829268292684,0.4878048780487805,0.47560975609756095,0.34146341463414637,0.4878048780487805,0.4634146341463415,0.5487804878048781,0.5365853658536586,0.6585365853658537,0.7682926829268293,0.34146341463414637,0.524390243902439,0.3780487804878049,0.3780487804878049,0.6463414634146342,0.5975609756097561,0.3170731707317073,0.5975609756097561,0.5,0.36585365853658536
1,375,9,0.11890504479112607,0.5853658536585366,0.8414634146341463,0.43902439024390244,0.6585365853658537,0.524390243902439,0.5853658536585366,0.4634146341463415,0.524390243902439,0.35365853658536583,0.5487804878048781,0.5365853658536586,0.45121951219512196,0.4878048780487805,0.32926829268292684,0.5609756097560976,0.45121951219512196,0.4268292682926829,0.5609756097560976,0.4146341463414634,0.7926829268292683,0.5609756097560976,0.5121951219512195,0.5,0.32926829268292684,0.4146341463414634,0.4878048780487805,0.5,0.4878048780487805,0.3048780487804878,0.36585365853658536
2,375,0,0.20558820012572215,0.36585365853658536,0.32926829268292684,0.7439024390243902,0.8170731707317073,0.4024390243902439,0.6829268292682927,0.6829268292682927,0.34146341463414637,0.32926829268292684,0.7195121951219512,0.9024390243902439,0.23170731707317074,0.23170731707317074,0.32926829268292684,0.3048780487804878,0.35365853658536583,0.35365853658536583,0.7195121951219512,0.3902439024390244,0.4024390243902439,0.5121951219512195,0.7682926829268293,0.4878048780487805,0.7317073170731707,0.4268292682926829,0.2073170731707317,0.3170731707317073,0.8658536585365854,0.5975609756097561,0.45121951219512196
2,375,1,0.19739529336876396,0.3048780487804878,0.34146341463414637,0.36585365853658536,0.7439024390243902,0.35365853658536583,0.6463414634146342,0.8536585365853658,0.47560975609756095,0.5365853658536586,0.4878048780487805,0.5853658536585366,0.3902439024390244,0.5975609756097561,0.36585365853658536,0.3170731707317073,0.4878048780487805,0.4024390243902439,0.8658536585365854,0.3170731707317073,0.3048780487804878,0.573170731707317,0.6951219512195121,0.36585365853658536,0.6219512195121951,0.3780487804878049,0.24390243902439024,0.35365853658536583,0.975609756097561,0.8048780487804879,0.24390243902439024
2,375,2,0.182845510380403,0.6463414634146342,0.6341463414634146,0.2682926829268293,0.6097560975609756,0.36585365853658536,0.4634146341463415,0.4024390243902439,0.6097560975609756,0.7195121951219512,0.4268292682926829,0.3902439024390244,0.5,0.47560975609756095,0.25609756097560976,0.43902439024390244,0.4268292682926829,0.2804878048780488,0.7926829268292683,0.5853658536585366,0.24390243902439024,0.8414634146341463,0.5121951219512195,0.34146341463414637,0.5609756097560976,0.24390243902439024,0.6707317073170732,0.3170731707317073,0.9634146341463414,0.6219512195121951,0.3902439024390244
2,375,3,0.1735824716942252,0.5853658536585366,0.6951219512195121,0.32926829268292684,0.4634146341463415,0.47560975609756095,0.43902439024390244,0.45121951219512196,0.6463414634146342,0.9512195121951219,0.4878048780487805,0.2682926829268293,0.3048780487804878,0.5609756097560976,0.4146341463414634,0.6707317073170732,0.4024390243902439,0.4878048780487805,0.2926829268292683,0.5121951219512195,0.43902439024390244,0.8292682926829268,0.34146341463414637,0.3780487804878049,0.3170731707317073,0.34146341463414637,0.6219512195121951,0.8170731707317073,0.3170731707317073,0.7195121951219512,0.43902439024390244
2,375,4,0.1695955225969997,0.6585365853658537,0.6585365853658537,0.45121951219512196,0.36585365853658536,0.47560975609756095,0.3048780487804878,0.6097560975609756,0.6219512195121951,0.7317073170731707,0.5975609756097561,0.4268292682926829,0.4634146341463415,0.3902439024390244,0.4878048780487805,0.7682926829268293,0.2926829268292683,0.3048780487804878,0.24390243902439024,0.5365853658536586,0.3780487804878049,0.9024390243902439,0.35365853658536583,0.3902439024390244,0.3902439024390244,0.47560975609756095,0.6707317073170732,0.8658536585365854,0.3780487804878049,0.35365853658536583,0.45121951219512196
2,375,5,0.13965056530017178,0.7317073170731707,0.5853658536585366,0.5121951219512195,0.2804878048780488,0.6463414634146342,0.47560975609756095,0.6707317073170732,0.5609756097560976,0.6707317073170732,0.4634146341463415,0.47560975609756095,0.4268292682926829,0.34146341463414637,0.4634146341463415,0.5487804878048781,0.524390243902439,0.35365853658536583,0.3048780487804878,0.45121951219512196,0.36585365853658536,0.7439024390243902,0.3780487804878049,0.2804878048780488,0.5121951219512195,0.47560975609756095,0.7195121951219512,0.7804878048780488,0.47560975609756095,0.3780487804878049,0.4024390243902439
2,375,6,0.13160941859931294,0.524390243902439,0.34146341463414637,0.4024390243902439,0.43902439024390244,0.4024390243902439,0.6219512195121951,0.47560975609756095,0.5,0.5,0.5,0.23170731707317074,0.2682926829268293,0.36585365853658536,0.35365853658536583,0.7073170731707317,0.6097560975609756,0.4878048780487805,0.4878048780487805,0.7195121951219512,0.47560975609756095,0.34146341463414637,0.4634146341463415,0.7073170731707317,0.6219512195121951,0.524390243902439,0.3780487804878049,0.7073170731707317,0.6219512195121951,0.5609756097560976,0.6585365853658537
2,375,7,0.15247966937813862,0.43902439024390244,0.2804878048780488,0.6341463414634146,0.5365853658536586,0.34146341463414637,0.6219512195121951,0.4146341463414634,0.5609756097560976,0.573170731707317,0.4268292682926829,0.3170731707317073,0.47560975609756095,0.43902439024390244,0.2926829268292683,0.7682926829268293,0.6219512195121951,0.6097560975609756,0.5853658536585366,0.34146341463414637,0.6341463414634146,0.45121951219512196,0.7560975609756098,0.8780487804878049,0.32926829268292684,0.5365853658536586,0.3048780487804878,0.2926829268292683,0.5975609756097561,0.45121951219512196,0.4878048780487805
2,375,8,0.13922393324832286,0.32926829268292684,0.524390243902439,0.4024390243902439,0.6951219512195121,0.3902439024390244,0.6097560975609756,0.47560975609756095,0.6219512195121951,0.5853658536585366,0.2073170731707317,0.6219512195121951,0.8048780487804879,0.573170731707317,0.524390243902439,0.5121951219512195,0.25609756097560976,0.4634146341463415,0.5365853658536586,0.43902439024390244,0.5975609756097561,0.3170731707317073,0.4878048780487805,0.7560975609756098,0.5487804878048781,0.524390243902439,0.4268292682926829,0.36585365853658536,0.5365853658536586,0.2804878048780488,0.5853658536585366
2,375,9,0.11667445655418736,0.4146341463414634,0.5365853658536586,0.4634146341463415,0.6951219512195121,0.524390243902439,0.34146341463414637,0.5365853658536586,0.4878048780487805,0.573170731707317,0.43902439024390244,0.45121951219512196,0.5,0.5487804878048781,0.7195121951219512,0.524390243902439,0.35365853658536583,0.573170731707317,0.35365853658536583,0.5,0.4268292682926829,0.5975609756097561,0.4634146341463415,0.7439024390243902,0.524390243902439,0.43902439024390244,0.34146341463414637,0.6707317073170732,0.5,0.5487804878048781,0.2073170731707317
3,375,0,0.20372303150925533,0.32926829268292684,0.2804878048780488,0.4146341463414634,0.5609756097560976,0.8048780487804879,0.2804878048780488,0.3902439024390244,0.6707317073170732,0.8536585365853658,0.8292682926829268,0.7682926829268293,0.5853658536585366,0.32926829268292684,0.3902439024390244,0.7317073170731707,0.3902439024390244,0.6341463414634146,0.2926829268292683,0.3780487804878049,0.9390243902439024,0.36585365853658536,0.2682926829268293,0.4268292682926829,0.2926829268292683,0.45121951219512196,0.3048780487804878,0.524390243902439,0.36585365853658536,0.7926829268292683,0.35365853658536583
3,375,1,0.21080283352518925,0.45121951219512196,0.4146341463414634,0.5,0.43902439024390244,0.8414634146341463,0.25609756097560976,0.4024390243902439,0.7195121951219512,0.9146341463414634,0.7560975609756098,0.6707317073170732,0.24390243902439024,0.4634146341463415,0.2682926829268293,0.36585365853658536,0.3170731707317073,0.3902439024390244,0.24390243902439024,0.47560975609756095,0.9390243902439024,0.3902439024390244,0.6829268292682927,0.4024390243902439,0.43902439024390244,0.34146341463414637,0.34146341463414637,0.4024390243902439,0.2804878048780488,0.8414634146341463,0.8048780487804879
3,375,2,0.20623822591814345,0.35365853658536583,0.6585365853658537,0.524390243902439,0.32926829268292684,0.6463414634146342,0.45121951219512196,0.2926829268292683,0.4634146341463415,0.7560975609756098,0.8658536585365854,0.6707317073170732,0.36585365853658536,0.24390243902439024,0.3902439024390244,0.23170731707317074,0.8048780487804879,0.4024390243902439,0.3170731707317073,0.47560975609756095,1.0,0.35365853658536583,0.6463414634146342,0.3780487804878049,0.34146341463414637,0.3048780487804878,0.25609756097560976,0.35365853658536583,0.5975609756097561,0.7560975609756098,0.7682926829268293
3,375,3,0.1659313543503271,0.5975609756097561,0.6707317073170732,0.47560975609756095,0.4146341463414634,0.7195121951219512,0.5121951219512195,0.23170731707317074,0.45121951219512196,0.3780487804878049,0.573170731707317,0.3170731707317073,0.5487804878048781,0.4024390243902439,0.2682926829268293,0.4024390243902439,0.8170731707317073,0.2926829268292683,0.6951219512195121,0.5365853658536586,0.8780487804878049,0.7073170731707317,0.524390243902439,0.3780487804878049,0.4268292682926829,0.4024390243902439,0.23170731707317074,0.34146341463414637,0.6219512195121951,0.5975609756097561,0.5853658536585366
3,375,4,0.16141845958804193,0.6097560975609756,0.2926829268292683,0.32926829268292684,0.36585365853658536,0.45121951219512196,0.6219512195121951,0.3048780487804878,0.5487804878048781,0.5365853658536586,0.7804878048780488,0.4024390243902439,0.36585365853658536,0.5121951219512195,0.3902439024390244,0.6219512195121951,0.8170731707317073,0.34146341463414637,0.6341463414634146,0.5121951219512195,0.3780487804878049,0.7682926829268293,0.4878048780487805,0.524390243902439,0.3780487804878049,0.43902439024390244,0.3048780487804878,0.25609756097560976,0.5853658536585366,0.8536585365853658,0.5853658536585366
3,375,5,0.1467136189335098,0.43902439024390244,0.4878048780487805,0.3048780487804878,0.524390243902439,0.43902439024390244,0.573170731707317,0.36585365853658536,0.45121951219512196,0.25609756097560976,0.35365853658536583,0.4268292682926829,0.4634146341463415,0.6951219512195121,0.7560975609756098,0.6707317073170732,0.8536585365853658,0.23170731707317074,0.6341463414634146,0.4878048780487805,0.4146341463414634,0.6585365853658537,0.4634146341463415,0.43902439024390244,0.4268292682926829,0.7073170731707317,0.6097560975609756,0.43902439024390244,0.36585365853658536,0.43902439024390244,0.6219512195121951
3,375,6,0.1640685859399233,0.45121951219512196,0.43902439024390244,0.5365853658536586,0.4634146341463415,0.4146341463414634,0.43902439024390244,0.4878048780487805,0.34146341463414637,0.21951219512195122,0.45121951219512196,0.5121951219512195,0.5487804878048781,0.6463414634146342,0.6097560975609756,0.8658536585365854,0.8536585365853658,0.4024390243902439,0.43902439024390244,0.34146341463414637,0.43902439024390244,0.3902439024390244,0.24390243902439024,0.3780487804878049,0.47560975609756095,0.8536585365853658,0.6707317073170732,0.7073170731707317,0.573170731707317,0.524390243902439,0.2804878048780488
3,375,7,0.15173005868288575,0.573170731707317,0.4146341463414634,0.524390243902439,0.4878048780487805,0.6707317073170732,0.2804878048780488,0.5975609756097561,0.32926829268292684,0.45121951219512196,0.45121951219512196,0.6097560975609756,0.6463414634146342,0.3780487804878049,0.573170731707317,0.5,0.7073170731707317,0.5365853658536586,0.25609756097560976,0.7439024390243902,0.45121951219512196,0.36585365853658536,0.23170731707317074,0.6219512195121951,0.4146341463414634,0.8170731707317073,0.47560975609756095,0.7317073170731707,0.35365853658536583,0.524390243902439,0.2804878048780488
3,375,8,0.1540323237887517,0.6585365853658537,0.6219512195121951,0.524390243902439,0.43902439024390244,0.4146341463414634,0.36585365853658536,0.5121951219512195,0.35365853658536583,0.4268292682926829,0.45121951219512196,0.4146341463414634,0.524390243902439,0.4146341463414634,0.43902439024390244,0.7317073170731707,0.8902439024390244,0.6097560975609756,0.4878048780487805,0.5487804878048781,0.7073170731707317,0.36585365853658536,0.3170731707317073,0.4268292682926829,0.4146341463414634,0.8902439024390244,0.34146341463414637,0.6341463414634146,0.43902439024390244,0.32926829268292684,0.3048780487804878
3,375,9,0.16909787349034572,0.7195121951219512,0.2926829268292683,0.5365853658536586,0.2804878048780488,0.1951219512195122,0.6585365853658537,0.5,0.3780487804878049,0.4146341463414634,0.7073170731707317,0.3780487804878049,0.5487804878048781,0.4146341463414634,0.7439024390243902,0.3780487804878049,0.8658536585365854,0.5609756097560976,0.3780487804878049,0.573170731707317,0.43902439024390244,0.45121951219512196,0.6097560975609756,0.5487804878048781,0.4146341463414634,0.43902439024390244,0.3170731707317073,0.24390243902439024,0.4878048780487805,0.6951219512195121,0.8292682926829268
4,375,0,0.22572508588146054,0.524390243902439,0.24390243902439024,0.18292682926829268,0.21951219512195122,0.5975609756097561,0.8170731707317073,0.4024390243902439,0.7317073170731707,0.8658536585365854,0.2926829268292683,0.4024390243902439,0.5609756097560976,0.7804878048780488,0.4878048780487805,0.2926829268292683,0.7560975609756098,0.6707317073170732,0.7073170731707317,0.36585365853658536,0.7073170731707317,0.23170731707317074,0.3780487804878049,0.3902439024390244,0.7560975609756098,0.24390243902439024,0.9024390243902439,0.3048780487804878,0.6951219512195121,0.24390243902439024,0.24390243902439024
4,375,1,0.20323577170726503,0.25609756097560976,0.6341463414634146,0.4146341463414634,0.18292682926829268,0.6097560975609756,0.7317073170731707,0.45121951219512196,0.6219512195121951,0.8414634146341463,0.21951219512195122,0.47560975609756095,0.6097560975609756,0.6097560975609756,0.3902439024390244,0.34146341463414637,0.6707317073170732,0.7926829268292683,0.8170731707317073,0.3170731707317073,0.524390243902439,0.2926829268292683,0.5121951219512195,0.4634146341463415,0.7195121951219512,0.25609756097560976,0.7073170731707317,0.1951219512195122,0.7804878048780488,0.3048780487804878,0.25609756097560976
4,375,2,0.16977081517360834,0.5121951219512195,0.7560975609756098,0.3170731707317073,0.45121951219512196,0.43902439024390244,0.36585365853658536,0.5365853658536586,0.4268292682926829,0.5,0.3780487804878049,0.5975609756097561,0.6829268292682927,0.45121951219512196,0.4146341463414634,0.4024390243902439,0.34146341463414637,0.7439024390243902,0.6829268292682927,0.926829268292683,0.43902439024390244,0.3780487804878049,0.6097560975609756,0.2804878048780488,0.3902439024390244,0.5487804878048781,0.7317073170731707,0.36585365853658536,0.7682926829268293,0.3902439024390244,0.17073170731707318
4,375,3,0.15931640603467825,0.5975609756097561,0.7804878048780488,0.3048780487804878,0.5121951219512195,0.6341463414634146,0.524390243902439,0.5365853658536586,0.43902439024390244,0.2073170731707317,0.7439024390243902,0.5,0.6707317073170732,0.2804878048780488,0.23170731707317074,0.3902439024390244,0.6585365853658537,0.6219512195121951,0.573170731707317,0.8292682926829268,0.2682926829268293,0.45121951219512196,0.5365853658536586,0.35365853658536583,0.34146341463414637,0.47560975609756095,0.4024390243902439,0.6463414634146342,0.45121951219512196,0.5975609756097561,0.43902439024390244
4,375,4,0.14745511219699353,0.5853658536585366,0.5609756097560976,0.3780487804878049,0.5,0.5975609756097561,0.5365853658536586,0.4634146341463415,0.47560975609756095,0.15853658536585366,0.6097560975609756,0.3780487804878049,0.7317073170731707,0.5121951219512195,0.23170731707317074,0.4268292682926829,0.7439024390243902,0.6463414634146342,0.2682926829268293,0.5853658536585366,0.3170731707317073,0.5,0.5853658536585366,0.6219512195121951,0.34146341463414637,0.6585365853658537,0.47560975609756095,0.5609756097560976,0.3048780487804878,0.524390243902439,0.7195121951219512
4,375,5,0.14711853309522638,0.5121951219512195,0.4268292682926829,0.34146341463414637,0.524390243902439,0.524390243902439,0.45121951219512196,0.8414634146341463,0.4634146341463415,0.35365853658536583,0.4878048780487805,0.35365853658536583,0.47560975609756095,0.6097560975609756,0.5487804878048781,0.4878048780487805,0.6707317073170732,0.2073170731707317,0.2804878048780488,0.5853658536585366,0.36585365853658536,0.6463414634146342,0.5,0.5121951219512195,0.4268292682926829,0.6585365853658537,0.4634146341463415,0.43902439024390244,0.2926829268292683,0.7804878048780488,0.7682926829268293
4,375,6,0.17061552376682504,0.4878048780487805,0.2682926829268293,0.524390243902439,0.4024390243902439,0.4024390243902439,0.2926829268292683,0.7560975609756098,0.32926829268292684,0.35365853658536583,0.23170731707317074,0.4878048780487805,0.7073170731707317,0.5975609756097561,0.6341463414634146,0.6585365853658537,0.43902439024390244,0.5,0.3048780487804878,0.4146341463414634,0.23170731707317074,0.7317073170731707,0.45121951219512196,0.45121951219512196,0.5365853658536586,0.5,0.8780487804878049,0.5121951219512195,0.4146341463414634,0.6585365853658537,0.8414634146341463
4,375,7,0.14232287278922107,0.5487804878048781,0.5853658536585366,0.6707317073170732,0.36585365853658536,0.21951219512195122,0.36585365853658536,0.3902439024390244,0.4634146341463415,0.6829268292682927,0.2682926829268293,0.43902439024390244,0.35365853658536583,0.5853658536585366,0.6707317073170732,0.5975609756097561,0.35365853658536583,0.4634146341463415,0.4268292682926829,0.43902439024390244,0.3170731707317073,0.5975609756097561,0.6341463414634146,0.4146341463414634,0.7926829268292683,0.4634146341463415,0.7195121951219512,0.45121951219512196,0.5365853658536586,0.47560975609756095,0.7073170731707317
4,375,8,0.12583254376351935,0.3780487804878049,0.5975609756097561,0.5,0.7073170731707317,0.5,0.2682926829268293,0.7439024390243902,0.6829268292682927,0.5,0.6219512195121951,0.5121951219512195,0.36585365853658536,0.4146341463414634,0.35365853658536583,0.47560975609756095,0.43902439024390244,0.43902439024390244,0.6829268292682927,0.5365853658536586,0.5,0.7195121951219512,0.4878048780487805,0.4024390243902439,0.5121951219512195,0.4634146341463415,0.47560975609756095,0.5,0.6219512195121951,0.2804878048780488,0.3170731707317073
4,375,9,0.12579314105587927,0.4634146341463415,0.573170731707317,0.4634146341463415,0.6951219512195121,0.5487804878048781,0.35365853658536583,0.3170731707317073,0.6951219512195121,0.34146341463414637,0.5121951219512195,0.5853658536585366,0.4634146341463415,0.4634146341463415,0.35365853658536583,0.3902439024390244,0.5121951219512195,0.6951219512195121,0.6707317073170732,0.5853658536585366,0.6341463414634146,0.5975609756097561,0.5975609756097561,0.24390243902439024,0.45121951219512196,0.45121951219512196,0.3902439024390244,0.3170731707317073,0.5975609756097561,0.4024390243902439,0.6341463414634146
0,400,0,0.16759606027881316,0.6951219512195121,0.6951219512195121,0.2682926829268293,0.6219512195121951,0.3780487804878049,0.524390243902439,0.524390243902439,0.2804878048780488,0.524390243902439,0.32926829268292684,0.4024390243902439,0.34146341463414637,0.3170731707317073,0.524390243902439,0.573170731707317,0.7682926829268293,0.524390243902439,0.3170731707317073,0.6097560975609756,0.6097560975609756,0.7439024390243902,0.6951219512195121,0.7926829268292683,0.4268292682926829,0.5853658536585366,0.24390243902439024,0.4146341463414634,0.6951219512195121,0.3170731707317073,0.25609756097560976
0,400,1,0.16245928729303613,0.573170731707317,0.6341463414634146,0.2804878048780488,0.6219512195121951,0.5,0.43902439024390244,0.32926829268292684,0.3780487804878049,0.35365853658536583,0.524390243902439,0.3048780487804878,0.4024390243902439,0.7560975609756098,0.43902439024390244,0.45121951219512196,0.7317073170731707,0.6585365853658537,0.25609756097560976,0.2804878048780488,0.7439024390243902,0.7682926829268293,0.5487804878048781,0.6097560975609756,0.24390243902439024,0.2926829268292683,0.524390243902439,0.5365853658536586,0.7682926829268293,0.5121951219512195,0.5365853658536586
0,400,2,0.1370346848729157,0.4268292682926829,0.5,0.3780487804878049,0.35365853658536583,0.5609756097560976,0.43902439024390244,0.5,0.5609756097560976,0.8048780487804879,0.47560975609756095,0.2926829268292683,0.43902439024390244,0.45121951219512196,0.4268292682926829,0.35365853658536583,0.6707317073170732,0.8170731707317073,0.4024390243902439,0.36585365853658536,0.5121951219512195,0.4146341463414634,0.524390243902439,0.5609756097560976,0.5121951219512195,0.34146341463414637,0.8048780487804879,0.5853658536585366,0.6585365853658537,0.5121951219512195,0.35365853658536583
0,400,3,0.16628947999214472,0.34146341463414637,0.6341463414634146,0.35365853658536583,0.23170731707317074,0.4878048780487805,0.5487804878048781,0.43902439024390244,0.6707317073170732,0.8414634146341463,0.3780487804878049,0.4878048780487805,0.5487804878048781,0.43902439024390244,0.4146341463414634,0.3048780487804878,0.3048780487804878,0.8780487804878049,0.524390243902439,0.3780487804878049,0.3780487804878049,0.36585365853658536,0.4634146341463415,0.2682926829268293,0.573170731707317,0.45121951219512196,0.7560975609756098,0.7682926829268293,0.5365853658536586,0.524390243902439,0.7073170731707317
0,400,4,0.16646825389791275,0.2682926829268293,0.7073170731707317,0.3902439024390244,0.25609756097560976,0.4634146341463415,0.5487804878048781,0.2804878048780488,0.6341463414634146,0.9146341463414634,0.4024390243902439,0.4634146341463415,0.7073170731707317,0.3780487804878049,0.36585365853658536,0.4024390243902439,0.3780487804878049,0.8048780487804879,0.5365853658536586,0.45121951219512196,0.3048780487804878,0.573170731707317,0.6219512195121951,0.2804878048780488,0.43902439024390244,0.5609756097560976,0.5853658536585366,0.7195121951219512,0.5121951219512195,0.3780487804878049,0.6707317073170732
0,400,5,0.14364038423833467,0.25609756097560976,0.6341463414634146,0.5121951219512195,0.4024390243902439,0.4634146341463415,0.6341463414634146,0.4268292682926829,0.32926829268292684,0.6097560975609756,0.5487804878048781,0.5853658536585366,0.6219512195121951,0.3902439024390244,0.5853658536585366,0.5853658536585366,0.3902439024390244,0.8048780487804879,0.5975609756097561,0.5609756097560976,0.6341463414634146,0.4878048780487805,0.5609756097560976,0.13414634146341464,0.35365853658536583,0.5609756097560976,0.5,0.36585365853658536,0.25609756097560976,0.5121951219512195,0.6951219512195121
0,400,6,0.1625508050661155,0.8414634146341463,0.6707317073170732,0.5487804878048781,0.4634146341463415,0.4268292682926829,0.3902439024390244,0.24390243902439024,0.32926829268292684,0.4878048780487805,0.7195121951219512,0.7195121951219512,0.47560975609756095,0.47560975609756095,0.45121951219512196,0.4878048780487805,0.2682926829268293,0.18292682926829268,0.3902439024390244,0.5,0.45121951219512196,0.5853658536585366,0.6951219512195121,0.4024390243902439,0.24390243902439024,0.5975609756097561,0.6097560975609756,0.6219512195121951,0.6951219512195121,0.32926829268292684,0.6951219512195121
0,400,7,0.14812597604370897,0.7682926829268293,0.2804878048780488,0.34146341463414637,0.5487804878048781,0.4024390243902439,0.4268292682926829,0.2804878048780488,0.6341463414634146,0.5853658536585366,0.6585365853658537,0.6463414634146342,0.36585365853658536,0.7195121951219512,0.5609756097560976,0.4634146341463415,0.5,0.14634146341463414,0.5121951219512195,0.36585365853658536,0.6585365853658537,0.5365853658536586,0.4268292682926829,0.43902439024390244,0.5487804878048781,0.4146341463414634,0.5975609756097561,0.6951219512195121,0.6219512195121951,0.573170731707317,0.2804878048780488
0,400,8,0.1505821870030893,0.2926829268292683,0.32926829268292684,0.3902439024390244,0.47560975609756095,0.5609756097560976,0.6463414634146342,0.3902439024390244,0.5,0.7926829268292683,0.5121951219512195,0.2682926829268293,0.5853658536585366,0.5365853658536586,0.8658536585365854,0.4878048780487805,0.4634146341463415,0.2804878048780488,0.5609756097560976,0.7439024390243902,0.5487804878048781,0.4634146341463415,0.36585365853658536,0.6097560975609756,0.5609756097560976,0.3902439024390244,0.34146341463414637,0.573170731707317,0.7073170731707317,0.45121951219512196,0.3048780487804878
0,400,9,0.18151214486882147,0.3170731707317073,0.5853658536585366,0.2682926829268293,0.24390243902439024,0.4634146341463415,0.6707317073170732,0.5121951219512195,0.6341463414634146,0.8414634146341463,0.3780487804878049,0.32926829268292684,0.2073170731707317,0.7560975609756098,0.7195121951219512,0.5487804878048781,0.573170731707317,0.4024390243902439,0.3048780487804878,0.8414634146341463,0.2926829268292683,0.36585365853658536,0.2926829268292683,0.573170731707317,0.45121951219512196,0.6585365853658537,0.5121951219512195,0.4146341463414634,0.8170731707317073,0.47560975609756095,0.5487804878048781
1,400,0,0.1953758510682588,0.8536585365853658,0.3170731707317073,0.23170731707317074,0.5365853658536586,0.8048780487804879,0.6585365853658537,0.5487804878048781,0.23170731707317074,0.35365853658536583,0.23170731707317074,0.5975609756097561,0.32926829268292684,0.6463414634146342,0.35365853658536583,0.6829268292682927,0.7195121951219512,0.8170731707317073,0.6463414634146342,0.573170731707317,0.2682926829268293,0.35365853658536583,0.6097560975609756,0.4634146341463415,0.5609756097560976,0.3902439024390244,0.3048780487804878,0.8292682926829268,0.5,0.2804878048780488,0.3048780487804878
1,400,1,0.1926160221397213,0.5487804878048781,0.45121951219512196,0.3048780487804878,0.4268292682926829,0.43902439024390244,0.7073170731707317,0.7804878048780488,0.34146341463414637,0.5,0.25609756097560976,0.5853658536585366,0.3780487804878049,0.5853658536585366,0.2682926829268293,0.5975609756097561,0.6341463414634146,0.9146341463414634,0.7073170731707317,0.6219512195121951,0.2682926829268293,0.18292682926829268,0.5975609756097561,0.7195121951219512,0.3780487804878049,0.4024390243902439,0.1951219512195122,0.8902439024390244,0.4268292682926829,0.5487804878048781,0.34146341463414637
1,400,2,0.18978995246302974,0.7317073170731707,0.4878048780487805,0.1951219512195122,0.32926829268292684,0.3048780487804878,0.524390243902439,0.8414634146341463,0.4268292682926829,0.36585365853658536,0.3780487804878049,0.43902439024390244,0.2804878048780488,0.573170731707317,0.6463414634146342,0.7317073170731707,0.36585365853658536,0.2804878048780488,0.4634146341463415,0.6341463414634146,0.35365853658536583,0.2682926829268293,0.6463414634146342,0.6951219512195121,0.6707317073170732,0.8902439024390244,0.5609756097560976,0.8292682926829268,0.4146341463414634,0.3780487804878049,0.2926829268292683
1,400,3,0.15999950426256732,0.6219512195121951,0.8170731707317073,0.25609756097560976,0.4146341463414634,0.25609756097560976,0.5853658536585366,0.5975609756097561,0.43902439024390244,0.3780487804878049,0.3902439024390244,0.4024390243902439,0.5121951219512195,0.35365853658536583,0.6097560975609756,0.4634146341463415,0.2682926829268293,0.36585365853658536,0.4268292682926829,0.6585365853658537,0.7073170731707317,0.7439024390243902,0.573170731707317,0.45121951219512196,0.6341463414634146,0.8292682926829268,0.5853658536585366,0.4146341463414634,0.23170731707317074,0.573170731707317,0.43902439024390244
1,400,4,0.17831587050179745,0.4024390243902439,0.8780487804878049,0.4024390243902439,0.3170731707317073,0.32926829268292684,0.5975609756097561,0.5,0.3048780487804878,0.36585365853658536,0.6341463414634146,0.4268292682926829,0.6707317073170732,0.7439024390243902,0.524390243902439,0.5121951219512195,0.25609756097560976,0.5975609756097561,0.4024390243902439,0.4024390243902439,0.5365853658536586,0.8170731707317073,0.3048780487804878,0.5121951219512195,0.7073170731707317,0.9146341463414634,0.4878048780487805,0.4024390243902439,0.2073170731707317,0.4268292682926829,0.4146341463414634
1,400,5,0.17661186523532232,0.3780487804878049,0.9024390243902439,0.4634146341463415,0.3048780487804878,0.43902439024390244,0.5121951219512195,0.45121951219512196,0.3048780487804878,0.2804878048780488,0.5121951219512195,0.45121951219512196,0.7439024390243902,0.4634146341463415,0.7317073170731707,0.17073170731707318,0.4024390243902439,0.5853658536585366,0.4146341463414634,0.6829268292682927,0.7682926829268293,0.7682926829268293,0.4268292682926829,0.4024390243902439,0.524390243902439,0.8292682926829268,0.5609756097560976,0.32926829268292684,0.34146341463414637,0.36585365853658536,0.4878048780487805
1,400,6,0.17000425744980882,0.3780487804878049,0.8536585365853658,0.6707317073170732,0.23170731707317074,0.43902439024390244,0.3902439024390244,0.4878048780487805,0.7560975609756098,0.5487804878048781,0.34146341463414637,0.35365853658536583,0.5,0.5,0.43902439024390244,0.23170731707317074,0.6585365853658537,0.5975609756097561,0.7195121951219512,0.6463414634146342,0.4878048780487805,0.6463414634146342,0.34146341463414637,0.3048780487804878,0.4878048780487805,0.7682926829268293,0.3048780487804878,0.6341463414634146,0.6585365853658537,0.25609756097560976,0.36585365853658536
1,400,7,0.163463164738887,0.4146341463414634,0.36585365853658536,0.6219512195121951,0.45121951219512196,0.43902439024390244,0.9634146341463414,0.573170731707317,0.6463414634146342,0.45121951219512196,0.4146341463414634,0.2804878048780488,0.47560975609756095,0.6341463414634146,0.35365853658536583,0.3902439024390244,0.7195121951219512,0.5609756097560976,0.6707317073170732,0.3048780487804878,0.5487804878048781,0.7682926829268293,0.6097560975609756,0.5487804878048781,0.47560975609756095,0.1951219512195122,0.35365853658536583,0.5,0.6219512195121951,0.36585365853658536,0.2804878048780488
1,400,8,0.14590041940144974,0.47560975609756095,0.5609756097560976,0.45121951219512196,0.7682926829268293,0.4634146341463415,0.34146341463414637,0.7195121951219512,0.6463414634146342,0.4268292682926829,0.35365853658536583,0.3048780487804878,0.35365853658536583,0.34146341463414637,0.7560975609756098,0.43902439024390244,0.5975609756097561,0.36585365853658536,0.45121951219512196,0.5853658536585366,0.5365853658536586,0.7439024390243902,0.5121951219512195,0.6463414634146342,0.34146341463414637,0.5,0.524390243902439,0.24390243902439024,0.7073170731707317,0.5121951219512195,0.32926829268292684
1,400,9,0.11110284852614999,0.5975609756097561,0.524390243902439,0.524390243902439,0.5487804878048781,0.4268292682926829,0.23170731707317074,0.6219512195121951,0.524390243902439,0.24390243902439024,0.6097560975609756,0.5121951219512195,0.5609756097560976,0.32926829268292684,0.4634146341463415,0.5975609756097561,0.573170731707317,0.5365853658536586,0.47560975609756095,0.6219512195121951,0.3170731707317073,0.6219512195121951,0.4146341463414634,0.6097560975609756,0.4024390243902439,0.5609756097560976,0.5609756097560976,0.4146341463414634,0.5975609756097561,0.3902439024390244,0.5853658536585366
2,400,0,0.20095449411529923,0.573170731707317,0.34146341463414637,0.4634146341463415,0.2926829268292683,0.6707317073170732,0.6097560975609756,0.3780487804878049,0.8048780487804879,0.4024390243902439,0.1951219512195122,0.6829268292682927,0.25609756097560976,0.24390243902439024,0.5487804878048781,0.6097560975609756,0.3048780487804878,0.5487804878048781,0.4024390243902439,0.8048780487804879,0.8170731707317073,0.2804878048780488,0.35365853658536583,0.524390243902439,0.6341463414634146,0.8170731707317073,0.9512195121951219,0.3048780487804878,0.34146341463414637,0.4024390243902439,0.43902439024390244
2,400,1,0.1779540899782751,0.6829268292682927,0.3780487804878049,0.524390243902439,0.43902439024390244,0.7682926829268293,0.4878048780487805,0.25609756097560976,0.8292682926829268,0.4268292682926829,0.3048780487804878,0.6951219512195121,0.34146341463414637,0.4146341463414634,0.34146341463414637,0.6463414634146342,0.32926829268292684,0.6585365853658537,0.3902439024390244,0.8048780487804879,0.6097560975609756,0.573170731707317,0.35365853658536583,0.4024390243902439,0.47560975609756095,0.25609756097560976,0.9390243902439024,0.4024390243902439,0.3902439024390244,0.5,0.3780487804878049
2,400,2,0.18403458623636956,0.5853658536585366,0.3902439024390244,0.2926829268292683,0.43902439024390244,0.5975609756097561,0.43902439024390244,0.36585365853658536,0.5853658536585366,0.4024390243902439,0.7804878048780488,0.6219512195121951,0.25609756097560976,0.6463414634146342,0.3902439024390244,0.5121951219512195,0.5,0.6829268292682927,0.2926829268292683,0.6951219512195121,0.5365853658536586,0.7073170731707317,0.6829268292682927,0.2073170731707317,0.4268292682926829,0.2682926829268293,0.9634146341463414,0.2926829268292683,0.2926829268292683,0.7560975609756098,0.3902439024390244
2,400,3,0.19379630986280058,0.6951219512195121,0.524390243902439,0.524390243902439,0.4634146341463415,0.35365853658536583,0.2073170731707317,0.524390243902439,0.1951219512195122,0.4268292682926829,0.8902439024390244,0.4268292682926829,0.6341463414634146,0.7439024390243902,0.2682926829268293,0.6463414634146342,0.43902439024390244,0.7073170731707317,0.4146341463414634,0.43902439024390244,0.23170731707317074,0.6341463414634146,0.8170731707317073,0.3170731707317073,0.4146341463414634,0.4024390243902439,0.9390243902439024,0.4146341463414634,0.45121951219512196,0.5975609756097561,0.25609756097560976
2,400,4,0.1657819070045505,0.5853658536585366,0.573170731707317,0.4268292682926829,0.2926829268292683,0.24390243902439024,0.5,0.6951219512195121,0.2804878048780488,0.5,0.7926829268292683,0.34146341463414637,0.5853658536585366,0.7682926829268293,0.4024390243902439,0.3902439024390244,0.524390243902439,0.5121951219512195,0.6341463414634146,0.3902439024390244,0.3780487804878049,0.6707317073170732,0.6829268292682927,0.524390243902439,0.4268292682926829,0.5,0.9390243902439024,0.4024390243902439,0.3902439024390244,0.3902439024390244,0.25609756097560976
2,400,5,0.15038452926704696,0.5487804878048781,0.7073170731707317,0.8780487804878049,0.2682926829268293,0.5,0.5487804878048781,0.6219512195121951,0.5,0.35365853658536583,0.45121951219512196,0.3048780487804878,0.5365853658536586,0.7195121951219512,0.45121951219512196,0.23170731707317074,0.6585365853658537,0.2804878048780488,0.7317073170731707,0.4634146341463415,0.47560975609756095,0.23170731707317074,0.524390243902439,0.4634146341463415,0.47560975609756095,0.5487804878048781,0.5365853658536586,0.47560975609756095,0.6341463414634146,0.4268292682926829,0.45121951219512196
2,400,6,0.1126537110613904,0.6341463414634146,0.6341463414634146,0.4146341463414634,0.35365853658536583,0.5487804878048781,0.34146341463414637,0.47560975609756095,0.47560975609756095,0.4268292682926829,0.25609756097560976,0.7317073170731707,0.45121951219512196,0.6219512195121951,0.4024390243902439,0.5121951219512195,0.573170731707317,0.5121951219512195,0.6463414634146342,0.524390243902439,0.4268292682926829,0.4268292682926829,0.5,0.3780487804878049,0.5487804878048781,0.4634146341463415,0.4634146341463415,0.6463414634146342,0.6097560975609756,0.34146341463414637,0.6585365853658537
2,400,7,0.1485937786214917,0.7804878048780488,0.5609756097560976,0.3170731707317073,0.4268292682926829,0.5853658536585366,0.4634146341463415,0.36585365853658536,0.4634146341463415,0.3048780487804878,0.3902439024390244,0.8170731707317073,0.5609756097560976,0.4634146341463415,0.45121951219512196,0.6829268292682927,0.573170731707317,0.47560975609756095,0.7682926829268293,0.5365853658536586,0.4024390243902439,0.5365853658536586,0.43902439024390244,0.4878048780487805,0.5975609756097561,0.32926829268292684,0.23170731707317074,0.7317073170731707,0.36585365853658536,0.3048780487804878,0.5853658536585366
2,400,8,0.1280584587902629,0.5853658536585366,0.5365853658536586,0.4634146341463415,0.7560975609756098,0.47560975609756095,0.43902439024390244,0.35365853658536583,0.47560975609756095,0.4146341463414634,0.45121951219512196,0.8048780487804879,0.3780487804878049,0.4268292682926829,0.4146341463414634,0.5365853658536586,0.524390243902439,0.5487804878048781,0.4024390243902439,0.5609756097560976,0.34146341463414637,0.5853658536585366,0.6463414634146342,0.4268292682926829,0.4146341463414634,0.5853658536585366,0.2804878048780488,0.8048780487804879,0.4146341463414634,0.573170731707317,0.3780487804878049
2,400,9,0.1367087131772377,0.5609756097560976,0.3902439024390244,0.5487804878048781,0.5609756097560976,0.43902439024390244,0.2073170731707317,0.5487804878048781,0.47560975609756095,0.4024390243902439,0.34146341463414637,0.4634146341463415,0.25609756097560976,0.6341463414634146,0.47560975609756095,0.7439024390243902,0.6463414634146342,0.36585365853658536,0.7560975609756098,0.7439024390243902,0.6829268292682927,0.5365853658536586,0.34146341463414637,0.5365853658536586,0.34146341463414637,0.47560975609756095,0.6341463414634146,0.4878048780487805,0.4634146341463415,0.47560975609756095,0.4634146341463415
3,400,0,0.2096473531692175,0.2926829268292683,0.3780487804878049,0.4146341463414634,0.14634146341463414,0.2926829268292683,0.6951219512195121,0.4268292682926829,0.5853658536585366,0.21951219512195122,0.7439024390243902,0.7560975609756098,0.573170731707317,0.6829268292682927,0.3902439024390244,0.5121951219512195,0.3048780487804878,0.7439024390243902,0.3902439024390244,0.43902439024390244,0.36585365853658536,0.6829268292682927,0.3048780487804878,0.8658536585365854,0.25609756097560976,0.4146341463414634,0.21951219512195122,0.6829268292682927,0.5365853658536586,0.7195121951219512,0.9634146341463414
3,400,1,0.19849722947452458,0.35365853658536583,0.3902439024390244,0.4634146341463415,0.8902439024390244,0.21951219512195122,0.5853658536585366,0.47560975609756095,0.25609756097560976,0.36585365853658536,0.4024390243902439,0.8048780487804879,0.6585365853658537,0.7560975609756098,0.524390243902439,0.2682926829268293,0.3780487804878049,0.7439024390243902,0.4024390243902439,0.47560975609756095,0.2926829268292683,0.4878048780487805,0.2682926829268293,0.7926829268292683,0.25609756097560976,0.36585365853658536,0.34146341463414637,0.7560975609756098,0.6097560975609756,0.8658536585365854,0.5487804878048781
3,400,2,0.17761948468699018,0.25609756097560976,0.23170731707317074,0.4878048780487805,0.9512195121951219,0.3048780487804878,0.5487804878048781,0.3780487804878049,0.4146341463414634,0.32926829268292684,0.3170731707317073,0.6219512195121951,0.7560975609756098,0.7195121951219512,0.6463414634146342,0.3780487804878049,0.524390243902439,0.573170731707317,0.45121951219512196,0.21951219512195122,0.4146341463414634,0.3780487804878049,0.5609756097560976,0.5853658536585366,0.573170731707317,0.45121951219512196,0.2804878048780488,0.7073170731707317,0.4878048780487805,0.7195121951219512,0.7317073170731707
3,400,3,0.16933224348985154,0.7560975609756098,0.4268292682926829,0.45121951219512196,0.926829268292683,0.6097560975609756,0.23170731707317074,0.4878048780487805,0.43902439024390244,0.573170731707317,0.4878048780487805,0.4146341463414634,0.7195121951219512,0.32926829268292684,0.5,0.4268292682926829,0.4268292682926829,0.4146341463414634,0.23170731707317074,0.47560975609756095,0.36585365853658536,0.2926829268292683,0.6341463414634146,0.6585365853658537,0.5487804878048781,0.5853658536585366,0.6951219512195121,0.5609756097560976,0.2682926829268293,0.7804878048780488,0.2804878048780488
3,400,4,0.19033768795245531,0.7195121951219512,0.4634146341463415,0.5121951219512195,0.9634146341463414,0.5121951219512195,0.2682926829268293,0.24390243902439024,0.4878048780487805,0.6951219512195121,0.45121951219512196,0.4146341463414634,0.8414634146341463,0.23170731707317074,0.5487804878048781,0.35365853658536583,0.25609756097560976,0.35365853658536583,0.3902439024390244,0.5,0.4878048780487805,0.32926829268292684,0.6951219512195121,0.6341463414634146,0.4878048780487805,0.6707317073170732,0.7560975609756098,0.45121951219512196,0.2804878048780488,0.7439024390243902,0.25609756097560976
3,400,5,0.1772003395625043,0.7439024390243902,0.573170731707317,0.524390243902439,0.9146341463414634,0.7560975609756098,0.2073170731707317,0.43902439024390244,0.3902439024390244,0.3780487804878049,0.8780487804878049,0.3170731707317073,0.6707317073170732,0.5121951219512195,0.17073170731707318,0.573170731707317,0.36585365853658536,0.4634146341463415,0.5121951219512195,0.4634146341463415,0.4878048780487805,0.2926829268292683,0.5975609756097561,0.4024390243902439,0.34146341463414637,0.5365853658536586,0.7195121951219512,0.4024390243902439,0.43902439024390244,0.34146341463414637,0.5853658536585366
3,400,6,0.1472532570548642,0.7195121951219512,0.7439024390243902,0.3780487804878049,0.4024390243902439,0.573170731707317,0.43902439024390244,0.6097560975609756,0.2073170731707317,0.3902439024390244,0.5487804878048781,0.6341463414634146,0.524390243902439,0.4878048780487805,0.3170731707317073,0.6463414634146342,0.7439024390243902,0.573170731707317,0.4268292682926829,0.524390243902439,0.47560975609756095,0.25609756097560976,0.524390243902439,0.34146341463414637,0.524390243902439,0.4634146341463415,0.7439024390243902,0.4268292682926829,0.4878048780487805,0.21951219512195122,0.6463414634146342
3,400,7,0.10575357750575025,0.5,0.573170731707317,0.43902439024390244,0.32926829268292684,0.4146341463414634,0.573170731707317,0.524390243902439,0.43902439024390244,0.6097560975609756,0.5,0.4024390243902439,0.36585365853658536,0.5365853658536586,0.5,0.6097560975609756,0.6707317073170732,0.6341463414634146,0.7073170731707317,0.6219512195121951,0.3902439024390244,0.3902439024390244,0.3780487804878049,0.3902439024390244,0.3780487804878049,0.3780487804878049,0.4268292682926829,0.5,0.5975609756097561,0.573170731707317,0.6463414634146342
3,400,8,0.11998413537803748,0.15853658536585366,0.43902439024390244,0.524390243902439,0.3170731707317073,0.6219512195121951,0.7439024390243902,0.6341463414634146,0.6219512195121951,0.573170731707317,0.4878048780487805,0.43902439024390244,0.5121951219512195,0.4634146341463415,0.5609756097560976,0.45121951219512196,0.6097560975609756,0.4268292682926829,0.6707317073170732,0.5121951219512195,0.34146341463414637,0.573170731707317,0.4024390243902439,0.4268292682926829,0.4024390243902439,0.5975609756097561,0.45121951219512196,0.35365853658536583,0.6219512195121951,0.5,0.5609756097560976
3,400,9,0.1426360148020824,0.3902439024390244,0.43902439024390244,0.2926829268292683,0.573170731707317,0.6829268292682927,0.7926829268292683,0.3170731707317073,0.7804878048780488,0.47560975609756095,0.5365853658536586,0.4634146341463415,0.17073170731707318,0.34146341463414637,0.35365853658536583,0.5365853658536586,0.3902439024390244,0.524390243902439,0.6097560975609756,0.4878048780487805,0.5609756097560976,0.6585365853658537,0.4878048780487805,0.45121951219512196,0.6097560975609756,0.35365853658536583,0.36585365853658536,0.524390243902439,0.524390243902439,0.6463414634146342,0.6585365853658537
4,400,0,0.20408771292443392,0.4268292682926829,0.6097560975609756,0.7926829268292683,0.35365853658536583,0.3048780487804878,0.7195121951219512,0.8292682926829268,0.573170731707317,0.2926829268292683,0.7317073170731707,0.43902439024390244,0.1951219512195122,0.3048780487804878,0.43902439024390244,0.7439024390243902,0.4146341463414634,0.2804878048780488,0.5609756097560976,0.7073170731707317,0.25609756097560976,0.17073170731707318,0.35365853658536583,0.6341463414634146,0.3170731707317073,0.6951219512195121,0.8414634146341463,0.4268292682926829,0.7804878048780488,0.2804878048780488,0.524390243902439
4,400,1,0.17067362542822895,0.5609756097560976,0.3902439024390244,0.8536585365853658,0.25609756097560976,0.4146341463414634,0.4878048780487805,0.8536585365853658,0.4146341463414634,0.32926829268292684,0.6341463414634146,0.43902439024390244,0.3170731707317073,0.4024390243902439,0.5609756097560976,0.6585365853658537,0.35365853658536583,0.45121951219512196,0.7560975609756098,0.6463414634146342,0.35365853658536583,0.4146341463414634,0.25609756097560976,0.3780487804878049,0.43902439024390244,0.6707317073170732,0.7926829268292683,0.5609756097560976,0.6219512195121951,0.25609756097560976,0.47560975609756095
4,400,2,0.15454640890186233,0.47560975609756095,0.47560975609756095,0.8170731707317073,0.3170731707317073,0.3780487804878049,0.6585365853658537,0.8536585365853658,0.4024390243902439,0.5,0.34146341463414637,0.4024390243902439,0.5365853658536586,0.5121951219512195,0.4634146341463415,0.5365853658536586,0.18292682926829268,0.35365853658536583,0.6463414634146342,0.5121951219512195,0.47560975609756095,0.7682926829268293,0.4146341463414634,0.34146341463414637,0.45121951219512196,0.32926829268292684,0.573170731707317,0.5121951219512195,0.5975609756097561,0.4146341463414634,0.7560975609756098
4,400,3,0.1601852982143784,0.6219512195121951,0.45121951219512196,0.2804878048780488,0.5975609756097561,0.32926829268292684,0.6097560975609756,0.5975609756097561,0.47560975609756095,0.4146341463414634,0.5975609756097561,0.4024390243902439,0.8170731707317073,0.43902439024390244,0.4268292682926829,0.7439024390243902,0.2682926829268293,0.21951219512195122,0.5853658536585366,0.4268292682926829,0.4634146341463415,0.8170731707317073,0.4268292682926829,0.524390243902439,0.6951219512195121,0.4024390243902439,0.2682926829268293,0.4024390243902439,0.6219512195121951,0.7195121951219512,0.35365853658536583
4,400,4,0.1603399620509426,0.7560975609756098,0.3780487804878049,0.3780487804878049,0.4146341463414634,0.3902439024390244,0.7317073170731707,0.3048780487804878,0.4268292682926829,0.35365853658536583,0.524390243902439,0.3902439024390244,0.7804878048780488,0.7073170731707317,0.4024390243902439,0.5975609756097561,0.4146341463414634,0.4268292682926829,0.5,0.3902439024390244,0.5609756097560976,0.7073170731707317,0.45121951219512196,0.5121951219512195,0.8048780487804879,0.4268292682926829,0.2926829268292683,0.25609756097560976,0.5,0.8170731707317073,0.4024390243902439
4,400,5,0.12464504431058535,0.6951219512195121,0.5975609756097561,0.5121951219512195,0.47560975609756095,0.573170731707317,0.5,0.3048780487804878,0.45121951219512196,0.5853658536585366,0.4878048780487805,0.3902439024390244,0.6097560975609756,0.6341463414634146,0.32926829268292684,0.3902439024390244,0.5487804878048781,0.4146341463414634,0.5487804878048781,0.3902439024390244,0.4024390243902439,0.45121951219512196,0.4634146341463415,0.47560975609756095,0.7195121951219512,0.3780487804878049,0.5975609756097561,0.5121951219512195,0.1951219512195122,0.7560975609756098,0.6097560975609756
4,400,6,0.15387131995695127,0.5121951219512195,0.5365853658536586,0.4024390243902439,0.4146341463414634,0.4634146341463415,0.5365853658536586,0.5365853658536586,0.4024390243902439,0.6097560975609756,0.6219512195121951,0.6097560975609756,0.3902439024390244,0.6951219512195121,0.2682926829268293,0.4878048780487805,0.5975609756097561,0.6707317073170732,0.32926829268292684,0.8170731707317073,0.6951219512195121,0.21951219512195122,0.3048780487804878,0.45121951219512196,0.3902439024390244,0.6463414634146342,0.524390243902439,0.4634146341463415,0.14634146341463414,0.7195121951219512,0.5365853658536586
4,400,7,0.1381157009793946,0.3780487804878049,0.5,0.36585365853658536,0.45121951219512196,0.524390243902439,0.524390243902439,0.6341463414634146,0.23170731707317074,0.43902439024390244,0.5121951219512195,0.524390243902439,0.573170731707317,0.7682926829268293,0.2804878048780488,0.4268292682926829,0.24390243902439024,0.6097560975609756,0.3170731707317073,0.6341463414634146,0.6585365853658537,0.5609756097560976,0.5975609756097561,0.35365853658536583,0.573170731707317,0.36585365853658536,0.5853658536585366,0.5,0.6707317073170732,0.7439024390243902,0.45121951219512196
4,400,8,0.15364563115246313,0.43902439024390244,0.4878048780487805,0.5853658536585366,0.4878048780487805,0.4878048780487805,0.6707317073170732,0.7317073170731707,0.5,0.43902439024390244,0.45121951219512196,0.7073170731707317,0.6829268292682927,0.35365853658536583,0.4878048780487805,0.45121951219512196,0.6341463414634146,0.4024390243902439,0.5,0.8658536585365854,0.7195121951219512,0.34146341463414637,0.21951219512195122,0.3780487804878049,0.4634146341463415,0.17073170731707318,0.4024390243902439,0.35365853658536583,0.6585365853658537,0.5365853658536586,0.3902439024390244
4,400,9,0.127047966540602,0.47560975609756095,0.5,0.5,0.6707317073170732,0.3048780487804878,0.6097560975609756,0.5609756097560976,0.5609756097560976,0.3780487804878049,0.6585365853658537,0.6463414634146342,0.4268292682926829,0.6707317073170732,0.47560975609756095,0.5121951219512195,0.5975609756097561,0.5853658536585366,0.4268292682926829,0.7073170731707317,0.2926829268292683,0.3780487804878049,0.5487804878048781,0.5487804878048781,0.24390243902439024,0.45121951219512196,0.5487804878048781,0.2682926829268293,0.6219512195121951,0.5121951219512195,0.3170731707317073
0,425,0,0.17928626645142792,0.4634146341463415,0.8170731707317073,0.3048780487804878,0.3170731707317073,0.34146341463414637,0.36585365853658536,0.45121951219512196,0.3780487804878049,0.3780487804878049,0.4268292682926829,0.4268292682926829,0.5,0.7439024390243902,0.7317073170731707,0.24390243902439024,0.5853658536585366,0.6341463414634146,0.21951219512195122,0.5365853658536586,0.2682926829268293,0.32926829268292684,0.6463414634146342,0.7560975609756098,0.8170731707317073,0.3902439024390244,0.5975609756097561,0.6585365853658537,0.7926829268292683,0.5121951219512195,0.36585365853658536
0,425,1,0.14200904027326475,0.35365853658536583,0.6585365853658537,0.4268292682926829,0.3902439024390244,0.6341463414634146,0.36585365853658536,0.47560975609756095,0.34146341463414637,0.3170731707317073,0.6463414634146342,0.4878048780487805,0.5121951219512195,0.5,0.7804878048780488,0.35365853658536583,0.6097560975609756,0.5365853658536586,0.32926829268292684,0.6463414634146342,0.43902439024390244,0.36585365853658536,0.7073170731707317,0.4268292682926829,0.7317073170731707,0.32926829268292684,0.6829268292682927,0.6219512195121951,0.6219512195121951,0.3780487804878049,0.32926829268292684
0,425,2,0.139330713731806,0.7073170731707317,0.7195121951219512,0.36585365853658536,0.4878048780487805,0.6829268292682927,0.4634146341463415,0.35365853658536583,0.4024390243902439,0.36585365853658536,0.6219512195121951,0.4024390243902439,0.4146341463414634,0.6219512195121951,0.4268292682926829,0.32926829268292684,0.5121951219512195,0.4146341463414634,0.8414634146341463,0.5975609756097561,0.7317073170731707,0.2804878048780488,0.5975609756097561,0.3170731707317073,0.3902439024390244,0.4024390243902439,0.5121951219512195,0.5121951219512195,0.5609756097560976,0.43902439024390244,0.524390243902439
0,425,3,0.15018661139765174,0.36585365853658536,0.32926829268292684,0.6097560975609756,0.3780487804878049,0.8414634146341463,0.7439024390243902,0.5,0.32926829268292684,0.5853658536585366,0.6463414634146342,0.43902439024390244,0.23170731707317074,0.5365853658536586,0.5,0.573170731707317,0.3780487804878049,0.4634146341463415,0.7926829268292683,0.573170731707317,0.5609756097560976,0.5853658536585366,0.7195121951219512,0.3902439024390244,0.34146341463414637,0.5365853658536586,0.4024390243902439,0.25609756097560976,0.43902439024390244,0.4146341463414634,0.5365853658536586
0,425,4,0.15367789270266696,0.34146341463414637,0.524390243902439,0.5853658536585366,0.2682926829268293,0.8414634146341463,0.7195121951219512,0.45121951219512196,0.47560975609756095,0.4878048780487805,0.6097560975609756,0.4024390243902439,0.35365853658536583,0.4146341463414634,0.4634146341463415,0.5609756097560976,0.35365853658536583,0.45121951219512196,0.8780487804878049,0.6585365853658537,0.7317073170731707,0.6707317073170732,0.34146341463414637,0.43902439024390244,0.4146341463414634,0.5609756097560976,0.36585365853658536,0.2926829268292683,0.36585365853658536,0.43902439024390244,0.5365853658536586
0,425,5,0.12150324223773282,0.32926829268292684,0.3170731707317073,0.8414634146341463,0.3780487804878049,0.5365853658536586,0.6463414634146342,0.5975609756097561,0.5975609756097561,0.47560975609756095,0.524390243902439,0.3048780487804878,0.5853658536585366,0.43902439024390244,0.3048780487804878,0.573170731707317,0.5121951219512195,0.5487804878048781,0.5365853658536586,0.6463414634146342,0.45121951219512196,0.6463414634146342,0.45121951219512196,0.5975609756097561,0.5,0.4146341463414634,0.5,0.43902439024390244,0.36585365853658536,0.36585365853658536,0.573170731707317
0,425,6,0.13024633839566047,0.35365853658536583,0.47560975609756095,0.8170731707317073,0.32926829268292684,0.34146341463414637,0.5609756097560976,0.5975609756097561,0.5487804878048781,0.4146341463414634,0.3170731707317073,0.43902439024390244,0.6341463414634146,0.3902439024390244,0.5609756097560976,0.4268292682926829,0.5609756097560976,0.4878048780487805,0.524390243902439,0.32926829268292684,0.3048780487804878,0.4878048780487805,0.5853658536585366,0.6463414634146342,0.7073170731707317,0.32926829268292684,0.47560975609756095,0.4634146341463415,0.6219512195121951,0.573170731707317,0.6951219512195121
0,425,7,0.13477311079741203,0.6951219512195121,0.5,0.8658536585365854,0.45121951219512196,0.45121951219512196,0.47560975609756095,0.35365853658536583,0.4878048780487805,0.3902439024390244,0.14634146341463414,0.4634146341463415,0.6219512195121951,0.47560975609756095,0.524390243902439,0.6097560975609756,0.5121951219512195,0.45121951219512196,0.2804878048780488,0.5365853658536586,0.6219512195121951,0.43902439024390244,0.6097560975609756,0.4634146341463415,0.573170731707317,0.2804878048780488,0.6707317073170732,0.4634146341463415,0.4634146341463415,0.524390243902439,0.5975609756097561
0,425,8,0.14748872786190015,0.6585365853658537,0.5975609756097561,0.7682926829268293,0.43902439024390244,0.47560975609756095,0.45121951219512196,0.23170731707317074,0.5,0.6341463414634146,0.34146341463414637,0.6463414634146342,0.3780487804878049,0.6341463414634146,0.47560975609756095,0.524390243902439,0.6585365853658537,0.23170731707317074,0.23170731707317074,0.47560975609756095,0.7439024390243902,0.6463414634146342,0.5487804878048781,0.34146341463414637,0.4146341463414634,0.6097560975609756,0.47560975609756095,0.5487804878048781,0.34146341463414637,0.6341463414634146,0.34146341463414637
0,425,9,0.13440477692803468,0.8048780487804879,0.36585365853658536,0.3902439024390244,0.5,0.7926829268292683,0.2804878048780488,0.6341463414634146,0.4024390243902439,0.4878048780487805,0.5487804878048781,0.5609756097560976,0.4146341463414634,0.5853658536585366,0.45121951219512196,0.5121951219512195,0.47560975609756095,0.23170731707317074,0.4878048780487805,0.5487804878048781,0.6463414634146342,0.5365853658536586,0.4024390243902439,0.3048780487804878,0.4024390243902439,0.6341463414634146,0.34146341463414637,0.6585365853658537,0.4634146341463415,0.5487804878048781,0.5853658536585366
1,425,0,0.18800538341214923,0.7439024390243902,0.3048780487804878,0.6097560975609756,0.7317073170731707,0.6097560975609756,0.5853658536585366,0.7560975609756098,0.8170731707317073,0.35365853658536583,0.2926829268292683,0.2682926829268293,0.43902439024390244,0.32926829268292684,0.23170731707317074,0.524390243902439,0.2804878048780488,0.3048780487804878,0.524390243902439,0.21951219512195122,0.2926829268292683,0.7073170731707317,0.6707317073170732,0.32926829268292684,0.6829268292682927,0.5853658536585366,0.5975609756097561,0.5,0.7682926829268293,0.3048780487804878,0.6341463414634146
1,425,1,0.20408771292443392,0.7926829268292683,0.23170731707317074,0.5975609756097561,0.8536585365853658,0.5365853658536586,0.6219512195121951,0.8780487804878049,0.7560975609756098,0.35365853658536583,0.2926829268292683,0.3170731707317073,0.3048780487804878,0.3170731707317073,0.2073170731707317,0.47560975609756095,0.3780487804878049,0.4024390243902439,0.9146341463414634,0.3048780487804878,0.32926829268292684,0.6951219512195121,0.6219512195121951,0.2682926829268293,0.6951219512195121,0.5121951219512195,0.6097560975609756,0.32926829268292684,0.47560975609756095,0.35365853658536583,0.573170731707317
1,425,2,0.2139540222031236,0.8048780487804879,0.32926829268292684,0.3780487804878049,0.8902439024390244,0.47560975609756095,0.6829268292682927,0.7317073170731707,0.8414634146341463,0.18292682926829268,0.25609756097560976,0.3780487804878049,0.524390243902439,0.34146341463414637,0.3780487804878049,0.3780487804878049,0.8292682926829268,0.4146341463414634,0.9390243902439024,0.45121951219512196,0.24390243902439024,0.6463414634146342,0.6219512195121951,0.2682926829268293,0.6951219512195121,0.3048780487804878,0.35365853658536583,0.5853658536585366,0.25609756097560976,0.43902439024390244,0.3780487804878049
1,425,3,0.18845310997153034,0.9146341463414634,0.43902439024390244,0.45121951219512196,0.8780487804878049,0.45121951219512196,0.2073170731707317,0.45121951219512196,0.5609756097560976,0.3048780487804878,0.524390243902439,0.1951219512195122,0.45121951219512196,0.7317073170731707,0.45121951219512196,0.2682926829268293,0.8170731707317073,0.3170731707317073,0.7682926829268293,0.36585365853658536,0.4024390243902439,0.5609756097560976,0.6097560975609756,0.36585365853658536,0.5487804878048781,0.47560975609756095,0.4878048780487805,0.7317073170731707,0.21951219512195122,0.5609756097560976,0.4878048780487805
1,425,4,0.18134820190759537,0.24390243902439024,0.7317073170731707,0.43902439024390244,0.8414634146341463,0.2926829268292683,0.3170731707317073,0.36585365853658536,0.6219512195121951,0.32926829268292684,0.6707317073170732,0.3902439024390244,0.573170731707317,0.7804878048780488,0.5,0.3170731707317073,0.9390243902439024,0.34146341463414637,0.7560975609756098,0.43902439024390244,0.35365853658536583,0.4024390243902439,0.5975609756097561,0.3170731707317073,0.43902439024390244,0.4146341463414634,0.45121951219512196,0.7073170731707317,0.36585365853658536,0.6097560975609756,0.45121951219512196
1,425,5,0.17457918015833132,0.5609756097560976,0.573170731707317,0.32926829268292684,0.3048780487804878,0.47560975609756095,0.2682926829268293,0.3902439024390244,0.6341463414634146,0.573170731707317,0.5,0.6585365853658537,0.47560975609756095,0.6707317073170732,0.35365853658536583,0.6463414634146342,0.8780487804878049,0.17073170731707318,0.5,0.47560975609756095,0.45121951219512196,0.32926829268292684,0.6097560975609756,0.8292682926829268,0.2804878048780488,0.36585365853658536,0.35365853658536583,0.6707317073170732,0.8292682926829268,0.4878048780487805,0.35365853658536583
1,425,6,0.13825919785028495,0.7439024390243902,0.524390243902439,0.6341463414634146,0.3902439024390244,0.5365853658536586,0.2804878048780488,0.6219512195121951,0.5853658536585366,0.4024390243902439,0.45121951219512196,0.5365853658536586,0.5365853658536586,0.43902439024390244,0.5487804878048781,0.6463414634146342,0.4268292682926829,0.3048780487804878,0.3780487804878049,0.5365853658536586,0.4634146341463415,0.3780487804878049,0.5609756097560976,0.5121951219512195,0.4634146341463415,0.6341463414634146,0.3048780487804878,0.3902439024390244,0.9512195121951219,0.4024390243902439,0.4146341463414634
1,425,7,0.14832664352254282,0.926829268292683,0.6707317073170732,0.5,0.4024390243902439,0.5487804878048781,0.5121951219512195,0.5487804878048781,0.2804878048780488,0.36585365853658536,0.36585365853658536,0.35365853658536583,0.7439024390243902,0.5853658536585366,0.4024390243902439,0.3780487804878049,0.3780487804878049,0.5121951219512195,0.4268292682926829,0.4268292682926829,0.5975609756097561,0.2682926829268293,0.4024390243902439,0.5365853658536586,0.5853658536585366,0.524390243902439,0.6219512195121951,0.35365853658536583,0.8048780487804879,0.47560975609756095,0.5
1,425,8,0.15293415524263346,0.9024390243902439,0.3170731707317073,0.2804878048780488,0.8414634146341463,0.5853658536585366,0.5487804878048781,0.5975609756097561,0.5609756097560976,0.5121951219512195,0.3780487804878049,0.2804878048780488,0.5853658536585366,0.3048780487804878,0.524390243902439,0.524390243902439,0.5365853658536586,0.4878048780487805,0.4634146341463415,0.7317073170731707,0.47560975609756095,0.32926829268292684,0.5975609756097561,0.3780487804878049,0.34146341463414637,0.5609756097560976,0.5121951219512195,0.3048780487804878,0.6463414634146342,0.4024390243902439,0.4878048780487805
1,425,9,0.14815943949743846,0.8170731707317073,0.34146341463414637,0.524390243902439,0.8048780487804879,0.4878048780487805,0.6219512195121951,0.35365853658536583,0.4634146341463415,0.2682926829268293,0.34146341463414637,0.47560975609756095,0.524390243902439,0.43902439024390244,0.3902439024390244,0.4878048780487805,0.4878048780487805,0.7317073170731707,0.5365853658536586,0.6707317073170732,0.32926829268292684,0.5365853658536586,0.5121951219512195,0.2682926829268293,0.6097560975609756,0.3902439024390244,0.36585365853658536,0.3902439024390244,0.7560975609756098,0.45121951219512196,0.6219512195121951
2,425,0,0.19116931479838453,0.5975609756097561,0.5609756097560976,0.6219512195121951,0.7804878048780488,0.2926829268292683,0.8292682926829268,0.23170731707317074,0.1951219512195122,0.25609756097560976,0.7073170731707317,0.5487804878048781,0.4878048780487805,0.45121951219512196,0.47560975609756095,0.3902439024390244,0.2804878048780488,0.524390243902439,0.6463414634146342,0.25609756097560976,0.5975609756097561,0.7073170731707317,0.6829268292682927,0.24390243902439024,0.34146341463414637,0.3780487804878049,0.4268292682926829,0.5853658536585366,0.3902439024390244,0.9512195121951219,0.5609756097560976
2,425,1,0.17649955243208115,0.6585365853658537,0.6219512195121951,0.6219512195121951,0.6707317073170732,0.5365853658536586,0.6951219512195121,0.45121951219512196,0.3170731707317073,0.3170731707317073,0.7439024390243902,0.3902439024390244,0.24390243902439024,0.4146341463414634,0.3048780487804878,0.2926829268292683,0.2926829268292683,0.34146341463414637,0.7560975609756098,0.4024390243902439,0.4634146341463415,0.47560975609756095,0.5975609756097561,0.7439024390243902,0.34146341463414637,0.45121951219512196,0.36585365853658536,0.43902439024390244,0.4268292682926829,0.975609756097561,0.6463414634146342
2,425,2,0.19179066848919427,0.2804878048780488,0.47560975609756095,0.32926829268292684,0.5487804878048781,0.7560975609756098,0.8170731707317073,0.5975609756097561,0.4878048780487805,0.4878048780487805,0.6951219512195121,0.2804878048780488,0.3048780487804878,0.2926829268292683,0.4634146341463415,0.7195121951219512,0.5,0.34146341463414637,0.6707317073170732,0.3048780487804878,0.3780487804878049,0.8414634146341463,0.35365853658536583,0.6341463414634146,0.4268292682926829,0.47560975609756095,0.34146341463414637,0.34146341463414637,0.2682926829268293,1.0,0.5853658536585366
2,425,3,0.18513571507473214,0.32926829268292684,0.43902439024390244,0.2804878048780488,0.47560975609756095,0.5609756097560976,0.5975609756097561,0.2926829268292683,0.5853658536585366,0.8414634146341463,0.23170731707317074,0.3048780487804878,0.4146341463414634,0.524390243902439,0.47560975609756095,0.7682926829268293,0.3048780487804878,0.3902439024390244,0.8048780487804879,0.4878048780487805,0.5121951219512195,0.6951219512195121,0.3902439024390244,0.5853658536585366,0.7195121951219512,0.35365853658536583,0.3170731707317073,0.2682926829268293,0.9634146341463414,0.5487804878048781,0.5365853658536586
2,425,4,0.1912211713881891,0.1951219512195122,0.573170731707317,0.25609756097560976,0.3780487804878049,0.573170731707317,0.6585365853658537,0.4634146341463415,0.4634146341463415,0.5975609756097561,0.3048780487804878,0.34146341463414637,0.5121951219512195,0.7317073170731707,0.4146341463414634,0.9146341463414634,0.573170731707317,0.3780487804878049,0.7560975609756098,0.5365853658536586,0.3780487804878049,0.5487804878048781,0.4268292682926829,0.6951219512195121,0.6585365853658537,0.21951219512195122,0.3902439024390244,0.35365853658536583,1.0,0.4146341463414634,0.2926829268292683
2,425,5,0.17661186523532235,0.2073170731707317,0.2926829268292683,0.5,0.5975609756097561,0.3902439024390244,0.6341463414634146,0.35365853658536583,0.5365853658536586,0.36585365853658536,0.45121951219512196,0.2926829268292683,0.45121951219512196,0.5,0.6707317073170732,0.8658536585365854,0.6707317073170732,0.573170731707317,0.5853658536585366,0.6707317073170732,0.43902439024390244,0.3780487804878049,0.5121951219512195,0.47560975609756095,0.7926829268292683,0.2804878048780488,0.3780487804878049,0.34146341463414637,0.975609756097561,0.47560975609756095,0.34146341463414637
2,425,6,0.15225191769107788,0.5,0.3902439024390244,0.573170731707317,0.573170731707317,0.34146341463414637,0.47560975609756095,0.32926829268292684,0.5121951219512195,0.5487804878048781,0.5609756097560976,0.4268292682926829,0.47560975609756095,0.47560975609756095,0.5853658536585366,0.7804878048780488,0.5365853658536586,0.5609756097560976,0.2926829268292683,0.6341463414634146,0.32926829268292684,0.5,0.43902439024390244,0.5365853658536586,0.7682926829268293,0.23170731707317074,0.2926829268292683,0.2926829268292683,0.926829268292683,0.5365853658536586,0.573170731707317
2,425,7,0.14130913931328096,0.36585365853658536,0.47560975609756095,0.43902439024390244,0.524390243902439,0.4268292682926829,0.4634146341463415,0.35365853658536583,0.34146341463414637,0.5,0.5365853658536586,0.3048780487804878,0.4878048780487805,0.4024390243902439,0.5365853658536586,0.4024390243902439,0.5365853658536586,0.32926829268292684,0.4268292682926829,0.5853658536585366,0.47560975609756095,0.6097560975609756,0.6463414634146342,0.5121951219512195,0.7560975609756098,0.6097560975609756,0.5609756097560976,0.36585365853658536,1.0,0.3780487804878049,0.6463414634146342
2,425,8,0.16545264767852771,0.5853658536585366,0.6219512195121951,0.5,0.6097560975609756,0.5121951219512195,0.6341463414634146,0.45121951219512196,0.4146341463414634,0.3048780487804878,0.4878048780487805,0.3170731707317073,0.36585365853658536,0.4634146341463415,0.573170731707317,0.6219512195121951,0.3902439024390244,0.6219512195121951,0.6463414634146342,0.4634146341463415,0.3902439024390244,0.9878048780487805,0.43902439024390244,0.3780487804878049,0.36585365853658536,0.5,0.7804878048780488,0.3170731707317073,0.18292682926829268,0.3170731707317073,0.7560975609756098
2,425,9,0.11667445655418736,0.4878048780487805,0.573170731707317,0.4146341463414634,0.524390243902439,0.5365853658536586,0.6219512195121951,0.5975609756097561,0.3780487804878049,0.4878048780487805,0.4146341463414634,0.5365853658536586,0.524390243902439,0.24390243902439024,0.5487804878048781,0.32926829268292684,0.5853658536585366,0.5,0.7195121951219512,0.5853658536585366,0.45121951219512196,0.4146341463414634,0.45121951219512196,0.36585365853658536,0.5121951219512195,0.43902439024390244,0.7682926829268293,0.35365853658536583,0.5121951219512195,0.4024390243902439,0.7195121951219512
3,425,0,0.22819329363146926,0.6463414634146342,0.7317073170731707,0.3902439024390244,0.2682926829268293,0.5,0.14634146341463414,0.7682926829268293,0.4878048780487805,0.7073170731707317,0.25609756097560976,0.8780487804878049,0.5853658536585366,0.8048780487804879,0.6097560975609756,0.18292682926829268,0.25609756097560976,0.8292682926829268,0.5365853658536586,0.4146341463414634,0.6097560975609756,0.32926829268292684,0.2073170731707317,0.6219512195121951,0.8048780487804879,0.21951219512195122,0.24390243902439024,0.6097560975609756,0.8048780487804879,0.3170731707317073,0.23170731707317074
3,425,1,0.21246595182781533,0.2926829268292683,0.8292682926829268,0.2926829268292683,0.35365853658536583,0.5,0.2682926829268293,0.8902439024390244,0.2926829268292683,0.7317073170731707,0.3048780487804878,0.8902439024390244,0.47560975609756095,0.6463414634146342,0.6463414634146342,0.2804878048780488,0.2073170731707317,0.6585365853658537,0.5975609756097561,0.6097560975609756,0.34146341463414637,0.2682926829268293,0.8292682926829268,0.7195121951219512,0.3902439024390244,0.25609756097560976,0.4634146341463415,0.573170731707317,0.7073170731707317,0.4268292682926829,0.25609756097560976
3,425,2,0.19789693405915584,0.2804878048780488,0.5487804878048781,0.8902439024390244,0.35365853658536583,0.2804878048780488,0.32926829268292684,0.7926829268292683,0.4146341463414634,0.6951219512195121,0.34146341463414637,0.3170731707317073,0.2073170731707317,0.7560975609756098,0.6097560975609756,0.25609756097560976,0.45121951219512196,0.6585365853658537,0.35365853658536583,0.573170731707317,0.4878048780487805,0.45121951219512196,0.8292682926829268,0.6463414634146342,0.24390243902439024,0.7073170731707317,0.6219512195121951,0.6951219512195121,0.6341463414634146,0.32926829268292684,0.24390243902439024
3,425,3,0.16909787349034575,0.43902439024390244,0.6097560975609756,0.7682926829268293,0.24390243902439024,0.4268292682926829,0.7682926829268293,0.17073170731707318,0.5365853658536586,0.2926829268292683,0.6341463414634146,0.4878048780487805,0.8048780487804879,0.4024390243902439,0.4878048780487805,0.4268292682926829,0.6829268292682927,0.5853658536585366,0.4024390243902439,0.5121951219512195,0.5121951219512195,0.43902439024390244,0.6585365853658537,0.2682926829268293,0.21951219512195122,0.6829268292682927,0.573170731707317,0.5975609756097561,0.4268292682926829,0.2682926829268293,0.6707317073170732
3,425,4,0.15617376188860604,0.4146341463414634,0.524390243902439,0.3170731707317073,0.6585365853658537,0.45121951219512196,0.8170731707317073,0.36585365853658536,0.5121951219512195,0.4024390243902439,0.2926829268292683,0.3902439024390244,0.7439024390243902,0.5,0.21951219512195122,0.3902439024390244,0.5975609756097561,0.5975609756097561,0.7682926829268293,0.6097560975609756,0.34146341463414637,0.3170731707317073,0.7804878048780488,0.4024390243902439,0.4634146341463415,0.6097560975609756,0.5975609756097561,0.524390243902439,0.34146341463414637,0.4024390243902439,0.6463414634146342
3,425,5,0.17992110549862378,0.3902439024390244,0.3048780487804878,0.43902439024390244,0.5487804878048781,0.4634146341463415,0.8780487804878049,0.35365853658536583,0.23170731707317074,0.6463414634146342,0.4878048780487805,0.573170731707317,0.7804878048780488,0.3048780487804878,0.3902439024390244,0.4878048780487805,0.573170731707317,0.573170731707317,0.7804878048780488,0.7682926829268293,0.3048780487804878,0.7804878048780488,0.2804878048780488,0.25609756097560976,0.7073170731707317,0.4024390243902439,0.5853658536585366,0.25609756097560976,0.43902439024390244,0.4268292682926829,0.5853658536585366
3,425,6,0.15784715634753696,0.32926829268292684,0.4024390243902439,0.35365853658536583,0.5,0.2682926829268293,0.8902439024390244,0.47560975609756095,0.2682926829268293,0.7560975609756098,0.5365853658536586,0.5609756097560976,0.5609756097560976,0.5609756097560976,0.4024390243902439,0.573170731707317,0.3170731707317073,0.5,0.3780487804878049,0.6585365853658537,0.7804878048780488,0.34146341463414637,0.5,0.4878048780487805,0.5,0.35365853658536583,0.6707317073170732,0.34146341463414637,0.6341463414634146,0.3780487804878049,0.7195121951219512
3,425,7,0.1665575688934639,0.4024390243902439,0.3780487804878049,0.5975609756097561,0.573170731707317,0.1951219512195122,0.4878048780487805,0.7439024390243902,0.4268292682926829,0.4268292682926829,0.5,0.6097560975609756,0.4878048780487805,0.8292682926829268,0.5853658536585366,0.5609756097560976,0.3780487804878049,0.4146341463414634,0.5365853658536586,0.7560975609756098,0.8170731707317073,0.3780487804878049,0.3170731707317073,0.7439024390243902,0.2804878048780488,0.2073170731707317,0.6463414634146342,0.3048780487804878,0.524390243902439,0.4634146341463415,0.4268292682926829
3,425,8,0.14955814357810626,0.36585365853658536,0.3780487804878049,0.5487804878048781,0.2926829268292683,0.524390243902439,0.25609756097560976,0.7804878048780488,0.524390243902439,0.3902439024390244,0.5487804878048781,0.573170731707317,0.3902439024390244,0.47560975609756095,0.8048780487804879,0.47560975609756095,0.43902439024390244,0.34146341463414637,0.4634146341463415,0.3780487804878049,0.6585365853658537,0.573170731707317,0.6585365853658537,0.7317073170731707,0.3170731707317073,0.4024390243902439,0.5853658536585366,0.25609756097560976,0.6585365853658537,0.6951219512195121,0.5121951219512195
3,425,9,0.13062639855103425,0.3780487804878049,0.5121951219512195,0.6097560975609756,0.5,0.5853658536585366,0.4024390243902439,0.6219512195121951,0.5609756097560976,0.34146341463414637,0.3048780487804878,0.3902439024390244,0.6219512195121951,0.5121951219512195,0.6463414634146342,0.4146341463414634,0.4878048780487805,0.5853658536585366,0.5609756097560976,0.4146341463414634,0.3902439024390244,0.5853658536585366,0.8780487804878049,0.7073170731707317,0.32926829268292684,0.35365853658536583,0.5975609756097561,0.4634146341463415,0.5,0.2926829268292683,0.45121951219512196
4,425,0,0.21153059200586702,0.4146341463414634,0.45121951219512196,0.5975609756097561,0.3170731707317073,0.32926829268292684,0.23170731707317074,0.2926829268292683,0.8780487804878049,0.9024390243902439,0.25609756097560976,0.7073170731707317,0.2804878048780488,0.6707317073170732,0.6951219512195121,0.8292682926829268,0.3048780487804878,0.2926829268292683,0.8292682926829268,0.7073170731707317,0.3048780487804878,0.4878048780487805,0.2804878048780488,0.6707317073170732,0.3048780487804878,0.6097560975609756,0.3902439024390244,0.45121951219512196,0.6219512195121951,0.24390243902439024,0.6463414634146342
4,425,1,0.1953758510682588,0.36585365853658536,0.4878048780487805,0.5,0.7073170731707317,0.4146341463414634,0.36585365853658536,0.32926829268292684,0.7560975609756098,0.25609756097560976,0.25609756097560976,0.5609756097560976,0.5,0.524390243902439,0.8414634146341463,0.8658536585365854,0.36585365853658536,0.2926829268292683,0.8902439024390244,0.6707317073170732,0.3170731707317073,0.34146341463414637,0.23170731707317074,0.6219512195121951,0.34146341463414637,0.3780487804878049,0.6951219512195121,0.3048780487804878,0.524390243902439,0.5,0.7926829268292683
4,425,2,0.17593691296271932,0.2804878048780488,0.6097560975609756,0.43902439024390244,0.34146341463414637,0.36585365853658536,0.4146341463414634,0.4634146341463415,0.47560975609756095,0.3902439024390244,0.34146341463414637,0.7073170731707317,0.45121951219512196,0.36585365853658536,0.7926829268292683,0.8170731707317073,0.4024390243902439,0.47560975609756095,0.7804878048780488,0.6097560975609756,0.4024390243902439,0.2682926829268293,0.24390243902439024,0.7682926829268293,0.35365853658536583,0.35365853658536583,0.6585365853658537,0.47560975609756095,0.4268292682926829,0.6829268292682927,0.8414634146341463
4,425,3,0.12994148990652488,0.3048780487804878,0.3902439024390244,0.4146341463414634,0.5,0.5121951219512195,0.2682926829268293,0.4146341463414634,0.6463414634146342,0.3170731707317073,0.6463414634146342,0.5609756097560976,0.4024390243902439,0.7073170731707317,0.6219512195121951,0.4878048780487805,0.524390243902439,0.3780487804878049,0.6829268292682927,0.6829268292682927,0.524390243902439,0.47560975609756095,0.2926829268292683,0.45121951219512196,0.43902439024390244,0.4634146341463415,0.7317073170731707,0.6097560975609756,0.36585365853658536,0.5365853658536586,0.6463414634146342
4,425,4,0.1353237318189852,0.34146341463414637,0.5121951219512195,0.3902439024390244,0.5,0.6341463414634146,0.45121951219512196,0.3780487804878049,0.5975609756097561,0.2073170731707317,0.7317073170731707,0.32926829268292684,0.4146341463414634,0.6707317073170732,0.6951219512195121,0.5487804878048781,0.47560975609756095,0.5487804878048781,0.5365853658536586,0.524390243902439,0.6585365853658537,0.4146341463414634,0.4268292682926829,0.3780487804878049,0.5365853658536586,0.45121951219512196,0.7682926829268293,0.5121951219512195,0.3902439024390244,0.6829268292682927,0.2926829268292683
4,425,5,0.12859928123379577,0.6951219512195121,0.5609756097560976,0.32926829268292684,0.6219512195121951,0.43902439024390244,0.524390243902439,0.6951219512195121,0.45121951219512196,0.4878048780487805,0.6341463414634146,0.3902439024390244,0.6219512195121951,0.7804878048780488,0.4024390243902439,0.2926829268292683,0.45121951219512196,0.6951219512195121,0.2804878048780488,0.4268292682926829,0.573170731707317,0.6585365853658537,0.5,0.4268292682926829,0.5121951219512195,0.4268292682926829,0.35365853658536583,0.3902439024390244,0.4146341463414634,0.5609756097560976,0.4024390243902439
4,425,6,0.1375762547012544,0.8048780487804879,0.3902439024390244,0.7317073170731707,0.3902439024390244,0.573170731707317,0.6707317073170732,0.4878048780487805,0.5,0.524390243902439,0.6219512195121951,0.45121951219512196,0.524390243902439,0.47560975609756095,0.2804878048780488,0.36585365853658536,0.5,0.6951219512195121,0.3780487804878049,0.3170731707317073,0.6341463414634146,0.7073170731707317,0.5609756097560976,0.25609756097560976,0.35365853658536583,0.524390243902439,0.3048780487804878,0.4634146341463415,0.5609756097560976,0.4634146341463415,0.4878048780487805
4,425,7,0.16279460093624626,0.8292682926829268,0.5975609756097561,0.7804878048780488,0.35365853658536583,0.23170731707317074,0.7926829268292683,0.3170731707317073,0.35365853658536583,0.5975609756097561,0.2682926829268293,0.5121951219512195,0.524390243902439,0.6219512195121951,0.43902439024390244,0.4146341463414634,0.7926829268292683,0.6829268292682927,0.5121951219512195,0.524390243902439,0.25609756097560976,0.4878048780487805,0.3170731707317073,0.4024390243902439,0.35365853658536583,0.3902439024390244,0.5365853658536586,0.4878048780487805,0.573170731707317,0.45121951219512196,0.5975609756097561
4,425,8,0.12871487611667085,0.573170731707317,0.35365853658536583,0.7439024390243902,0.43902439024390244,0.6585365853658537,0.6585365853658537,0.3902439024390244,0.34146341463414637,0.7195121951219512,0.3780487804878049,0.35365853658536583,0.7317073170731707,0.4024390243902439,0.34146341463414637,0.4878048780487805,0.4268292682926829,0.6341463414634146,0.5365853658536586,0.47560975609756095,0.3902439024390244,0.4634146341463415,0.45121951219512196,0.5121951219512195,0.2682926829268293,0.43902439024390244,0.6585365853658537,0.4878048780487805,0.5365853658536586,0.5,0.6463414634146342
4,425,9,0.12105360716662171,0.4146341463414634,0.5487804878048781,0.5121951219512195,0.4268292682926829,0.43902439024390244,0.5365853658536586,0.4634146341463415,0.6707317073170732,0.6341463414634146,0.21951219512195122,0.2926829268292683,0.4024390243902439,0.5487804878048781,0.7926829268292683,0.5975609756097561,0.34146341463414637,0.6585365853658537,0.4634146341463415,0.4634146341463415,0.35365853658536583,0.524390243902439,0.6097560975609756,0.6951219512195121,0.47560975609756095,0.5365853658536586,0.524390243902439,0.3902439024390244,0.45121951219512196,0.5,0.5121951219512195
0,450,0,0.19382188846911047,0.6951219512195121,0.35365853658536583,0.6097560975609756,0.5121951219512195,0.7317073170731707,0.7926829268292683,0.21951219512195122,0.3048780487804878,0.7682926829268293,0.2682926829268293,0.34146341463414637,0.7317073170731707,0.4146341463414634,0.5365853658536586,0.2804878048780488,0.5121951219512195,0.524390243902439,0.2804878048780488,0.3170731707317073,0.6951219512195121,0.926829268292683,0.6951219512195121,0.6097560975609756,0.3170731707317073,0.43902439024390244,0.34146341463414637,0.5853658536585366,0.6341463414634146,0.25609756097560976,0.3048780487804878
0,450,1,0.18107463378999622,0.8048780487804879,0.4146341463414634,0.5853658536585366,0.6951219512195121,0.4024390243902439,0.6707317073170732,0.524390243902439,0.35365853658536583,0.8536585365853658,0.4146341463414634,0.2926829268292683,0.5121951219512195,0.3780487804878049,0.5,0.24390243902439024,0.32926829268292684,0.524390243902439,0.35365853658536583,0.32926829268292684,0.5487804878048781,0.9024390243902439,0.7560975609756098,0.4268292682926829,0.6707317073170732,0.3048780487804878,0.24390243902439024,0.5121951219512195,0.6829268292682927,0.3048780487804878,0.4634146341463415
0,450,2,0.15576056102114316,0.8902439024390244,0.36585365853658536,0.5365853658536586,0.6829268292682927,0.5609756097560976,0.4268292682926829,0.524390243902439,0.4146341463414634,0.6219512195121951,0.3902439024390244,0.21951219512195122,0.35365853658536583,0.6219512195121951,0.4024390243902439,0.3902439024390244,0.5121951219512195,0.7439024390243902,0.4878048780487805,0.34146341463414637,0.3780487804878049,0.2682926829268293,0.5487804878048781,0.34146341463414637,0.7560975609756098,0.3780487804878049,0.6585365853658537,0.6341463414634146,0.4146341463414634,0.6707317073170732,0.4634146341463415
0,450,3,0.15636410170560594,0.6463414634146342,0.43902439024390244,0.4634146341463415,0.21951219512195122,0.5365853658536586,0.4146341463414634,0.5487804878048781,0.17073170731707318,0.573170731707317,0.47560975609756095,0.7317073170731707,0.2804878048780488,0.6341463414634146,0.5121951219512195,0.5121951219512195,0.47560975609756095,0.5975609756097561,0.5487804878048781,0.573170731707317,0.23170731707317074,0.7073170731707317,0.4878048780487805,0.7195121951219512,0.6829268292682927,0.3902439024390244,0.4878048780487805,0.23170731707317074,0.35365853658536583,0.6707317073170732,0.6829268292682927
0,450,4,0.14322563731613253,0.24390243902439024,0.25609756097560976,0.4024390243902439,0.3170731707317073,0.4268292682926829,0.4634146341463415,0.524390243902439,0.34146341463414637,0.5853658536585366,0.5365853658536586,0.6829268292682927,0.43902439024390244,0.6829268292682927,0.4268292682926829,0.4878048780487805,0.5609756097560976,0.7073170731707317,0.5,0.4146341463414634,0.2926829268292683,0.7439024390243902,0.4878048780487805,0.6463414634146342,0.3902439024390244,0.47560975609756095,0.5975609756097561,0.7439024390243902,0.34146341463414637,0.5853658536585366,0.6951219512195121
0,450,5,0.1406057544611413,0.4634146341463415,0.6463414634146342,0.3170731707317073,0.3048780487804878,0.4268292682926829,0.4268292682926829,0.2804878048780488,0.5,0.6097560975609756,0.36585365853658536,0.6097560975609756,0.7317073170731707,0.6829268292682927,0.5609756097560976,0.5365853658536586,0.3902439024390244,0.3780487804878049,0.5609756097560976,0.35365853658536583,0.4634146341463415,0.573170731707317,0.45121951219512196,0.6707317073170732,0.2926829268292683,0.4024390243902439,0.4146341463414634,0.8048780487804879,0.6097560975609756,0.45121951219512196,0.7195121951219512
0,450,6,0.1467474044535739,0.4268292682926829,0.6097560975609756,0.5,0.3048780487804878,0.35365853658536583,0.3780487804878049,0.524390243902439,0.4878048780487805,0.23170731707317074,0.25609756097560976,0.5121951219512195,0.7682926829268293,0.5365853658536586,0.4268292682926829,0.5,0.573170731707317,0.7317073170731707,0.35365853658536583,0.4878048780487805,0.5975609756097561,0.5975609756097561,0.4146341463414634,0.5853658536585366,0.4268292682926829,0.5365853658536586,0.25609756097560976,0.8170731707317073,0.6341463414634146,0.7073170731707317,0.4634146341463415
0,450,7,0.12324516788056716,0.5,0.5,0.3902439024390244,0.2682926829268293,0.5121951219512195,0.4268292682926829,0.4878048780487805,0.6097560975609756,0.4146341463414634,0.47560975609756095,0.524390243902439,0.3902439024390244,0.43902439024390244,0.4878048780487805,0.5365853658536586,0.4634146341463415,0.5609756097560976,0.6707317073170732,0.4878048780487805,0.5975609756097561,0.21951219512195122,0.47560975609756095,0.32926829268292684,0.5853658536585366,0.3902439024390244,0.6097560975609756,0.7682926829268293,0.4878048780487805,0.7804878048780488,0.6097560975609756
0,450,8,0.1531932560726069,0.47560975609756095,0.5365853658536586,0.35365853658536583,0.2926829268292683,0.2926829268292683,0.4878048780487805,0.32926829268292684,0.6097560975609756,0.4634146341463415,0.573170731707317,0.6951219512195121,0.573170731707317,0.24390243902439024,0.4024390243902439,0.6097560975609756,0.6829268292682927,0.34146341463414637,0.7804878048780488,0.36585365853658536,0.6097560975609756,0.35365853658536583,0.6951219512195121,0.43902439024390244,0.6951219512195121,0.6585365853658537,0.5853658536585366,0.21951219512195122,0.4024390243902439,0.6219512195121951,0.6097560975609756
0,450,9,0.15693373602093083,0.2804878048780488,0.5121951219512195,0.47560975609756095,0.4634146341463415,0.5,0.3780487804878049,0.8902439024390244,0.47560975609756095,0.3780487804878049,0.573170731707317,0.5365853658536586,0.4878048780487805,0.4634146341463415,0.32926829268292684,0.36585365853658536,0.8292682926829268,0.5853658536585366,0.7195121951219512,0.5121951219512195,0.3902439024390244,0.6097560975609756,0.7317073170731707,0.4268292682926829,0.6097560975609756,0.6951219512195121,0.5365853658536586,0.3048780487804878,0.3780487804878049,0.3170731707317073,0.24390243902439024
1,450,0,0.22021117260339332,0.3048780487804878,0.8048780487804879,0.6585365853658537,0.7926829268292683,0.14634146341463414,0.8902439024390244,0.3170731707317073,0.3170731707317073,0.36585365853658536,0.4146341463414634,0.32926829268292684,0.4268292682926829,0.5853658536585366,0.3902439024390244,0.6341463414634146,0.3780487804878049,0.47560975609756095,0.2073170731707317,0.3780487804878049,0.7195121951219512,0.3048780487804878,0.6707317073170732,0.8048780487804879,0.18292682926829268,0.6707317073170732,0.32926829268292684,0.9512195121951219,0.2926829268292683,0.5609756097560976,0.6951219512195121
1,450,1,0.2038203436865313,0.34146341463414637,0.8536585365853658,0.7195121951219512,0.7317073170731707,0.34146341463414637,0.6829268292682927,0.5121951219512195,0.8414634146341463,0.21951219512195122,0.5487804878048781,0.3048780487804878,0.2682926829268293,0.6341463414634146,0.2073170731707317,0.524390243902439,0.3170731707317073,0.24390243902439024,0.18292682926829268,0.5121951219512195,0.7926829268292683,0.3780487804878049,0.5,0.8048780487804879,0.3048780487804878,0.47560975609756095,0.4146341463414634,0.7317073170731707,0.6463414634146342,0.36585365853658536,0.5975609756097561
1,450,2,0.20100382626140026,0.5121951219512195,0.7804878048780488,0.573170731707317,0.5487804878048781,0.2073170731707317,0.6341463414634146,0.3170731707317073,0.8536585365853658,0.32926829268292684,0.7317073170731707,0.35365853658536583,0.5121951219512195,0.7439024390243902,0.2073170731707317,0.5975609756097561,0.36585365853658536,0.21951219512195122,0.3048780487804878,0.24390243902439024,0.8048780487804879,0.2682926829268293,0.3902439024390244,0.8414634146341463,0.3780487804878049,0.43902439024390244,0.6341463414634146,0.7560975609756098,0.5609756097560976,0.35365853658536583,0.5365853658536586
1,450,3,0.17647146306253395,0.6585365853658537,0.6463414634146342,0.3048780487804878,0.7073170731707317,0.2804878048780488,0.4146341463414634,0.7073170731707317,0.8292682926829268,0.3780487804878049,0.5975609756097561,0.5975609756097561,0.2804878048780488,0.8780487804878049,0.5121951219512195,0.5,0.5487804878048781,0.24390243902439024,0.4878048780487805,0.25609756097560976,0.7317073170731707,0.35365853658536583,0.3170731707317073,0.43902439024390244,0.7195121951219512,0.4024390243902439,0.5853658536585366,0.2926829268292683,0.5487804878048781,0.3780487804878049,0.4024390243902439
1,450,4,0.19106555939600714,0.8048780487804879,0.4146341463414634,0.2073170731707317,0.8048780487804879,0.4878048780487805,0.2682926829268293,0.7073170731707317,0.8170731707317073,0.4268292682926829,0.7073170731707317,0.573170731707317,0.25609756097560976,0.8414634146341463,0.5609756097560976,0.5487804878048781,0.573170731707317,0.4878048780487805,0.34146341463414637,0.32926829268292684,0.6219512195121951,0.5975609756097561,0.34146341463414637,0.2926829268292683,0.6585365853658537,0.1951219512195122,0.573170731707317,0.3170731707317073,0.5975609756097561,0.2926829268292683,0.35365853658536583
1,450,5,0.15875532127308467,0.6341463414634146,0.4024390243902439,0.3048780487804878,0.5853658536585366,0.6463414634146342,0.5609756097560976,0.7317073170731707,0.3170731707317073,0.3780487804878049,0.6341463414634146,0.5365853658536586,0.4634146341463415,0.7439024390243902,0.6707317073170732,0.8048780487804879,0.6219512195121951,0.6341463414634146,0.36585365853658536,0.3780487804878049,0.3780487804878049,0.5853658536585366,0.45121951219512196,0.36585365853658536,0.6097560975609756,0.34146341463414637,0.4268292682926829,0.18292682926829268,0.18292682926829268,0.524390243902439,0.5365853658536586
1,450,6,0.13576262075011925,0.6097560975609756,0.4878048780487805,0.36585365853658536,0.6463414634146342,0.5609756097560976,0.6829268292682927,0.7926829268292683,0.4146341463414634,0.47560975609756095,0.3780487804878049,0.35365853658536583,0.2926829268292683,0.3048780487804878,0.5365853658536586,0.5609756097560976,0.4146341463414634,0.32926829268292684,0.7560975609756098,0.5121951219512195,0.7560975609756098,0.5365853658536586,0.5365853658536586,0.524390243902439,0.4024390243902439,0.3902439024390244,0.4878048780487805,0.3048780487804878,0.45121951219512196,0.5121951219512195,0.6219512195121951
1,450,7,0.15645918478019147,0.25609756097560976,0.4024390243902439,0.5487804878048781,0.4024390243902439,0.5609756097560976,0.5975609756097561,0.6463414634146342,0.6707317073170732,0.6463414634146342,0.32926829268292684,0.3902439024390244,0.34146341463414637,0.45121951219512196,0.32926829268292684,0.4634146341463415,0.34146341463414637,0.34146341463414637,0.7439024390243902,0.5121951219512195,0.8414634146341463,0.5,0.4634146341463415,0.3170731707317073,0.3170731707317073,0.8170731707317073,0.34146341463414637,0.6341463414634146,0.5853658536585366,0.573170731707317,0.6341463414634146
1,450,8,0.13187282584787852,0.3170731707317073,0.6951219512195121,0.6341463414634146,0.36585365853658536,0.4268292682926829,0.43902439024390244,0.6585365853658537,0.5487804878048781,0.5,0.43902439024390244,0.524390243902439,0.524390243902439,0.5487804878048781,0.2682926829268293,0.45121951219512196,0.47560975609756095,0.47560975609756095,0.7682926829268293,0.3780487804878049,0.8048780487804879,0.3170731707317073,0.47560975609756095,0.4024390243902439,0.43902439024390244,0.4024390243902439,0.6219512195121951,0.524390243902439,0.34146341463414637,0.5487804878048781,0.6829268292682927
1,450,9,0.13388740715602537,0.5853658536585366,0.5853658536585366,0.7804878048780488,0.4146341463414634,0.2926829268292683,0.2926829268292683,0.3170731707317073,0.6463414634146342,0.3902439024390244,0.5365853658536586,0.7682926829268293,0.43902439024390244,0.6219512195121951,0.45121951219512196,0.5121951219512195,0.6097560975609756,0.35365853658536583,0.6341463414634146,0.5121951219512195,0.5853658536585366,0.43902439024390244,0.4024390243902439,0.4878048780487805,0.4878048780487805,0.5,0.4024390243902439,0.23170731707317074,0.4634146341463415,0.5975609756097561,0.6585365853658537
2,450,0,0.1928218085468524,0.6463414634146342,0.3170731707317073,0.35365853658536583,0.32926829268292684,0.6707317073170732,0.6585365853658537,0.8902439024390244,0.5365853658536586,0.926829268292683,0.35365853658536583,0.8414634146341463,0.7317073170731707,0.45121951219512196,0.3048780487804878,0.2926829268292683,0.4268292682926829,0.4268292682926829,0.4268292682926829,0.6707317073170732,0.7560975609756098,0.45121951219512196,0.2682926829268293,0.34146341463414637,0.5975609756097561,0.4146341463414634,0.6097560975609756,0.32926829268292684,0.2804878048780488,0.34146341463414637,0.35365853658536583
2,450,1,0.17209098857350266,0.573170731707317,0.3902439024390244,0.4878048780487805,0.3902439024390244,0.5975609756097561,0.7073170731707317,0.573170731707317,0.4146341463414634,0.9390243902439024,0.35365853658536583,0.5975609756097561,0.7926829268292683,0.6219512195121951,0.2804878048780488,0.24390243902439024,0.573170731707317,0.5487804878048781,0.3048780487804878,0.5853658536585366,0.7317073170731707,0.24390243902439024,0.4268292682926829,0.3048780487804878,0.4878048780487805,0.573170731707317,0.47560975609756095,0.2926829268292683,0.43902439024390244,0.3170731707317073,0.7317073170731707
2,450,2,0.15731234630826438,0.24390243902439024,0.4634146341463415,0.5853658536585366,0.5487804878048781,0.6219512195121951,0.7804878048780488,0.5121951219512195,0.45121951219512196,0.6341463414634146,0.2926829268292683,0.573170731707317,0.7804878048780488,0.2804878048780488,0.2926829268292683,0.5,0.4146341463414634,0.7804878048780488,0.3902439024390244,0.3902439024390244,0.5609756097560976,0.34146341463414637,0.5609756097560976,0.3902439024390244,0.4878048780487805,0.7073170731707317,0.47560975609756095,0.5121951219512195,0.2804878048780488,0.3780487804878049,0.7682926829268293
2,450,3,0.173038997185307,0.3170731707317073,0.4634146341463415,0.7560975609756098,0.5975609756097561,0.6707317073170732,0.5975609756097561,0.2804878048780488,0.524390243902439,0.36585365853658536,0.4146341463414634,0.32926829268292684,0.7073170731707317,0.32926829268292684,0.3780487804878049,0.6951219512195121,0.32926829268292684,0.7073170731707317,0.21951219512195122,0.573170731707317,0.32926829268292684,0.23170731707317074,0.6341463414634146,0.6341463414634146,0.3902439024390244,0.7439024390243902,0.524390243902439,0.573170731707317,0.25609756097560976,0.7073170731707317,0.7195121951219512
2,450,4,0.15054926206839964,0.1951219512195122,0.573170731707317,0.5975609756097561,0.6463414634146342,0.6707317073170732,0.5,0.25609756097560976,0.5609756097560976,0.24390243902439024,0.4634146341463415,0.3902439024390244,0.7560975609756098,0.4268292682926829,0.5365853658536586,0.6951219512195121,0.2804878048780488,0.7073170731707317,0.3170731707317073,0.4634146341463415,0.6341463414634146,0.3170731707317073,0.6585365853658537,0.6707317073170732,0.524390243902439,0.4268292682926829,0.4634146341463415,0.5853658536585366,0.3780487804878049,0.5853658536585366,0.47560975609756095
2,450,5,0.15143572269536962,0.17073170731707318,0.4878048780487805,0.7439024390243902,0.5487804878048781,0.5,0.6097560975609756,0.32926829268292684,0.5365853658536586,0.6951219512195121,0.7317073170731707,0.4024390243902439,0.4634146341463415,0.7073170731707317,0.524390243902439,0.2804878048780488,0.2804878048780488,0.4634146341463415,0.2926829268292683,0.47560975609756095,0.7073170731707317,0.5487804878048781,0.4268292682926829,0.5487804878048781,0.3902439024390244,0.3902439024390244,0.5121951219512195,0.45121951219512196,0.4024390243902439,0.8048780487804879,0.573170731707317
2,450,6,0.15396794245938178,0.34146341463414637,0.4146341463414634,0.6463414634146342,0.7682926829268293,0.4268292682926829,0.34146341463414637,0.7926829268292683,0.4634146341463415,0.4268292682926829,0.6707317073170732,0.5487804878048781,0.2073170731707317,0.6463414634146342,0.524390243902439,0.3170731707317073,0.5121951219512195,0.43902439024390244,0.5365853658536586,0.35365853658536583,0.5975609756097561,0.5975609756097561,0.4634146341463415,0.6829268292682927,0.47560975609756095,0.24390243902439024,0.3780487804878049,0.43902439024390244,0.5365853658536586,0.8292682926829268,0.3780487804878049
2,450,7,0.13572610087837578,0.43902439024390244,0.3780487804878049,0.5,0.6463414634146342,0.573170731707317,0.5609756097560976,0.7682926829268293,0.35365853658536583,0.35365853658536583,0.8414634146341463,0.5487804878048781,0.573170731707317,0.45121951219512196,0.3902439024390244,0.4146341463414634,0.5609756097560976,0.3780487804878049,0.5609756097560976,0.36585365853658536,0.47560975609756095,0.573170731707317,0.2804878048780488,0.4878048780487805,0.5365853658536586,0.43902439024390244,0.4024390243902439,0.524390243902439,0.7682926829268293,0.5853658536585366,0.2682926829268293
2,450,8,0.15002148038411328,0.7560975609756098,0.3902439024390244,0.45121951219512196,0.5487804878048781,0.8170731707317073,0.5609756097560976,0.7317073170731707,0.5975609756097561,0.4024390243902439,0.6219512195121951,0.3780487804878049,0.3902439024390244,0.2682926829268293,0.34146341463414637,0.5121951219512195,0.573170731707317,0.32926829268292684,0.6585365853658537,0.5365853658536586,0.2073170731707317,0.2073170731707317,0.4024390243902439,0.524390243902439,0.6097560975609756,0.4146341463414634,0.43902439024390244,0.5853658536585366,0.6219512195121951,0.5609756097560976,0.5609756097560976
2,450,9,0.12476430287173014,0.5853658536585366,0.6463414634146342,0.5975609756097561,0.43902439024390244,0.6585365853658537,0.5,0.5487804878048781,0.5365853658536586,0.34146341463414637,0.6341463414634146,0.3170731707317073,0.8048780487804879,0.3902439024390244,0.4634146341463415,0.524390243902439,0.6219512195121951,0.4146341463414634,0.4878048780487805,0.7682926829268293,0.24390243902439024,0.5121951219512195,0.4634146341463415,0.34146341463414637,0.43902439024390244,0.5121951219512195,0.5,0.43902439024390244,0.43902439024390244,0.4024390243902439,0.4268292682926829
3,450,0,0.18997270643167358,0.6341463414634146,0.7439024390243902,0.5853658536585366,0.4268292682926829,0.3170731707317073,0.45121951219512196,0.7195121951219512,0.3170731707317073,0.34146341463414637,0.34146341463414637,0.35365853658536583,0.4024390243902439,0.36585365853658536,0.6829268292682927,0.35365853658536583,0.7195121951219512,0.6585365853658537,0.6707317073170732,0.21951219512195122,0.3048780487804878,0.2926829268292683,0.4634146341463415,0.8170731707317073,0.7804878048780488,0.4268292682926829,0.3780487804878049,0.9024390243902439,0.3170731707317073,0.6829268292682927,0.32926829268292684
3,450,1,0.17934155905611993,0.7682926829268293,0.8048780487804879,0.4878048780487805,0.7195121951219512,0.3902439024390244,0.4268292682926829,0.4268292682926829,0.573170731707317,0.34146341463414637,0.3170731707317073,0.3170731707317073,0.3048780487804878,0.3170731707317073,0.6829268292682927,0.5121951219512195,0.7439024390243902,0.2804878048780488,0.5365853658536586,0.4878048780487805,0.4634146341463415,0.32926829268292684,0.3902439024390244,0.6219512195121951,0.7560975609756098,0.32926829268292684,0.35365853658536583,0.9390243902439024,0.3780487804878049,0.6341463414634146,0.36585365853658536
3,450,2,0.170091715703446,0.7073170731707317,0.7926829268292683,0.4146341463414634,0.7439024390243902,0.5853658536585366,0.34146341463414637,0.45121951219512196,0.5853658536585366,0.3780487804878049,0.4268292682926829,0.5975609756097561,0.3170731707317073,0.3902439024390244,0.5365853658536586,0.4146341463414634,0.3780487804878049,0.4024390243902439,0.36585365853658536,0.7682926829268293,0.6097560975609756,0.4634146341463415,0.32926829268292684,0.6219512195121951,0.524390243902439,0.2926829268292683,0.2926829268292683,0.9512195121951219,0.6463414634146342,0.4024390243902439,0.2682926829268293
3,450,3,0.1511080102950606,0.4146341463414634,0.6951219512195121,0.4146341463414634,0.7439024390243902,0.6829268292682927,0.2804878048780488,0.32926829268292684,0.6341463414634146,0.43902439024390244,0.4024390243902439,0.7317073170731707,0.34146341463414637,0.45121951219512196,0.7073170731707317,0.4146341463414634,0.4024390243902439,0.573170731707317,0.34146341463414637,0.5,0.7317073170731707,0.2804878048780488,0.3780487804878049,0.45121951219512196,0.34146341463414637,0.3902439024390244,0.43902439024390244,0.6097560975609756,0.7073170731707317,0.4634146341463415,0.7073170731707317
3,450,4,0.14925952469067552,0.47560975609756095,0.6951219512195121,0.3048780487804878,0.6097560975609756,0.6219512195121951,0.2682926829268293,0.2682926829268293,0.7195121951219512,0.5609756097560976,0.2804878048780488,0.35365853658536583,0.4634146341463415,0.7073170731707317,0.6219512195121951,0.4878048780487805,0.45121951219512196,0.45121951219512196,0.34146341463414637,0.5609756097560976,0.7073170731707317,0.6951219512195121,0.4268292682926829,0.5121951219512195,0.24390243902439024,0.573170731707317,0.4024390243902439,0.4146341463414634,0.5487804878048781,0.47560975609756095,0.7560975609756098
3,450,5,0.1221137128814217,0.32926829268292684,0.4268292682926829,0.4146341463414634,0.5365853658536586,0.4024390243902439,0.3780487804878049,0.3170731707317073,0.5,0.5609756097560976,0.5975609756097561,0.5121951219512195,0.6097560975609756,0.7195121951219512,0.4024390243902439,0.524390243902439,0.5487804878048781,0.4634146341463415,0.36585365853658536,0.4878048780487805,0.5121951219512195,0.4878048780487805,0.5121951219512195,0.5365853658536586,0.32926829268292684,0.6951219512195121,0.6097560975609756,0.34146341463414637,0.8658536585365854,0.4878048780487805,0.524390243902439
3,450,6,0.13829504880326668,0.5365853658536586,0.3170731707317073,0.4878048780487805,0.3170731707317073,0.3780487804878049,0.573170731707317,0.5365853658536586,0.5853658536585366,0.3048780487804878,0.7560975609756098,0.3780487804878049,0.6951219512195121,0.6585365853658537,0.6585365853658537,0.45121951219512196,0.34146341463414637,0.21951219512195122,0.6097560975609756,0.2926829268292683,0.4634146341463415,0.6219512195121951,0.6341463414634146,0.573170731707317,0.4634146341463415,0.7439024390243902,0.5,0.4146341463414634,0.47560975609756095,0.5,0.5121951219512195
3,450,7,0.12936796280270624,0.5609756097560976,0.32926829268292684,0.5,0.2926829268292683,0.4146341463414634,0.5121951219512195,0.524390243902439,0.5365853658536586,0.32926829268292684,0.8902439024390244,0.5121951219512195,0.7317073170731707,0.25609756097560976,0.5365853658536586,0.4634146341463415,0.5487804878048781,0.5,0.36585365853658536,0.4146341463414634,0.4878048780487805,0.5975609756097561,0.3780487804878049,0.45121951219512196,0.5121951219512195,0.4024390243902439,0.5609756097560976,0.6097560975609756,0.6463414634146342,0.6341463414634146,0.5
3,450,8,0.13164708047405704,0.4878048780487805,0.524390243902439,0.4146341463414634,0.5975609756097561,0.2682926829268293,0.5,0.524390243902439,0.6097560975609756,0.2804878048780488,0.6951219512195121,0.573170731707317,0.43902439024390244,0.3170731707317073,0.6585365853658537,0.4024390243902439,0.47560975609756095,0.573170731707317,0.4268292682926829,0.5365853658536586,0.7439024390243902,0.47560975609756095,0.6219512195121951,0.35365853658536583,0.5,0.3048780487804878,0.5,0.6341463414634146,0.7804878048780488,0.34146341463414637,0.43902439024390244
3,450,9,0.10939416385468194,0.43902439024390244,0.5121951219512195,0.4268292682926829,0.6585365853658537,0.524390243902439,0.4024390243902439,0.7317073170731707,0.6463414634146342,0.3170731707317073,0.4146341463414634,0.6219512195121951,0.4634146341463415,0.5121951219512195,0.6829268292682927,0.3902439024390244,0.5487804878048781,0.573170731707317,0.5975609756097561,0.4024390243902439,0.6097560975609756,0.573170731707317,0.4146341463414634,0.35365853658536583,0.45121951219512196,0.5,0.524390243902439,0.34146341463414637,0.5,0.5487804878048781,0.3170731707317073
4,450,0,0.2284104345062079,0.21951219512195122,0.36585365853658536,0.6463414634146342,0.2926829268292683,0.6219512195121951,0.8658536585365854,0.573170731707317,0.926829268292683,0.45121951219512196,0.2926829268292683,0.7195121951219512,0.5487804878048781,0.2926829268292683,0.25609756097560976,0.21951219512195122,0.3780487804878049,0.24390243902439024,0.6219512195121951,0.9146341463414634,0.7682926829268293,0.24390243902439024,0.926829268292683,0.3170731707317073,0.21951219512195122,0.524390243902439,0.5121951219512195,0.5365853658536586,0.45121951219512196,0.3170731707317073,0.7317073170731707
4,450,1,0.20943442909706977,0.25609756097560976,0.24390243902439024,0.6463414634146342,0.4024390243902439,0.6219512195121951,0.7560975609756098,0.3048780487804878,0.8536585365853658,0.5121951219512195,0.2926829268292683,0.9634146341463414,0.6341463414634146,0.2682926829268293,0.6219512195121951,0.3170731707317073,0.2926829268292683,0.34146341463414637,0.524390243902439,0.3902439024390244,0.7195121951219512,0.3170731707317073,0.8658536585365854,0.21951219512195122,0.2073170731707317,0.573170731707317,0.5487804878048781,0.5609756097560976,0.47560975609756095,0.5121951219512195,0.7560975609756098
4,450,2,0.19054593493810268,0.3780487804878049,0.5487804878048781,0.25609756097560976,0.3902439024390244,0.3048780487804878,0.6097560975609756,0.47560975609756095,0.7682926829268293,0.6219512195121951,0.6951219512195121,0.975609756097561,0.6585365853658537,0.4146341463414634,0.6341463414634146,0.43902439024390244,0.32926829268292684,0.2926829268292683,0.5121951219512195,0.5,0.6707317073170732,0.2926829268292683,0.7317073170731707,0.24390243902439024,0.14634146341463414,0.4146341463414634,0.5975609756097561,0.7073170731707317,0.3780487804878049,0.3048780487804878,0.7073170731707317
4,450,3,0.15702847417385238,0.6829268292682927,0.6097560975609756,0.4146341463414634,0.6829268292682927,0.5365853658536586,0.2804878048780488,0.4634146341463415,0.25609756097560976,0.3170731707317073,0.47560975609756095,0.9878048780487805,0.45121951219512196,0.4146341463414634,0.4878048780487805,0.6341463414634146,0.4024390243902439,0.4268292682926829,0.6585365853658537,0.6707317073170732,0.3780487804878049,0.5121951219512195,0.7317073170731707,0.43902439024390244,0.3170731707317073,0.2682926829268293,0.45121951219512196,0.45121951219512196,0.5975609756097561,0.5121951219512195,0.4878048780487805
4,450,4,0.15441804807498033,0.6585365853658537,0.3780487804878049,0.47560975609756095,0.6463414634146342,0.47560975609756095,0.3048780487804878,0.2804878048780488,0.524390243902439,0.43902439024390244,0.4146341463414634,0.9878048780487805,0.5487804878048781,0.5487804878048781,0.5975609756097561,0.4634146341463415,0.524390243902439,0.4268292682926829,0.6219512195121951,0.5853658536585366,0.25609756097560976,0.35365853658536583,0.6707317073170732,0.4024390243902439,0.36585365853658536,0.5975609756097561,0.6951219512195121,0.5975609756097561,0.3048780487804878,0.5487804878048781,0.3048780487804878
4,450,5,0.16055624112302033,0.5975609756097561,0.5,0.7073170731707317,0.5,0.7682926829268293,0.4024390243902439,0.4634146341463415,0.7439024390243902,0.25609756097560976,0.5,0.8902439024390244,0.2926829268292683,0.2804878048780488,0.2926829268292683,0.36585365853658536,0.5121951219512195,0.5853658536585366,0.4634146341463415,0.6829268292682927,0.4024390243902439,0.3048780487804878,0.7195121951219512,0.5975609756097561,0.5365853658536586,0.32926829268292684,0.4024390243902439,0.5975609756097561,0.4268292682926829,0.3902439024390244,0.4878048780487805
4,450,6,0.1775636558361102,0.2926829268292683,0.2682926829268293,0.6219512195121951,0.36585365853658536,0.6463414634146342,0.34146341463414637,0.7560975609756098,0.7560975609756098,0.34146341463414637,0.2926829268292683,0.5975609756097561,0.8292682926829268,0.5487804878048781,0.2926829268292683,0.36585365853658536,0.4268292682926829,0.524390243902439,0.2682926829268293,0.5853658536585366,0.5609756097560976,0.6463414634146342,0.7195121951219512,0.5853658536585366,0.4878048780487805,0.6829268292682927,0.4024390243902439,0.14634146341463414,0.6829268292682927,0.34146341463414637,0.6219512195121951
4,450,7,0.1614491679417085,0.5365853658536586,0.3048780487804878,0.2804878048780488,0.24390243902439024,0.3902439024390244,0.3902439024390244,0.7439024390243902,0.6219512195121951,0.3780487804878049,0.3170731707317073,0.5,0.8536585365853658,0.6585365853658537,0.5121951219512195,0.5365853658536586,0.3170731707317073,0.5487804878048781,0.4878048780487805,0.3170731707317073,0.5487804878048781,0.6829268292682927,0.36585365853658536,0.8292682926829268,0.35365853658536583,0.5853658536585366,0.4634146341463415,0.5,0.5609756097560976,0.4268292682926829,0.7439024390243902
4,450,8,0.16557245410094554,0.6219512195121951,0.573170731707317,0.25609756097560976,0.2926829268292683,0.25609756097560976,0.573170731707317,0.5853658536585366,0.4634146341463415,0.7439024390243902,0.47560975609756095,0.4878048780487805,0.8780487804878049,0.5975609756097561,0.3902439024390244,0.3780487804878049,0.21951219512195122,0.36585365853658536,0.573170731707317,0.24390243902439024,0.7195121951219512,0.47560975609756095,0.524390243902439,0.6951219512195121,0.2682926829268293,0.43902439024390244,0.5365853658536586,0.47560975609756095,0.6707317073170732,0.5121951219512195,0.7073170731707317
4,450,9,0.14825978454077204,0.6219512195121951,0.6829268292682927,0.2926829268292683,0.4146341463414634,0.4878048780487805,0.7073170731707317,0.2682926829268293,0.47560975609756095,0.7439024390243902,0.3780487804878049,0.5487804878048781,0.524390243902439,0.2073170731707317,0.7560975609756098,0.7073170731707317,0.4878048780487805,0.4268292682926829,0.6341463414634146,0.3780487804878049,0.2926829268292683,0.35365853658536583,0.6585365853658537,0.35365853658536583,0.4146341463414634,0.4146341463414634,0.5121951219512195,0.6341463414634146,0.5121951219512195,0.5121951219512195,0.5975609756097561
0,475,0,0.20215966619611805,0.2926829268292683,0.7195121951219512,0.4268292682926829,0.3048780487804878,0.6341463414634146,0.7195121951219512,0.3048780487804878,0.8780487804878049,0.7804878048780488,0.3902439024390244,0.5975609756097561,0.2682926829268293,0.34146341463414637,0.32926829268292684,0.8658536585365854,0.7439024390243902,0.524390243902439,0.35365853658536583,0.4268292682926829,0.2926829268292683,0.23170731707317074,0.8048780487804879,0.3048780487804878,0.8048780487804879,0.3780487804878049,0.35365853658536583,0.5365853658536586,0.6097560975609756,0.4268292682926829,0.35365853658536583
0,475,1,0.18739793308944133,0.5,0.8292682926829268,0.32926829268292684,0.32926829268292684,0.7317073170731707,0.6829268292682927,0.3170731707317073,0.6829268292682927,0.8414634146341463,0.2926829268292683,0.6585365853658537,0.4146341463414634,0.34146341463414637,0.32926829268292684,0.6707317073170732,0.7073170731707317,0.36585365853658536,0.3902439024390244,0.5487804878048781,0.2682926829268293,0.34146341463414637,0.7317073170731707,0.7195121951219512,0.6951219512195121,0.24390243902439024,0.3902439024390244,0.3170731707317073,0.6097560975609756,0.3780487804878049,0.34146341463414637
0,475,2,0.16064884301928373,0.573170731707317,0.8780487804878049,0.36585365853658536,0.47560975609756095,0.6097560975609756,0.6951219512195121,0.3170731707317073,0.6097560975609756,0.3902439024390244,0.4146341463414634,0.6219512195121951,0.4878048780487805,0.3780487804878049,0.5853658536585366,0.8536585365853658,0.4268292682926829,0.34146341463414637,0.2804878048780488,0.36585365853658536,0.3780487804878049,0.6585365853658537,0.47560975609756095,0.7195121951219512,0.6585365853658537,0.2926829268292683,0.5365853658536586,0.4878048780487805,0.35365853658536583,0.2682926829268293,0.5
0,475,3,0.1625508050661155,0.47560975609756095,0.7804878048780488,0.524390243902439,0.5975609756097561,0.24390243902439024,0.25609756097560976,0.5487804878048781,0.47560975609756095,0.3902439024390244,0.573170731707317,0.35365853658536583,0.4878048780487805,0.4024390243902439,0.6097560975609756,0.9512195121951219,0.25609756097560976,0.5609756097560976,0.6463414634146342,0.47560975609756095,0.4634146341463415,0.7317073170731707,0.36585365853658536,0.6829268292682927,0.23170731707317074,0.5365853658536586,0.5487804878048781,0.43902439024390244,0.5975609756097561,0.32926829268292684,0.4634146341463415
0,475,4,0.1623677179364181,0.6585365853658537,0.7073170731707317,0.5609756097560976,0.5,0.1951219512195122,0.2682926829268293,0.6585365853658537,0.3902439024390244,0.45121951219512196,0.573170731707317,0.5,0.45121951219512196,0.2073170731707317,0.5853658536585366,0.7439024390243902,0.3048780487804878,0.32926829268292684,0.6707317073170732,0.524390243902439,0.5853658536585366,0.8048780487804879,0.3902439024390244,0.5975609756097561,0.2682926829268293,0.5487804878048781,0.6951219512195121,0.47560975609756095,0.6341463414634146,0.32926829268292684,0.3902439024390244
0,475,5,0.14556024542636015,0.47560975609756095,0.23170731707317074,0.6097560975609756,0.3902439024390244,0.35365853658536583,0.5,0.6463414634146342,0.2926829268292683,0.3902439024390244,0.5853658536585366,0.3780487804878049,0.3780487804878049,0.8048780487804879,0.4878048780487805,0.524390243902439,0.6219512195121951,0.7073170731707317,0.6707317073170732,0.6829268292682927,0.6463414634146342,0.6341463414634146,0.4024390243902439,0.6463414634146342,0.23170731707317074,0.3170731707317073,0.4146341463414634,0.47560975609756095,0.5487804878048781,0.43902439024390244,0.5121951219512195
0,475,6,0.12010802197312322,0.3048780487804878,0.4634146341463415,0.5853658536585366,0.5,0.4878048780487805,0.4634146341463415,0.6951219512195121,0.6097560975609756,0.4634146341463415,0.5853658536585366,0.6585365853658537,0.4146341463414634,0.5487804878048781,0.3902439024390244,0.4024390243902439,0.6707317073170732,0.5487804878048781,0.7439024390243902,0.47560975609756095,0.524390243902439,0.4878048780487805,0.4146341463414634,0.5,0.25609756097560976,0.7195121951219512,0.3902439024390244,0.32926829268292684,0.3780487804878049,0.43902439024390244,0.5487804878048781
0,475,7,0.1629163620609249,0.5121951219512195,0.2682926829268293,0.4146341463414634,0.32926829268292684,0.8902439024390244,0.5365853658536586,0.3048780487804878,0.6463414634146342,0.4024390243902439,0.5609756097560976,0.8170731707317073,0.6219512195121951,0.7317073170731707,0.3780487804878049,0.6951219512195121,0.45121951219512196,0.5487804878048781,0.6341463414634146,0.43902439024390244,0.32926829268292684,0.4268292682926829,0.5121951219512195,0.4024390243902439,0.34146341463414637,0.6951219512195121,0.3780487804878049,0.2926829268292683,0.34146341463414637,0.4146341463414634,0.6829268292682927
0,475,8,0.1754855025640371,0.4146341463414634,0.2682926829268293,0.34146341463414637,0.4634146341463415,0.8414634146341463,0.45121951219512196,0.32926829268292684,0.6951219512195121,0.3780487804878049,0.3780487804878049,0.7073170731707317,0.6219512195121951,0.7439024390243902,0.47560975609756095,0.6829268292682927,0.2926829268292683,0.7926829268292683,0.2804878048780488,0.6951219512195121,0.43902439024390244,0.24390243902439024,0.34146341463414637,0.4634146341463415,0.4634146341463415,0.8414634146341463,0.3780487804878049,0.4024390243902439,0.573170731707317,0.573170731707317,0.4268292682926829
0,475,9,0.13815158917045878,0.2926829268292683,0.5,0.5609756097560976,0.4146341463414634,0.5487804878048781,0.5121951219512195,0.45121951219512196,0.6707317073170732,0.6585365853658537,0.4268292682926829,0.5487804878048781,0.3048780487804878,0.7317073170731707,0.4024390243902439,0.524390243902439,0.3048780487804878,0.4878048780487805,0.36585365853658536,0.8414634146341463,0.4878048780487805,0.32926829268292684,0.5975609756097561,0.4146341463414634,0.4634146341463415,0.7926829268292683,0.45121951219512196,0.5853658536585366,0.4268292682926829,0.34146341463414637,0.5609756097560976
1,475,0,0.19679163662384688,0.45121951219512196,0.4146341463414634,0.43902439024390244,0.7195121951219512,0.3048780487804878,0.23170731707317074,0.2682926829268293,0.5609756097560976,0.34146341463414637,0.3048780487804878,0.8170731707317073,0.7560975609756098,0.7926829268292683,0.2804878048780488,0.5853658536585366,0.6341463414634146,0.6219512195121951,0.36585365853658536,0.7560975609756098,0.5975609756097561,0.8414634146341463,0.2682926829268293,0.7439024390243902,0.3048780487804878,0.6951219512195121,0.2682926829268293,0.2682926829268293,0.3902439024390244,0.4146341463414634,0.5609756097560976
1,475,1,0.1578157471031015,0.3902439024390244,0.36585365853658536,0.3902439024390244,0.3048780487804878,0.2804878048780488,0.32926829268292684,0.7195121951219512,0.32926829268292684,0.35365853658536583,0.4634146341463415,0.7073170731707317,0.6951219512195121,0.6097560975609756,0.45121951219512196,0.4878048780487805,0.6585365853658537,0.45121951219512196,0.4146341463414634,0.7560975609756098,0.5121951219512195,0.6829268292682927,0.5853658536585366,0.6585365853658537,0.7195121951219512,0.32926829268292684,0.2804878048780488,0.43902439024390244,0.573170731707317,0.3170731707317073,0.7439024390243902
1,475,2,0.16536273589885359,0.32926829268292684,0.3170731707317073,0.45121951219512196,0.24390243902439024,0.5487804878048781,0.5365853658536586,0.7804878048780488,0.5121951219512195,0.35365853658536583,0.36585365853658536,0.6585365853658537,0.7682926829268293,0.6463414634146342,0.5121951219512195,0.4878048780487805,0.4146341463414634,0.3170731707317073,0.3048780487804878,0.6707317073170732,0.3902439024390244,0.8414634146341463,0.4146341463414634,0.35365853658536583,0.7682926829268293,0.47560975609756095,0.36585365853658536,0.43902439024390244,0.3902439024390244,0.7682926829268293,0.573170731707317
1,475,3,0.15746983192814956,0.4878048780487805,0.524390243902439,0.5487804878048781,0.34146341463414637,0.3902439024390244,0.7439024390243902,0.7560975609756098,0.7682926829268293,0.6219512195121951,0.4634146341463415,0.35365853658536583,0.524390243902439,0.7560975609756098,0.3170731707317073,0.5,0.2804878048780488,0.3780487804878049,0.47560975609756095,0.18292682926829268,0.45121951219512196,0.3780487804878049,0.573170731707317,0.524390243902439,0.8048780487804879,0.5609756097560976,0.4268292682926829,0.45121951219512196,0.36585365853658536,0.6951219512195121,0.35365853658536583
1,475,4,0.16871632785874402,0.524390243902439,0.524390243902439,0.6951219512195121,0.32926829268292684,0.5,0.6219512195121951,0.7439024390243902,0.7317073170731707,0.5609756097560976,0.36585365853658536,0.25609756097560976,0.4878048780487805,0.6951219512195121,0.5853658536585366,0.3780487804878049,0.35365853658536583,0.5,0.4024390243902439,0.10975609756097561,0.2804878048780488,0.6219512195121951,0.5975609756097561,0.32926829268292684,0.7073170731707317,0.5975609756097561,0.34146341463414637,0.3902439024390244,0.4878048780487805,0.8658536585365854,0.4146341463414634
1,475,5,0.16086470680820633,0.524390243902439,0.5487804878048781,0.2804878048780488,0.5975609756097561,0.45121951219512196,0.5365853658536586,0.4634146341463415,0.5,0.573170731707317,0.3170731707317073,0.5121951219512195,0.926829268292683,0.2926829268292683,0.36585365853658536,0.6707317073170732,0.5853658536585366,0.5975609756097561,0.45121951219512196,0.7682926829268293,0.4024390243902439,0.45121951219512196,0.6829268292682927,0.4634146341463415,0.2073170731707317,0.36585365853658536,0.5487804878048781,0.2804878048780488,0.4878048780487805,0.7926829268292683,0.35365853658536583
1,475,6,0.15784715634753693,0.573170731707317,0.45121951219512196,0.4634146341463415,0.5609756097560976,0.47560975609756095,0.32926829268292684,0.35365853658536583,0.5365853658536586,0.4634146341463415,0.3780487804878049,0.6097560975609756,0.8902439024390244,0.34146341463414637,0.21951219512195122,0.5975609756097561,0.6707317073170732,0.6341463414634146,0.4024390243902439,0.8658536585365854,0.7560975609756098,0.2926829268292683,0.5609756097560976,0.573170731707317,0.32926829268292684,0.43902439024390244,0.3780487804878049,0.4024390243902439,0.5975609756097561,0.4634146341463415,0.3902439024390244
1,475,7,0.15884897302910506,0.3780487804878049,0.524390243902439,0.3902439024390244,0.5,0.35365853658536583,0.32926829268292684,0.6097560975609756,0.6707317073170732,0.4878048780487805,0.4146341463414634,0.4268292682926829,0.7317073170731707,0.3048780487804878,0.3902439024390244,0.2926829268292683,0.4878048780487805,0.2682926829268293,0.4634146341463415,0.6341463414634146,0.7073170731707317,0.5975609756097561,0.8658536585365854,0.7560975609756098,0.4024390243902439,0.32926829268292684,0.45121951219512196,0.2926829268292683,0.5975609756097561,0.6951219512195121,0.6463414634146342
1,475,8,0.1513374834876934,0.4024390243902439,0.36585365853658536,0.34146341463414637,0.5365853658536586,0.45121951219512196,0.4268292682926829,0.36585365853658536,0.7439024390243902,0.4268292682926829,0.5121951219512195,0.5853658536585366,0.6341463414634146,0.34146341463414637,0.32926829268292684,0.524390243902439,0.3780487804878049,0.3780487804878049,0.36585365853658536,0.573170731707317,0.6829268292682927,0.6219512195121951,0.926829268292683,0.6463414634146342,0.6341463414634146,0.4634146341463415,0.2804878048780488,0.43902439024390244,0.7439024390243902,0.34146341463414637,0.5365853658536586
1,475,9,0.1436403842383347,0.3780487804878049,0.2682926829268293,0.2073170731707317,0.524390243902439,0.4146341463414634,0.2682926829268293,0.43902439024390244,0.7317073170731707,0.5121951219512195,0.5121951219512195,0.5853658536585366,0.7317073170731707,0.5609756097560976,0.524390243902439,0.2926829268292683,0.5121951219512195,0.47560975609756095,0.47560975609756095,0.5121951219512195,0.6341463414634146,0.47560975609756095,0.8170731707317073,0.6585365853658537,0.6097560975609756,0.573170731707317,0.573170731707317,0.5365853658536586,0.4146341463414634,0.25609756097560976,0.524390243902439
2,475,0,0.19794702820856197,0.2804878048780488,0.23170731707317074,0.6829268292682927,0.6951219512195121,0.24390243902439024,0.6829268292682927,0.3048780487804878,0.9390243902439024,0.6463414634146342,0.32926829268292684,0.7560975609756098,0.8048780487804879,0.34146341463414637,0.32926829268292684,0.35365853658536583,0.5975609756097561,0.25609756097560976,0.5487804878048781,0.5853658536585366,0.2682926829268293,0.35365853658536583,0.43902439024390244,0.6707317073170732,0.6829268292682927,0.6463414634146342,0.21951219512195122,0.47560975609756095,0.6463414634146342,0.3780487804878049,0.6097560975609756
2,475,1,0.1871067162342504,0.4268292682926829,0.36585365853658536,0.6219512195121951,0.6585365853658537,0.3170731707317073,0.524390243902439,0.23170731707317074,0.9878048780487805,0.7439024390243902,0.1951219512195122,0.6585365853658537,0.7682926829268293,0.3170731707317073,0.35365853658536583,0.35365853658536583,0.3902439024390244,0.3048780487804878,0.7560975609756098,0.47560975609756095,0.43902439024390244,0.25609756097560976,0.4878048780487805,0.6097560975609756,0.4024390243902439,0.7560975609756098,0.35365853658536583,0.4634146341463415,0.6219512195121951,0.573170731707317,0.5853658536585366
2,475,2,0.16391744027362562,0.6951219512195121,0.5975609756097561,0.34146341463414637,0.2682926829268293,0.6585365853658537,0.573170731707317,0.4146341463414634,0.5,0.3780487804878049,0.5,0.4024390243902439,0.3170731707317073,0.3170731707317073,0.3902439024390244,0.3780487804878049,0.2804878048780488,0.5365853658536586,0.8780487804878049,0.3902439024390244,0.2926829268292683,0.6829268292682927,0.5121951219512195,0.6585365853658537,0.3048780487804878,0.8170731707317073,0.6219512195121951,0.7317073170731707,0.47560975609756095,0.4878048780487805,0.5975609756097561
2,475,3,0.1443633242319655,0.524390243902439,0.8170731707317073,0.3902439024390244,0.7560975609756098,0.6219512195121951,0.4634146341463415,0.6219512195121951,0.5609756097560976,0.34146341463414637,0.45121951219512196,0.3902439024390244,0.34146341463414637,0.2804878048780488,0.4024390243902439,0.35365853658536583,0.43902439024390244,0.6585365853658537,0.5975609756097561,0.2804878048780488,0.573170731707317,0.6341463414634146,0.4146341463414634,0.5365853658536586,0.4268292682926829,0.7926829268292683,0.6097560975609756,0.5609756097560976,0.4268292682926829,0.3902439024390244,0.34146341463414637
2,475,4,0.16388719441299845,0.6097560975609756,0.4146341463414634,0.573170731707317,0.8292682926829268,0.6707317073170732,0.36585365853658536,0.7195121951219512,0.45121951219512196,0.2073170731707317,0.4634146341463415,0.36585365853658536,0.25609756097560976,0.524390243902439,0.4268292682926829,0.45121951219512196,0.43902439024390244,0.6829268292682927,0.4024390243902439,0.4146341463414634,0.5975609756097561,0.6707317073170732,0.25609756097560976,0.4878048780487805,0.5365853658536586,0.7560975609756098,0.8658536585365854,0.3902439024390244,0.3780487804878049,0.4146341463414634,0.3780487804878049
2,475,5,0.15680732944703993,0.4146341463414634,0.47560975609756095,0.43902439024390244,0.7804878048780488,0.43902439024390244,0.6341463414634146,0.8170731707317073,0.2073170731707317,0.5,0.6951219512195121,0.2804878048780488,0.5609756097560976,0.524390243902439,0.5365853658536586,0.5365853658536586,0.47560975609756095,0.6219512195121951,0.43902439024390244,0.5975609756097561,0.5,0.5,0.23170731707317074,0.524390243902439,0.5,0.4878048780487805,0.8780487804878049,0.25609756097560976,0.4024390243902439,0.36585365853658536,0.3780487804878049
2,475,6,0.13447852441063632,0.43902439024390244,0.2926829268292683,0.524390243902439,0.7317073170731707,0.6341463414634146,0.2926829268292683,0.6463414634146342,0.4268292682926829,0.524390243902439,0.4024390243902439,0.34146341463414637,0.7317073170731707,0.5,0.4024390243902439,0.35365853658536583,0.43902439024390244,0.36585365853658536,0.4146341463414634,0.573170731707317,0.6219512195121951,0.6219512195121951,0.5121951219512195,0.6341463414634146,0.2682926829268293,0.47560975609756095,0.7317073170731707,0.5487804878048781,0.4878048780487805,0.6707317073170732,0.3902439024390244
2,475,7,0.11688670787854076,0.6097560975609756,0.4878048780487805,0.4878048780487805,0.4146341463414634,0.4878048780487805,0.4146341463414634,0.47560975609756095,0.3780487804878049,0.5121951219512195,0.4878048780487805,0.7073170731707317,0.4878048780487805,0.8292682926829268,0.32926829268292684,0.34146341463414637,0.36585365853658536,0.3780487804878049,0.35365853658536583,0.6585365853658537,0.5365853658536586,0.6097560975609756,0.6707317073170732,0.5121951219512195,0.32926829268292684,0.5,0.4878048780487805,0.4878048780487805,0.573170731707317,0.5609756097560976,0.524390243902439
2,475,8,0.13547018611706163,0.6463414634146342,0.6219512195121951,0.7195121951219512,0.5487804878048781,0.5,0.3902439024390244,0.3780487804878049,0.25609756097560976,0.4268292682926829,0.5,0.7195121951219512,0.3170731707317073,0.5975609756097561,0.4878048780487805,0.21951219512195122,0.3170731707317073,0.43902439024390244,0.6463414634146342,0.47560975609756095,0.3902439024390244,0.5487804878048781,0.5975609756097561,0.4268292682926829,0.6219512195121951,0.5365853658536586,0.573170731707317,0.5853658536585366,0.5975609756097561,0.6463414634146342,0.2682926829268293
2,475,9,0.12657886475465732,0.3902439024390244,0.5121951219512195,0.6341463414634146,0.4268292682926829,0.5121951219512195,0.6097560975609756,0.47560975609756095,0.4268292682926829,0.5975609756097561,0.47560975609756095,0.3170731707317073,0.3048780487804878,0.8170731707317073,0.5365853658536586,0.6707317073170732,0.4268292682926829,0.4878048780487805,0.3902439024390244,0.3170731707317073,0.3170731707317073,0.6341463414634146,0.36585365853658536,0.4268292682926829,0.4268292682926829,0.4878048780487805,0.5,0.5487804878048781,0.7317073170731707,0.6219512195121951,0.6097560975609756
3,475,0,0.2063343518734529,0.17073170731707318,0.6707317073170732,0.3170731707317073,0.5975609756097561,0.2682926829268293,0.6341463414634146,0.5487804878048781,0.2073170731707317,0.2073170731707317,0.34146341463414637,0.573170731707317,0.8902439024390244,0.7073170731707317,0.6463414634146342,0.3170731707317073,0.45121951219512196,0.8048780487804879,0.24390243902439024,0.5487804878048781,0.6097560975609756,0.6951219512195121,0.7926829268292683,0.2926829268292683,0.34146341463414637,0.7560975609756098,0.2073170731707317,0.6097560975609756,0.3780487804878049,0.6585365853658537,0.5121951219512195
3,475,1,0.1778147476266456,0.36585365853658536,0.8170731707317073,0.7073170731707317,0.6707317073170732,0.24390243902439024,0.45121951219512196,0.5975609756097561,0.2682926829268293,0.2682926829268293,0.3048780487804878,0.573170731707317,0.7926829268292683,0.47560975609756095,0.6829268292682927,0.4146341463414634,0.5121951219512195,0.35365853658536583,0.2073170731707317,0.573170731707317,0.5,0.6585365853658537,0.6097560975609756,0.5365853658536586,0.6097560975609756,0.7926829268292683,0.2804878048780488,0.2926829268292683,0.2804878048780488,0.6097560975609756,0.5487804878048781
3,475,2,0.14935913065751086,0.4024390243902439,0.6341463414634146,0.8170731707317073,0.6585365853658537,0.6829268292682927,0.4024390243902439,0.4878048780487805,0.34146341463414637,0.43902439024390244,0.23170731707317074,0.4024390243902439,0.7439024390243902,0.5487804878048781,0.2682926829268293,0.35365853658536583,0.5609756097560976,0.3170731707317073,0.4146341463414634,0.5365853658536586,0.47560975609756095,0.6219512195121951,0.4634146341463415,0.5,0.5,0.8170731707317073,0.4146341463414634,0.4634146341463415,0.45121951219512196,0.36585365853658536,0.6829268292682927
3,475,3,0.17571135272515,0.3780487804878049,0.1951219512195122,0.8536585365853658,0.36585365853658536,0.8536585365853658,0.45121951219512196,0.6341463414634146,0.7439024390243902,0.7682926829268293,0.3780487804878049,0.34146341463414637,0.6341463414634146,0.2804878048780488,0.47560975609756095,0.4878048780487805,0.32926829268292684,0.3902439024390244,0.4878048780487805,0.3170731707317073,0.1951219512195122,0.7560975609756098,0.4634146341463415,0.5487804878048781,0.6829268292682927,0.43902439024390244,0.4146341463414634,0.5121951219512195,0.4878048780487805,0.5487804878048781,0.5853658536585366
3,475,4,0.17630283286342635,0.25609756097560976,0.5,0.8780487804878049,0.2804878048780488,0.6341463414634146,0.2804878048780488,0.6829268292682927,0.8048780487804879,0.7926829268292683,0.45121951219512196,0.4268292682926829,0.5975609756097561,0.3048780487804878,0.45121951219512196,0.45121951219512196,0.4146341463414634,0.3048780487804878,0.6219512195121951,0.3780487804878049,0.2073170731707317,0.7317073170731707,0.5975609756097561,0.4878048780487805,0.5975609756097561,0.4634146341463415,0.2682926829268293,0.5975609756097561,0.45121951219512196,0.4024390243902439,0.6829268292682927
3,475,5,0.17418118118397194,0.5487804878048781,0.5121951219512195,0.8658536585365854,0.23170731707317074,0.7073170731707317,0.43902439024390244,0.7560975609756098,0.8048780487804879,0.8414634146341463,0.573170731707317,0.5121951219512195,0.25609756097560976,0.47560975609756095,0.5,0.4024390243902439,0.4146341463414634,0.3048780487804878,0.4024390243902439,0.4024390243902439,0.5975609756097561,0.7317073170731707,0.2682926829268293,0.35365853658536583,0.4634146341463415,0.5975609756097561,0.3902439024390244,0.524390243902439,0.23170731707317074,0.4268292682926829,0.4634146341463415
3,475,6,0.1650626762506208,0.6097560975609756,0.6829268292682927,0.2682926829268293,0.4146341463414634,0.7073170731707317,0.4878048780487805,0.4878048780487805,0.6097560975609756,0.8048780487804879,0.4146341463414634,0.7073170731707317,0.4146341463414634,0.4268292682926829,0.6585365853658537,0.3170731707317073,0.35365853658536583,0.43902439024390244,0.34146341463414637,0.3902439024390244,0.7439024390243902,0.6341463414634146,0.5365853658536586,0.4878048780487805,0.34146341463414637,0.45121951219512196,0.4878048780487805,0.1951219512195122,0.4146341463414634,0.8658536585365854,0.3048780487804878
3,475,7,0.1521216207757334,0.5,0.7926829268292683,0.3780487804878049,0.4268292682926829,0.5975609756097561,0.3902439024390244,0.32926829268292684,0.524390243902439,0.6219512195121951,0.6341463414634146,0.4146341463414634,0.5365853658536586,0.32926829268292684,0.6341463414634146,0.45121951219512196,0.5975609756097561,0.5121951219512195,0.4146341463414634,0.5853658536585366,0.6097560975609756,0.5975609756097561,0.6219512195121951,0.4634146341463415,0.4024390243902439,0.2804878048780488,0.4268292682926829,0.4024390243902439,0.3780487804878049,0.9512195121951219,0.1951219512195122
3,475,8,0.14060575446114132,0.5121951219512195,0.6707317073170732,0.2926829268292683,0.34146341463414637,0.5,0.47560975609756095,0.35365853658536583,0.23170731707317074,0.5,0.47560975609756095,0.36585365853658536,0.573170731707317,0.34146341463414637,0.3902439024390244,0.5975609756097561,0.35365853658536583,0.5975609756097561,0.6463414634146342,0.5121951219512195,0.5853658536585366,0.6707317073170732,0.524390243902439,0.6219512195121951,0.5,0.35365853658536583,0.5,0.5609756097560976,0.6097560975609756,0.926829268292683,0.4146341463414634
3,475,9,0.15202382480241386,0.3780487804878049,0.6341463414634146,0.6951219512195121,0.6951219512195121,0.47560975609756095,0.34146341463414637,0.45121951219512196,0.23170731707317074,0.3780487804878049,0.7073170731707317,0.36585365853658536,0.4878048780487805,0.3780487804878049,0.45121951219512196,0.45121951219512196,0.6219512195121951,0.4878048780487805,0.7317073170731707,0.4878048780487805,0.18292682926829268,0.6341463414634146,0.4878048780487805,0.4146341463414634,0.6097560975609756,0.5,0.34146341463414637,0.6463414634146342,0.524390243902439,0.8414634146341463,0.36585365853658536
4,475,0,0.20374736391083617,0.45121951219512196,0.4268292682926829,0.7073170731707317,0.8780487804878049,0.3780487804878049,0.15853658536585366,0.4878048780487805,0.5853658536585366,0.7317073170731707,0.7195121951219512,0.5365853658536586,0.573170731707317,0.7804878048780488,0.25609756097560976,0.21951219512195122,0.36585365853658536,0.524390243902439,0.4634146341463415,0.21951219512195122,0.4024390243902439,0.2682926829268293,0.6463414634146342,0.9024390243902439,0.35365853658536583,0.7073170731707317,0.2682926829268293,0.34146341463414637,0.3048780487804878,0.7073170731707317,0.6341463414634146
4,475,1,0.17914796027759858,0.47560975609756095,0.15853658536585366,0.7073170731707317,0.8536585365853658,0.45121951219512196,0.2682926829268293,0.6341463414634146,0.35365853658536583,0.7073170731707317,0.8292682926829268,0.573170731707317,0.3780487804878049,0.6829268292682927,0.5975609756097561,0.3048780487804878,0.32926829268292684,0.5609756097560976,0.4024390243902439,0.3170731707317073,0.43902439024390244,0.45121951219512196,0.5365853658536586,0.6829268292682927,0.7073170731707317,0.32926829268292684,0.2682926829268293,0.35365853658536583,0.3780487804878049,0.7195121951219512,0.5487804878048781
4,475,2,0.15496284728049944,0.5,0.2682926829268293,0.5853658536585366,0.573170731707317,0.4878048780487805,0.8048780487804879,0.5487804878048781,0.36585365853658536,0.5121951219512195,0.6951219512195121,0.524390243902439,0.2682926829268293,0.4634146341463415,0.6585365853658537,0.4268292682926829,0.4268292682926829,0.6829268292682927,0.13414634146341464,0.47560975609756095,0.34146341463414637,0.3048780487804878,0.573170731707317,0.7073170731707317,0.6951219512195121,0.3780487804878049,0.5365853658536586,0.3902439024390244,0.36585365853658536,0.6341463414634146,0.6707317073170732
4,475,3,0.13134548310084157,0.4024390243902439,0.5609756097560976,0.4878048780487805,0.5,0.45121951219512196,0.8902439024390244,0.4878048780487805,0.35365853658536583,0.524390243902439,0.35365853658536583,0.4634146341463415,0.4146341463414634,0.6829268292682927,0.6097560975609756,0.3902439024390244,0.3780487804878049,0.4146341463414634,0.5121951219512195,0.5365853658536586,0.2073170731707317,0.45121951219512196,0.3780487804878049,0.5609756097560976,0.6829268292682927,0.36585365853658536,0.573170731707317,0.6829268292682927,0.6341463414634146,0.524390243902439,0.524390243902439
4,475,4,0.1629163620609249,0.5853658536585366,0.573170731707317,0.5,0.23170731707317074,0.5121951219512195,0.8536585365853658,0.45121951219512196,0.2926829268292683,0.5365853658536586,0.4146341463414634,0.5121951219512195,0.2073170731707317,0.5975609756097561,0.5487804878048781,0.573170731707317,0.5365853658536586,0.3902439024390244,0.6463414634146342,0.7804878048780488,0.5,0.3780487804878049,0.2804878048780488,0.2804878048780488,0.3170731707317073,0.47560975609756095,0.6829268292682927,0.8048780487804879,0.5975609756097561,0.5975609756097561,0.34146341463414637
4,475,5,0.13893878408415722,0.4878048780487805,0.6341463414634146,0.21951219512195122,0.5609756097560976,0.5,0.8536585365853658,0.2682926829268293,0.4878048780487805,0.36585365853658536,0.573170731707317,0.4634146341463415,0.4878048780487805,0.5365853658536586,0.4024390243902439,0.4146341463414634,0.6951219512195121,0.4268292682926829,0.5853658536585366,0.5365853658536586,0.4634146341463415,0.5853658536585366,0.5,0.25609756097560976,0.6951219512195121,0.5365853658536586,0.6585365853658537,0.5853658536585366,0.5609756097560976,0.2926829268292683,0.36585365853658536
4,475,6,0.15104238249161986,0.5853658536585366,0.6463414634146342,0.4268292682926829,0.5975609756097561,0.6097560975609756,0.7195121951219512,0.34146341463414637,0.2804878048780488,0.2804878048780488,0.5975609756097561,0.5,0.4268292682926829,0.524390243902439,0.32926829268292684,0.2682926829268293,0.6951219512195121,0.6463414634146342,0.6829268292682927,0.5609756097560976,0.6585365853658537,0.3780487804878049,0.4878048780487805,0.2682926829268293,0.524390243902439,0.5853658536585366,0.24390243902439024,0.4146341463414634,0.7073170731707317,0.35365853658536583,0.6585365853658537
4,475,7,0.12251900345098732,0.4146341463414634,0.7073170731707317,0.6341463414634146,0.4634146341463415,0.35365853658536583,0.2926829268292683,0.4024390243902439,0.47560975609756095,0.6097560975609756,0.45121951219512196,0.7682926829268293,0.573170731707317,0.3780487804878049,0.4878048780487805,0.47560975609756095,0.5487804878048781,0.5487804878048781,0.5609756097560976,0.5121951219512195,0.6097560975609756,0.4024390243902439,0.3902439024390244,0.4024390243902439,0.5487804878048781,0.35365853658536583,0.4146341463414634,0.5853658536585366,0.6097560975609756,0.2926829268292683,0.7317073170731707
4,475,8,0.12219487853536924,0.5975609756097561,0.4268292682926829,0.5853658536585366,0.32926829268292684,0.5121951219512195,0.5121951219512195,0.43902439024390244,0.4268292682926829,0.5,0.45121951219512196,0.47560975609756095,0.6829268292682927,0.3170731707317073,0.3780487804878049,0.5609756097560976,0.3902439024390244,0.3902439024390244,0.5853658536585366,0.5121951219512195,0.5121951219512195,0.45121951219512196,0.3780487804878049,0.47560975609756095,0.5365853658536586,0.5853658536585366,0.6585365853658537,0.47560975609756095,0.2926829268292683,0.6951219512195121,0.8658536585365854
4,475,9,0.14532164985137785,0.36585365853658536,0.32926829268292684,0.7195121951219512,0.47560975609756095,0.5487804878048781,0.6585365853658537,0.32926829268292684,0.36585365853658536,0.35365853658536583,0.34146341463414637,0.6341463414634146,0.21951219512195122,0.4878048780487805,0.6707317073170732,0.5121951219512195,0.24390243902439024,0.47560975609756095,0.5853658536585366,0.4634146341463415,0.32926829268292684,0.4146341463414634,0.6951219512195121,0.5975609756097561,0.5853658536585366,0.6341463414634146,0.5853658536585366,0.524390243902439,0.4268292682926829,0.6829268292682927,0.7439024390243902
0,500,0,0.21815297341461365,0.7560975609756098,0.5975609756097561,0.8780487804878049,0.24390243902439024,0.25609756097560976,0.6585365853658537,0.8170731707317073,0.3048780487804878,0.3048780487804878,0.6341463414634146,0.36585365853658536,0.2926829268292683,0.8414634146341463,0.2682926829268293,0.4024390243902439,0.3902439024390244,0.5365853658536586,0.3780487804878049,0.8780487804878049,0.36585365853658536,0.7804878048780488,0.34146341463414637,0.6951219512195121,0.7804878048780488,0.573170731707317,0.5121951219512195,0.3780487804878049,0.18292682926829268,0.23170731707317074,0.35365853658536583
0,500,1,0.18625695099664527,0.43902439024390244,0.6951219512195121,0.6951219512195121,0.6219512195121951,0.35365853658536583,0.4634146341463415,0.6341463414634146,0.23170731707317074,0.8170731707317073,0.7317073170731707,0.34146341463414637,0.2926829268292683,0.8170731707317073,0.23170731707317074,0.2682926829268293,0.5,0.5121951219512195,0.32926829268292684,0.8658536585365854,0.5365853658536586,0.4878048780487805,0.25609756097560976,0.3902439024390244,0.6829268292682927,0.4268292682926829,0.6219512195121951,0.3902439024390244,0.23170731707317074,0.5975609756097561,0.5365853658536586
0,500,2,0.1829268292682927,0.3780487804878049,0.35365853658536583,0.7439024390243902,0.5487804878048781,0.25609756097560976,0.6829268292682927,0.4878048780487805,0.34146341463414637,0.9512195121951219,0.36585365853658536,0.2073170731707317,0.45121951219512196,0.8170731707317073,0.4878048780487805,0.2804878048780488,0.5365853658536586,0.524390243902439,0.2682926829268293,0.6097560975609756,0.5365853658536586,0.3048780487804878,0.4268292682926829,0.7560975609756098,0.6707317073170732,0.23170731707317074,0.6341463414634146,0.5609756097560976,0.47560975609756095,0.6585365853658537,0.45121951219512196
0,500,3,0.17644336922122525,0.21951219512195122,0.45121951219512196,0.2682926829268293,0.5609756097560976,0.7073170731707317,0.5365853658536586,0.47560975609756095,0.5975609756097561,0.9390243902439024,0.3170731707317073,0.2804878048780488,0.6585365853658537,0.7439024390243902,0.3170731707317073,0.32926829268292684,0.5121951219512195,0.6585365853658537,0.35365853658536583,0.6219512195121951,0.6219512195121951,0.2926829268292683,0.3780487804878049,0.6707317073170732,0.3048780487804878,0.3170731707317073,0.6707317073170732,0.6097560975609756,0.36585365853658536,0.6341463414634146,0.5853658536585366
0,500,4,0.1668252269752511,0.3048780487804878,0.3170731707317073,0.3170731707317073,0.524390243902439,0.6585365853658537,0.6341463414634146,0.3048780487804878,0.6341463414634146,0.9512195121951219,0.5365853658536586,0.3902439024390244,0.45121951219512196,0.5121951219512195,0.2804878048780488,0.25609756097560976,0.7439024390243902,0.6585365853658537,0.4146341463414634,0.5121951219512195,0.4634146341463415,0.25609756097560976,0.4024390243902439,0.6219512195121951,0.6219512195121951,0.34146341463414637,0.524390243902439,0.6707317073170732,0.4268292682926829,0.5487804878048781,0.7195121951219512
0,500,5,0.14859377862149173,0.45121951219512196,0.6585365853658537,0.2926829268292683,0.2804878048780488,0.7073170731707317,0.5365853658536586,0.4268292682926829,0.47560975609756095,0.4146341463414634,0.43902439024390244,0.524390243902439,0.3780487804878049,0.4024390243902439,0.7560975609756098,0.3170731707317073,0.5853658536585366,0.5609756097560976,0.6585365853658537,0.2682926829268293,0.6219512195121951,0.3170731707317073,0.43902439024390244,0.5975609756097561,0.8048780487804879,0.6097560975609756,0.5609756097560976,0.7439024390243902,0.3902439024390244,0.35365853658536583,0.4268292682926829
0,500,6,0.14647690209555705,0.4878048780487805,0.6097560975609756,0.7439024390243902,0.6097560975609756,0.6341463414634146,0.35365853658536583,0.35365853658536583,0.45121951219512196,0.2804878048780488,0.4268292682926829,0.524390243902439,0.43902439024390244,0.34146341463414637,0.4146341463414634,0.6097560975609756,0.4268292682926829,0.4878048780487805,0.45121951219512196,0.24390243902439024,0.5365853658536586,0.4878048780487805,0.45121951219512196,0.36585365853658536,0.8658536585365854,0.7317073170731707,0.7682926829268293,0.5975609756097561,0.5365853658536586,0.35365853658536583,0.4146341463414634
0,500,7,0.16400814438843775,0.6585365853658537,0.3902439024390244,0.6707317073170732,0.6585365853658537,0.34146341463414637,0.4634146341463415,0.36585365853658536,0.45121951219512196,0.4146341463414634,0.5853658536585366,0.3170731707317073,0.25609756097560976,0.35365853658536583,0.7317073170731707,0.6341463414634146,0.7317073170731707,0.6829268292682927,0.34146341463414637,0.524390243902439,0.35365853658536583,0.4268292682926829,0.524390243902439,0.14634146341463414,0.7073170731707317,0.573170731707317,0.8658536585365854,0.4024390243902439,0.4024390243902439,0.4878048780487805,0.5365853658536586
0,500,8,0.17000425744980882,0.34146341463414637,0.6219512195121951,0.3902439024390244,0.7073170731707317,0.6829268292682927,0.5121951219512195,0.34146341463414637,0.5121951219512195,0.34146341463414637,0.3902439024390244,0.32926829268292684,0.5853658536585366,0.47560975609756095,0.7195121951219512,0.6707317073170732,0.7804878048780488,0.4268292682926829,0.3780487804878049,0.5975609756097561,0.43902439024390244,0.4634146341463415,0.5609756097560976,0.23170731707317074,0.7317073170731707,0.25609756097560976,0.9024390243902439,0.4024390243902439,0.21951219512195122,0.5609756097560976,0.4268292682926829
0,500,9,0.147623113974392,0.5975609756097561,0.25609756097560976,0.6585365853658537,0.3780487804878049,0.6585365853658537,0.6951219512195121,0.524390243902439,0.6341463414634146,0.4634146341463415,0.6341463414634146,0.23170731707317074,0.5,0.4268292682926829,0.8536585365853658,0.4878048780487805,0.7926829268292683,0.5487804878048781,0.32926829268292684,0.5121951219512195,0.5975609756097561,0.4146341463414634,0.36585365853658536,0.4024390243902439,0.43902439024390244,0.3902439024390244,0.3170731707317073,0.5609756097560976,0.35365853658536583,0.43902439024390244,0.5365853658536586
1,500,0,0.18745083300103543,0.24390243902439024,0.8292682926829268,0.573170731707317,0.5365853658536586,0.7560975609756098,0.524390243902439,0.3170731707317073,0.34146341463414637,0.4146341463414634,0.9146341463414634,0.35365853658536583,0.8780487804878049,0.6951219512195121,0.6097560975609756,0.5487804878048781,0.3902439024390244,0.3902439024390244,0.7560975609756098,0.4146341463414634,0.23170731707317074,0.3902439024390244,0.5365853658536586,0.3780487804878049,0.45121951219512196,0.3048780487804878,0.34146341463414637,0.4634146341463415,0.4634146341463415,0.6829268292682927,0.2682926829268293
1,500,1,0.16735925894503173,0.3048780487804878,0.6463414634146342,0.5,0.5,0.7195121951219512,0.35365853658536583,0.4634146341463415,0.36585365853658536,0.4634146341463415,0.45121951219512196,0.6951219512195121,0.8536585365853658,0.8292682926829268,0.573170731707317,0.4268292682926829,0.3170731707317073,0.25609756097560976,0.8780487804878049,0.4268292682926829,0.45121951219512196,0.3780487804878049,0.5975609756097561,0.2682926829268293,0.5,0.45121951219512196,0.34146341463414637,0.4634146341463415,0.3780487804878049,0.6951219512195121,0.45121951219512196
1,500,2,0.15153389821472263,0.3902439024390244,0.5487804878048781,0.36585365853658536,0.2804878048780488,0.6097560975609756,0.47560975609756095,0.3780487804878049,0.2926829268292683,0.4146341463414634,0.6585365853658537,0.7073170731707317,0.6707317073170732,0.7804878048780488,0.6951219512195121,0.6219512195121951,0.3780487804878049,0.2926829268292683,0.47560975609756095,0.6097560975609756,0.47560975609756095,0.4146341463414634,0.4878048780487805,0.4024390243902439,0.43902439024390244,0.3902439024390244,0.36585365853658536,0.47560975609756095,0.3902439024390244,0.6219512195121951,0.8902439024390244
1,500,3,0.17426654319898782,0.43902439024390244,0.35365853658536583,0.34146341463414637,0.4634146341463415,0.5121951219512195,0.32926829268292684,0.47560975609756095,0.5487804878048781,0.35365853658536583,0.6585365853658537,0.7073170731707317,0.7804878048780488,0.8048780487804879,0.47560975609756095,0.6097560975609756,0.5609756097560976,0.2926829268292683,0.18292682926829268,0.573170731707317,0.4268292682926829,0.35365853658536583,0.45121951219512196,0.45121951219512196,0.2804878048780488,0.8292682926829268,0.524390243902439,0.32926829268292684,0.4146341463414634,0.5609756097560976,0.9146341463414634
1,500,4,0.14011128406190312,0.4878048780487805,0.4024390243902439,0.3170731707317073,0.5121951219512195,0.5121951219512195,0.4024390243902439,0.524390243902439,0.5121951219512195,0.5487804878048781,0.3780487804878049,0.7439024390243902,0.6829268292682927,0.7317073170731707,0.2926829268292683,0.5975609756097561,0.45121951219512196,0.4878048780487805,0.2926829268292683,0.5609756097560976,0.4634146341463415,0.7073170731707317,0.4146341463414634,0.3902439024390244,0.32926829268292684,0.47560975609756095,0.5,0.6707317073170732,0.3048780487804878,0.47560975609756095,0.8292682926829268
1,500,5,0.1518933322248884,0.8536585365853658,0.34146341463414637,0.2073170731707317,0.43902439024390244,0.3902439024390244,0.5,0.2926829268292683,0.4878048780487805,0.5487804878048781,0.34146341463414637,0.6951219512195121,0.524390243902439,0.4634146341463415,0.4268292682926829,0.6463414634146342,0.8170731707317073,0.524390243902439,0.32926829268292684,0.3048780487804878,0.3902439024390244,0.5365853658536586,0.5487804878048781,0.34146341463414637,0.5365853658536586,0.573170731707317,0.4878048780487805,0.6951219512195121,0.7195121951219512,0.5121951219512195,0.524390243902439
1,500,6,0.126539694441247,0.6707317073170732,0.5,0.35365853658536583,0.3902439024390244,0.34146341463414637,0.5,0.32926829268292684,0.4146341463414634,0.4634146341463415,0.7560975609756098,0.5365853658536586,0.5,0.36585365853658536,0.47560975609756095,0.6585365853658537,0.7439024390243902,0.5121951219512195,0.6463414634146342,0.3780487804878049,0.32926829268292684,0.6219512195121951,0.43902439024390244,0.3780487804878049,0.5487804878048781,0.43902439024390244,0.4634146341463415,0.6585365853658537,0.7073170731707317,0.4024390243902439,0.47560975609756095
1,500,7,0.12832915491342245,0.5365853658536586,0.5,0.573170731707317,0.4268292682926829,0.3170731707317073,0.36585365853658536,0.2926829268292683,0.47560975609756095,0.4024390243902439,0.7560975609756098,0.6463414634146342,0.5487804878048781,0.4146341463414634,0.5975609756097561,0.5487804878048781,0.6585365853658537,0.47560975609756095,0.6829268292682927,0.5,0.34146341463414637,0.2804878048780488,0.43902439024390244,0.5975609756097561,0.4146341463414634,0.2926829268292683,0.5487804878048781,0.5975609756097561,0.7439024390243902,0.4878048780487805,0.5365853658536586
1,500,8,0.13911707080460123,0.4634146341463415,0.5,0.573170731707317,0.524390243902439,0.4878048780487805,0.24390243902439024,0.4878048780487805,0.47560975609756095,0.5853658536585366,0.7195121951219512,0.6097560975609756,0.5365853658536586,0.6951219512195121,0.3048780487804878,0.21951219512195122,0.6951219512195121,0.7317073170731707,0.5365853658536586,0.32926829268292684,0.36585365853658536,0.4024390243902439,0.5609756097560976,0.6707317073170732,0.47560975609756095,0.4024390243902439,0.4146341463414634,0.2926829268292683,0.6707317073170732,0.43902439024390244,0.5853658536585366
1,500,9,0.13883170215373372,0.4146341463414634,0.5365853658536586,0.3780487804878049,0.6585365853658537,0.43902439024390244,0.5487804878048781,0.8414634146341463,0.5121951219512195,0.34146341463414637,0.3170731707317073,0.6219512195121951,0.5121951219512195,0.5853658536585366,0.3048780487804878,0.2073170731707317,0.573170731707317,0.573170731707317,0.5365853658536586,0.6097560975609756,0.3902439024390244,0.5,0.2926829268292683,0.6219512195121951,0.4146341463414634,0.4878048780487805,0.7560975609756098,0.3902439024390244,0.6097560975609756,0.5853658536585366,0.43902439024390244
2,500,0,0.19842229186555888,0.9512195121951219,0.6951219512195121,0.2804878048780488,0.32926829268292684,0.32926829268292684,0.8170731707317073,0.36585365853658536,0.4268292682926829,0.8048780487804879,0.6463414634146342,0.6585365853658537,0.47560975609756095,0.47560975609756095,0.25609756097560976,0.4024390243902439,0.3048780487804878,0.8780487804878049,0.2926829268292683,0.4634146341463415,0.9024390243902439,0.43902439024390244,0.3902439024390244,0.4268292682926829,0.3780487804878049,0.34146341463414637,0.34146341463414637,0.6097560975609756,0.47560975609756095,0.43902439024390244,0.4024390243902439
2,500,1,0.1903897710531572,0.7926829268292683,0.7073170731707317,0.43902439024390244,0.32926829268292684,0.34146341463414637,0.9024390243902439,0.34146341463414637,0.3780487804878049,0.47560975609756095,0.6097560975609756,0.6951219512195121,0.4146341463414634,0.3170731707317073,0.2804878048780488,0.2926829268292683,0.6219512195121951,0.9024390243902439,0.3170731707317073,0.3780487804878049,0.8658536585365854,0.34146341463414637,0.4634146341463415,0.35365853658536583,0.2804878048780488,0.6829268292682927,0.5487804878048781,0.6097560975609756,0.4024390243902439,0.4634146341463415,0.45121951219512196
2,500,2,0.16853993854982016,0.32926829268292684,0.34146341463414637,0.5609756097560976,0.5609756097560976,0.5975609756097561,0.7682926829268293,0.34146341463414637,0.5,0.5609756097560976,0.4146341463414634,0.7073170731707317,0.4634146341463415,0.7195121951219512,0.4146341463414634,0.36585365853658536,0.6829268292682927,0.524390243902439,0.6097560975609756,0.3902439024390244,0.926829268292683,0.2804878048780488,0.5,0.2073170731707317,0.21951219512195122,0.6219512195121951,0.7073170731707317,0.3780487804878049,0.32926829268292684,0.4878048780487805,0.4878048780487805
2,500,3,0.14925952469067552,0.4146341463414634,0.36585365853658536,0.4146341463414634,0.35365853658536583,0.7073170731707317,0.4634146341463415,0.43902439024390244,0.573170731707317,0.43902439024390244,0.34146341463414637,0.5121951219512195,0.21951219512195122,0.6707317073170732,0.8414634146341463,0.4634146341463415,0.4878048780487805,0.5609756097560976,0.5853658536585366,0.24390243902439024,0.6463414634146342,0.6341463414634146,0.5,0.4146341463414634,0.5975609756097561,0.7804878048780488,0.5975609756097561,0.5487804878048781,0.2804878048780488,0.573170731707317,0.32926829268292684
2,500,4,0.1354701861170616,0.3902439024390244,0.34146341463414637,0.4634146341463415,0.6341463414634146,0.573170731707317,0.47560975609756095,0.35365853658536583,0.5487804878048781,0.4024390243902439,0.45121951219512196,0.6951219512195121,0.4634146341463415,0.36585365853658536,0.4146341463414634,0.45121951219512196,0.5,0.3780487804878049,0.6341463414634146,0.5365853658536586,0.45121951219512196,0.5,0.3780487804878049,0.4634146341463415,0.8292682926829268,0.7926829268292683,0.4634146341463415,0.6585365853658537,0.7317073170731707,0.32926829268292684,0.32926829268292684
2,500,5,0.1472869187896861,0.5365853658536586,0.5487804878048781,0.5365853658536586,0.4878048780487805,0.34146341463414637,0.3780487804878049,0.6097560975609756,0.5975609756097561,0.3902439024390244,0.3902439024390244,0.23170731707317074,0.5365853658536586,0.4024390243902439,0.4634146341463415,0.34146341463414637,0.4634146341463415,0.43902439024390244,0.32926829268292684,0.2682926829268293,0.4268292682926829,0.5365853658536586,0.4878048780487805,0.5121951219512195,0.9024390243902439,0.6829268292682927,0.4024390243902439,0.7560975609756098,0.6707317073170732,0.6951219512195121,0.6341463414634146
2,500,6,0.14429462885608818,0.6829268292682927,0.6463414634146342,0.4878048780487805,0.5975609756097561,0.4024390243902439,0.43902439024390244,0.5365853658536586,0.5,0.3780487804878049,0.6463414634146342,0.45121951219512196,0.5121951219512195,0.24390243902439024,0.32926829268292684,0.4024390243902439,0.573170731707317,0.4024390243902439,0.4024390243902439,0.5,0.4634146341463415,0.24390243902439024,0.3780487804878049,0.43902439024390244,0.7073170731707317,0.573170731707317,0.2804878048780488,0.5609756097560976,0.6707317073170732,0.6951219512195121,0.8536585365853658
2,500,7,0.1374681114213162,0.5,0.34146341463414637,0.2682926829268293,0.45121951219512196,0.5121951219512195,0.4146341463414634,0.34146341463414637,0.36585365853658536,0.3902439024390244,0.7560975609756098,0.4878048780487805,0.4634146341463415,0.5,0.6829268292682927,0.5975609756097561,0.4878048780487805,0.8414634146341463,0.5487804878048781,0.5609756097560976,0.5,0.24390243902439024,0.5365853658536586,0.47560975609756095,0.5975609756097561,0.47560975609756095,0.25609756097560976,0.524390243902439,0.5975609756097561,0.5975609756097561,0.6829268292682927
2,500,8,0.1634934890438949,0.5365853658536586,0.4268292682926829,0.4634146341463415,0.3048780487804878,0.5,0.5,0.35365853658536583,0.524390243902439,0.3170731707317073,0.7926829268292683,0.43902439024390244,0.34146341463414637,0.5365853658536586,0.7804878048780488,0.35365853658536583,0.5,0.7804878048780488,0.5,0.7073170731707317,0.23170731707317074,0.45121951219512196,0.8048780487804879,0.3780487804878049,0.2804878048780488,0.6951219512195121,0.5487804878048781,0.4146341463414634,0.2804878048780488,0.5853658536585366,0.6707317073170732
2,500,9,0.16071054797374631,0.24390243902439024,0.32926829268292684,0.35365853658536583,0.573170731707317,0.5609756097560976,0.43902439024390244,0.43902439024390244,0.4878048780487805,0.4634146341463415,0.573170731707317,0.32926829268292684,0.6463414634146342,0.6341463414634146,0.6341463414634146,0.3048780487804878,0.3780487804878049,0.7804878048780488,0.45121951219512196,0.6219512195121951,0.25609756097560976,0.6951219512195121,0.7439024390243902,0.3170731707317073,0.5121951219512195,0.6829268292682927,0.8414634146341463,0.4878048780487805,0.4024390243902439,0.5365853658536586,0.2804878048780488
3,500,0,0.20036156094941876,0.7195121951219512,0.4878048780487805,0.24390243902439024,0.6219512195121951,0.8292682926829268,0.3170731707317073,0.36585365853658536,0.24390243902439024,0.32926829268292684,0.7195121951219512,0.6219512195121951,0.32926829268292684,0.6463414634146342,0.6585365853658537,0.45121951219512196,0.21951219512195122,0.4146341463414634,0.3048780487804878,0.4268292682926829,0.4146341463414634,0.4268292682926829,0.2804878048780488,0.5121951219512195,0.8170731707317073,0.35365853658536583,0.8414634146341463,0.8536585365853658,0.36585365853658536,0.8048780487804879,0.3780487804878049
3,500,1,0.18808447142661797,0.3780487804878049,0.5365853658536586,0.43902439024390244,0.5853658536585366,0.6829268292682927,0.35365853658536583,0.4024390243902439,0.2926829268292683,0.23170731707317074,0.5,0.7317073170731707,0.36585365853658536,0.6341463414634146,0.5975609756097561,0.6707317073170732,0.3780487804878049,0.4146341463414634,0.25609756097560976,0.3902439024390244,0.5487804878048781,0.3780487804878049,0.5487804878048781,0.43902439024390244,0.8048780487804879,0.21951219512195122,0.8902439024390244,0.8658536585365854,0.34146341463414637,0.8048780487804879,0.3170731707317073
3,500,2,0.1611110541298752,0.3902439024390244,0.6707317073170732,0.6341463414634146,0.5853658536585366,0.35365853658536583,0.3902439024390244,0.5975609756097561,0.6829268292682927,0.4024390243902439,0.7317073170731707,0.8292682926829268,0.43902439024390244,0.3170731707317073,0.4634146341463415,0.4634146341463415,0.5975609756097561,0.18292682926829268,0.5853658536585366,0.2804878048780488,0.5,0.3170731707317073,0.45121951219512196,0.5365853658536586,0.7682926829268293,0.5,0.5975609756097561,0.7317073170731707,0.3048780487804878,0.3780487804878049,0.3170731707317073
3,500,3,0.1737537420582318,0.2804878048780488,0.5609756097560976,0.8902439024390244,0.524390243902439,0.4878048780487805,0.4268292682926829,0.5365853658536586,0.7682926829268293,0.5609756097560976,0.5853658536585366,0.7560975609756098,0.2926829268292683,0.34146341463414637,0.2073170731707317,0.4634146341463415,0.573170731707317,0.3048780487804878,0.7073170731707317,0.1951219512195122,0.45121951219512196,0.5365853658536586,0.43902439024390244,0.5487804878048781,0.8658536585365854,0.35365853658536583,0.4634146341463415,0.32926829268292684,0.4268292682926829,0.524390243902439,0.5975609756097561
3,500,4,0.18443820084406828,0.24390243902439024,0.43902439024390244,0.8780487804878049,0.5975609756097561,0.3902439024390244,0.5487804878048781,0.5609756097560976,0.7926829268292683,0.524390243902439,0.6585365853658537,0.5975609756097561,0.926829268292683,0.2682926829268293,0.21951219512195122,0.47560975609756095,0.6707317073170732,0.36585365853658536,0.6341463414634146,0.32926829268292684,0.3170731707317073,0.43902439024390244,0.36585365853658536,0.6097560975609756,0.573170731707317,0.3170731707317073,0.5609756097560976,0.15853658536585366,0.47560975609756095,0.4268292682926829,0.6341463414634146
3,500,5,0.15674408793228906,0.3170731707317073,0.36585365853658536,0.7926829268292683,0.524390243902439,0.524390243902439,0.4878048780487805,0.43902439024390244,0.32926829268292684,0.43902439024390244,0.524390243902439,0.2804878048780488,0.9512195121951219,0.524390243902439,0.6219512195121951,0.35365853658536583,0.4878048780487805,0.5853658536585366,0.6951219512195121,0.6951219512195121,0.573170731707317,0.47560975609756095,0.2804878048780488,0.573170731707317,0.2073170731707317,0.5487804878048781,0.5365853658536586,0.3902439024390244,0.4634146341463415,0.6219512195121951,0.3902439024390244
3,500,6,0.14532164985137785,0.3780487804878049,0.5853658536585366,0.5853658536585366,0.3902439024390244,0.34146341463414637,0.4878048780487805,0.5487804878048781,0.3170731707317073,0.6463414634146342,0.43902439024390244,0.4146341463414634,0.8902439024390244,0.4146341463414634,0.32926829268292684,0.524390243902439,0.25609756097560976,0.5365853658536586,0.6829268292682927,0.6585365853658537,0.6341463414634146,0.36585365853658536,0.5121951219512195,0.24390243902439024,0.3902439024390244,0.6707317073170732,0.5853658536585366,0.6951219512195121,0.5,0.5121951219512195,0.4634146341463415
3,500,7,0.16587159156994444,0.5,0.6585365853658537,0.1951219512195122,0.6463414634146342,0.2926829268292683,0.4024390243902439,0.4878048780487805,0.47560975609756095,0.6219512195121951,0.43902439024390244,0.573170731707317,0.8292682926829268,0.6341463414634146,0.4268292682926829,0.2682926829268293,0.4634146341463415,0.524390243902439,0.3780487804878049,0.2804878048780488,0.8658536585365854,0.5,0.6585365853658537,0.3048780487804878,0.5487804878048781,0.524390243902439,0.4268292682926829,0.7926829268292683,0.4024390243902439,0.2804878048780488,0.5975609756097561
3,500,8,0.18121146947323621,0.35365853658536583,0.6951219512195121,0.32926829268292684,0.3902439024390244,0.35365853658536583,0.47560975609756095,0.4634146341463415,0.7317073170731707,0.4146341463414634,0.4146341463414634,0.6097560975609756,0.10975609756097561,0.6341463414634146,0.7073170731707317,0.43902439024390244,0.5487804878048781,0.2926829268292683,0.9512195121951219,0.3780487804878049,0.8902439024390244,0.6341463414634146,0.5365853658536586,0.4146341463414634,0.3902439024390244,0.5487804878048781,0.4634146341463415,0.6585365853658537,0.2926829268292683,0.5609756097560976,0.3170731707317073
3,500,9,0.14866048739191,0.2682926829268293,0.43902439024390244,0.4268292682926829,0.3902439024390244,0.524390243902439,0.4634146341463415,0.4634146341463415,0.7195121951219512,0.573170731707317,0.5121951219512195,0.5,0.3170731707317073,0.5487804878048781,0.6463414634146342,0.4878048780487805,0.4146341463414634,0.4268292682926829,0.9634146341463414,0.573170731707317,0.7439024390243902,0.6707317073170732,0.3048780487804878,0.5853658536585366,0.3170731707317073,0.5487804878048781,0.34146341463414637,0.573170731707317,0.35365853658536583,0.36585365853658536,0.5365853658536586
4,500,0,0.17480620129476102,0.32926829268292684,0.7195121951219512,0.6341463414634146,0.8170731707317073,0.5853658536585366,0.7439024390243902,0.6829268292682927,0.524390243902439,0.4878048780487805,0.2926829268292683,0.35365853658536583,0.4268292682926829,0.34146341463414637,0.4146341463414634,0.524390243902439,0.7317073170731707,0.3048780487804878,0.5609756097560976,0.5975609756097561,0.24390243902439024,0.5975609756097561,0.3170731707317073,0.2073170731707317,0.3902439024390244,0.36585365853658536,0.8658536585365854,0.3170731707317073,0.43902439024390244,0.5853658536585366,0.5975609756097561
4,500,1,0.18609718803572683,0.45121951219512196,0.5,0.7317073170731707,0.8658536585365854,0.6219512195121951,0.7317073170731707,0.7926829268292683,0.5121951219512195,0.36585365853658536,0.24390243902439024,0.2804878048780488,0.5609756097560976,0.3170731707317073,0.34146341463414637,0.3902439024390244,0.8536585365853658,0.3902439024390244,0.6585365853658537,0.4634146341463415,0.2804878048780488,0.8170731707317073,0.34146341463414637,0.2804878048780488,0.3170731707317073,0.3170731707317073,0.4878048780487805,0.4268292682926829,0.43902439024390244,0.6463414634146342,0.573170731707317
4,500,2,0.14852703988979765,0.573170731707317,0.6219512195121951,0.7195121951219512,0.32926829268292684,0.45121951219512196,0.6219512195121951,0.6219512195121951,0.4146341463414634,0.4878048780487805,0.4024390243902439,0.3048780487804878,0.3902439024390244,0.4634146341463415,0.3780487804878049,0.47560975609756095,0.8536585365853658,0.4268292682926829,0.573170731707317,0.3170731707317073,0.35365853658536583,0.8780487804878049,0.45121951219512196,0.6097560975609756,0.6585365853658537,0.43902439024390244,0.43902439024390244,0.3902439024390244,0.2804878048780488,0.4878048780487805,0.5853658536585366
4,500,3,0.14450061701071829,0.6951219512195121,0.6585365853658537,0.47560975609756095,0.2804878048780488,0.4878048780487805,0.6951219512195121,0.5365853658536586,0.4024390243902439,0.2926829268292683,0.7317073170731707,0.4878048780487805,0.4024390243902439,0.7804878048780488,0.4024390243902439,0.3048780487804878,0.4634146341463415,0.5121951219512195,0.34146341463414637,0.36585365853658536,0.35365853658536583,0.5487804878048781,0.2926829268292683,0.6219512195121951,0.6707317073170732,0.45121951219512196,0.3902439024390244,0.7073170731707317,0.6341463414634146,0.47560975609756095,0.5365853658536586
4,500,4,0.1600924281911806,0.6951219512195121,0.573170731707317,0.3780487804878049,0.5121951219512195,0.35365853658536583,0.6463414634146342,0.5,0.4146341463414634,0.3170731707317073,0.6707317073170732,0.36585365853658536,0.3170731707317073,0.7439024390243902,0.4634146341463415,0.25609756097560976,0.3902439024390244,0.3780487804878049,0.32926829268292684,0.5853658536585366,0.3902439024390244,0.7439024390243902,0.2926829268292683,0.6829268292682927,0.6707317073170732,0.34146341463414637,0.36585365853658536,0.8170731707317073,0.6707317073170732,0.6097560975609756,0.524390243902439
4,500,5,0.15588781640268093,0.4634146341463415,0.25609756097560976,0.36585365853658536,0.7195121951219512,0.6585365853658537,0.47560975609756095,0.24390243902439024,0.6707317073170732,0.5853658536585366,0.5365853658536586,0.524390243902439,0.4878048780487805,0.7195121951219512,0.47560975609756095,0.524390243902439,0.17073170731707318,0.3780487804878049,0.5487804878048781,0.4634146341463415,0.47560975609756095,0.24390243902439024,0.6341463414634146,0.7439024390243902,0.35365853658536583,0.6341463414634146,0.45121951219512196,0.6463414634146342,0.7560975609756098,0.4268292682926829,0.36585365853658536
4,500,6,0.15084532776649975,0.36585365853658536,0.6097560975609756,0.43902439024390244,0.47560975609756095,0.2926829268292683,0.5975609756097561,0.524390243902439,0.3780487804878049,0.6463414634146342,0.6463414634146342,0.5121951219512195,0.5365853658536586,0.2804878048780488,0.3170731707317073,0.7439024390243902,0.25609756097560976,0.34146341463414637,0.43902439024390244,0.2804878048780488,0.7682926829268293,0.524390243902439,0.6097560975609756,0.4024390243902439,0.5487804878048781,0.7926829268292683,0.32926829268292684,0.5609756097560976,0.6585365853658537,0.4878048780487805,0.6341463414634146
4,500,7,0.13645464127511578,0.4634146341463415,0.6219512195121951,0.3902439024390244,0.5365853658536586,0.5487804878048781,0.5,0.47560975609756095,0.3902439024390244,0.5121951219512195,0.7439024390243902,0.524390243902439,0.36585365853658536,0.4878048780487805,0.35365853658536583,0.6463414634146342,0.3048780487804878,0.524390243902439,0.8414634146341463,0.34146341463414637,0.6463414634146342,0.47560975609756095,0.6951219512195121,0.34146341463414637,0.3780487804878049,0.573170731707317,0.25609756097560976,0.6585365853658537,0.36585365853658536,0.47560975609756095,0.5609756097560976
4,500,8,0.13213570800567354,0.36585365853658536,0.36585365853658536,0.4146341463414634,0.3170731707317073,0.6341463414634146,0.4634146341463415,0.47560975609756095,0.7560975609756098,0.4268292682926829,0.5487804878048781,0.4878048780487805,0.3902439024390244,0.45121951219512196,0.23170731707317074,0.5853658536585366,0.6707317073170732,0.7682926829268293,0.7926829268292683,0.524390243902439,0.4634146341463415,0.43902439024390244,0.5121951219512195,0.43902439024390244,0.5121951219512195,0.4024390243902439,0.36585365853658536,0.4634146341463415,0.573170731707317,0.6707317073170732,0.4878048780487805
4,500,9,0.13772031364616885,0.35365853658536583,0.3902439024390244,0.4146341463414634,0.47560975609756095,0.6585365853658537,0.7195121951219512,0.5609756097560976,0.573170731707317,0.3902439024390244,0.43902439024390244,0.45121951219512196,0.3902439024390244,0.5365853658536586,0.5609756097560976,0.524390243902439,0.3170731707317073,0.7926829268292683,0.9146341463414634,0.6219512195121951,0.3902439024390244,0.43902439024390244,0.45121951219512196,0.4268292682926829,0.32926829268292684,0.4024390243902439,0.43902439024390244,0.36585365853658536,0.5975609756097561,0.5975609756097561,0.47560975609756095
0,525,0,0.19300169166184716,0.6585365853658537,0.24390243902439024,0.3780487804878049,0.43902439024390244,0.7195121951219512,0.8902439024390244,0.7926829268292683,0.7560975609756098,0.25609756097560976,0.36585365853658536,0.3048780487804878,0.36585365853658536,0.34146341463414637,0.5853658536585366,0.36585365853658536,0.7195121951219512,0.2682926829268293,0.3902439024390244,0.25609756097560976,0.3780487804878049,0.35365853658536583,0.7317073170731707,0.6951219512195121,0.6463414634146342,0.4878048780487805,0.23170731707317074,0.5,0.7195121951219512,0.6707317073170732,0.4878048780487805
0,525,1,0.17258000699443113,0.7073170731707317,0.32926829268292684,0.4146341463414634,0.34146341463414637,0.6951219512195121,0.3170731707317073,0.7560975609756098,0.7682926829268293,0.35365853658536583,0.4268292682926829,0.3902439024390244,0.34146341463414637,0.32926829268292684,0.8170731707317073,0.4268292682926829,0.5365853658536586,0.3048780487804878,0.3902439024390244,0.32926829268292684,0.3780487804878049,0.5,0.7926829268292683,0.6707317073170732,0.3170731707317073,0.5487804878048781,0.3048780487804878,0.573170731707317,0.7804878048780488,0.573170731707317,0.5853658536585366
0,525,2,0.15965832047856723,0.6951219512195121,0.4878048780487805,0.7682926829268293,0.4878048780487805,0.6097560975609756,0.5365853658536586,0.3048780487804878,0.8048780487804879,0.4268292682926829,0.3780487804878049,0.24390243902439024,0.4268292682926829,0.35365853658536583,0.6219512195121951,0.4268292682926829,0.6341463414634146,0.36585365853658536,0.5365853658536586,0.35365853658536583,0.3780487804878049,0.34146341463414637,0.8780487804878049,0.6829268292682927,0.3780487804878049,0.3048780487804878,0.3902439024390244,0.573170731707317,0.6707317073170732,0.45121951219512196,0.4878048780487805
0,525,3,0.15863036625862534,0.6707317073170732,0.7682926829268293,0.4634146341463415,0.45121951219512196,0.3048780487804878,0.5365853658536586,0.3902439024390244,0.5487804878048781,0.5487804878048781,0.43902439024390244,0.25609756097560976,0.4878048780487805,0.5975609756097561,0.7439024390243902,0.45121951219512196,0.3902439024390244,0.25609756097560976,0.6585365853658537,0.3170731707317073,0.2926829268292683,0.5487804878048781,0.8414634146341463,0.7439024390243902,0.3170731707317073,0.3902439024390244,0.6341463414634146,0.47560975609756095,0.6463414634146342,0.35365853658536583,0.47560975609756095
0,525,4,0.14978999113286964,0.5365853658536586,0.6341463414634146,0.5487804878048781,0.5365853658536586,0.43902439024390244,0.45121951219512196,0.4268292682926829,0.6463414634146342,0.4024390243902439,0.4024390243902439,0.25609756097560976,0.6341463414634146,0.524390243902439,0.7560975609756098,0.2926829268292683,0.4634146341463415,0.3170731707317073,0.6951219512195121,0.2682926829268293,0.34146341463414637,0.5975609756097561,0.8414634146341463,0.7073170731707317,0.4146341463414634,0.5121951219512195,0.524390243902439,0.3902439024390244,0.6829268292682927,0.43902439024390244,0.3170731707317073
0,525,5,0.15591961401981996,0.23170731707317074,0.43902439024390244,0.4634146341463415,0.6097560975609756,0.4268292682926829,0.5609756097560976,0.45121951219512196,0.7439024390243902,0.4268292682926829,0.35365853658536583,0.24390243902439024,0.8048780487804879,0.4878048780487805,0.3780487804878049,0.5975609756097561,0.3780487804878049,0.7073170731707317,0.6219512195121951,0.4878048780487805,0.4268292682926829,0.34146341463414637,0.9512195121951219,0.5365853658536586,0.524390243902439,0.4146341463414634,0.35365853658536583,0.5975609756097561,0.4146341463414634,0.5609756097560976,0.4634146341463415
0,525,6,0.12432646220671764,0.32926829268292684,0.6463414634146342,0.3780487804878049,0.6341463414634146,0.4634146341463415,0.4268292682926829,0.5609756097560976,0.32926829268292684,0.4024390243902439,0.4878048780487805,0.573170731707317,0.4878048780487805,0.5,0.5609756097560976,0.45121951219512196,0.4634146341463415,0.7926829268292683,0.5,0.3902439024390244,0.5121951219512195,0.5121951219512195,0.8658536585365854,0.6585365853658537,0.4878048780487805,0.3780487804878049,0.3780487804878049,0.35365853658536583,0.5121951219512195,0.4146341463414634,0.5487804878048781
0,525,7,0.15626896077698876,0.5975609756097561,0.5853658536585366,0.21951219512195122,0.6341463414634146,0.6829268292682927,0.6707317073170732,0.4878048780487805,0.4268292682926829,0.47560975609756095,0.3902439024390244,0.5975609756097561,0.47560975609756095,0.6707317073170732,0.47560975609756095,0.24390243902439024,0.47560975609756095,0.8292682926829268,0.4268292682926829,0.6951219512195121,0.2804878048780488,0.32926829268292684,0.5609756097560976,0.14634146341463414,0.43902439024390244,0.6951219512195121,0.5609756097560976,0.3780487804878049,0.6097560975609756,0.47560975609756095,0.4634146341463415
0,525,8,0.1380079804110926,0.7682926829268293,0.32926829268292684,0.3048780487804878,0.6097560975609756,0.5975609756097561,0.6707317073170732,0.43902439024390244,0.4146341463414634,0.4268292682926829,0.4146341463414634,0.5121951219512195,0.4634146341463415,0.7073170731707317,0.43902439024390244,0.4268292682926829,0.6341463414634146,0.6463414634146342,0.573170731707317,0.7317073170731707,0.5121951219512195,0.34146341463414637,0.5121951219512195,0.43902439024390244,0.2073170731707317,0.2926829268292683,0.5853658536585366,0.5121951219512195,0.6219512195121951,0.524390243902439,0.34146341463414637
0,525,9,0.15797273087523195,0.7804878048780488,0.15853658536585366,0.43902439024390244,0.3780487804878049,0.3780487804878049,0.8292682926829268,0.5,0.32926829268292684,0.5,0.6585365853658537,0.6585365853658537,0.4878048780487805,0.6951219512195121,0.45121951219512196,0.4878048780487805,0.6341463414634146,0.6097560975609756,0.32926829268292684,0.5975609756097561,0.32926829268292684,0.4024390243902439,0.32926829268292684,0.2926829268292683,0.45121951219512196,0.6463414634146342,0.7073170731707317,0.6585365853658537,0.4634146341463415,0.3780487804878049,0.43902439024390244
1,525,0,0.2136061858127933,0.3780487804878049,0.2682926829268293,0.5853658536585366,0.2804878048780488,0.35365853658536583,0.8414634146341463,0.7804878048780488,0.3780487804878049,0.7682926829268293,0.32926829268292684,0.2926829268292683,0.9634146341463414,0.5365853658536586,0.3048780487804878,0.5365853658536586,0.3170731707317073,0.7317073170731707,0.3048780487804878,0.6463414634146342,0.7073170731707317,0.1951219512195122,0.25609756097560976,0.6463414634146342,0.34146341463414637,0.6463414634146342,0.47560975609756095,0.7682926829268293,0.7439024390243902,0.3170731707317073,0.3048780487804878
1,525,1,0.1932070672896934,0.36585365853658536,0.2682926829268293,0.5853658536585366,0.3048780487804878,0.6829268292682927,0.524390243902439,0.8536585365853658,0.23170731707317074,0.5365853658536586,0.32926829268292684,0.45121951219512196,0.8780487804878049,0.7073170731707317,0.2804878048780488,0.524390243902439,0.25609756097560976,0.8048780487804879,0.47560975609756095,0.6341463414634146,0.8292682926829268,0.4878048780487805,0.2926829268292683,0.6463414634146342,0.3048780487804878,0.5365853658536586,0.2682926829268293,0.5609756097560976,0.5975609756097561,0.5121951219512195,0.2682926829268293
1,525,2,0.18384592951201295,0.4024390243902439,0.24390243902439024,0.524390243902439,0.3902439024390244,0.4024390243902439,0.3170731707317073,0.7195121951219512,0.2804878048780488,0.23170731707317074,0.24390243902439024,0.5,0.8780487804878049,0.4878048780487805,0.8048780487804879,0.6951219512195121,0.5365853658536586,0.5853658536585366,0.43902439024390244,0.5609756097560976,0.8658536585365854,0.4878048780487805,0.6219512195121951,0.5975609756097561,0.23170731707317074,0.3170731707317073,0.3048780487804878,0.6219512195121951,0.6707317073170732,0.43902439024390244,0.5975609756097561
1,525,3,0.18088288992916252,0.5,0.6707317073170732,0.3170731707317073,0.2926829268292683,0.3170731707317073,0.36585365853658536,0.7926829268292683,0.4146341463414634,0.524390243902439,0.2804878048780488,0.6219512195121951,0.4634146341463415,0.35365853658536583,0.8414634146341463,0.6097560975609756,0.5609756097560976,0.5487804878048781,0.5853658536585366,0.10975609756097561,0.7560975609756098,0.5609756097560976,0.8414634146341463,0.2682926829268293,0.24390243902439024,0.4024390243902439,0.4268292682926829,0.5609756097560976,0.5609756097560976,0.6341463414634146,0.573170731707317
1,525,4,0.1784825987948849,0.4878048780487805,0.6829268292682927,0.21951219512195122,0.3902439024390244,0.34146341463414637,0.3902439024390244,0.7926829268292683,0.6707317073170732,0.3902439024390244,0.36585365853658536,0.5487804878048781,0.3048780487804878,0.4878048780487805,0.8902439024390244,0.6951219512195121,0.6219512195121951,0.3780487804878049,0.6219512195121951,0.34146341463414637,0.7073170731707317,0.5,0.7682926829268293,0.25609756097560976,0.2682926829268293,0.5121951219512195,0.524390243902439,0.3048780487804878,0.3780487804878049,0.7439024390243902,0.4146341463414634
1,525,5,0.1346258981802417,0.5609756097560976,0.5487804878048781,0.43902439024390244,0.3780487804878049,0.32926829268292684,0.7439024390243902,0.4024390243902439,0.6707317073170732,0.5,0.5,0.5853658536585366,0.34146341463414637,0.35365853658536583,0.6829268292682927,0.5975609756097561,0.43902439024390244,0.4878048780487805,0.45121951219512196,0.524390243902439,0.45121951219512196,0.2682926829268293,0.6463414634146342,0.7682926829268293,0.45121951219512196,0.573170731707317,0.43902439024390244,0.5121951219512195,0.34146341463414637,0.7317073170731707,0.2804878048780488
1,525,6,0.15981349431291855,0.6341463414634146,0.5365853658536586,0.6219512195121951,0.6829268292682927,0.4024390243902439,0.6951219512195121,0.5609756097560976,0.6097560975609756,0.3780487804878049,0.5487804878048781,0.45121951219512196,0.35365853658536583,0.36585365853658536,0.17073170731707318,0.4146341463414634,0.4024390243902439,0.43902439024390244,0.45121951219512196,0.4024390243902439,0.1951219512195122,0.32926829268292684,0.47560975609756095,0.6341463414634146,0.3170731707317073,0.5853658536585366,0.5487804878048781,0.6097560975609756,0.5487804878048781,0.9512195121951219,0.6829268292682927
1,525,7,0.16895122714111488,0.5975609756097561,0.6585365853658537,0.6219512195121951,0.7439024390243902,0.43902439024390244,0.7073170731707317,0.5487804878048781,0.4634146341463415,0.5,0.6097560975609756,0.35365853658536583,0.47560975609756095,0.4024390243902439,0.5121951219512195,0.17073170731707318,0.3170731707317073,0.43902439024390244,0.3902439024390244,0.4024390243902439,0.32926829268292684,0.4024390243902439,0.12195121951219512,0.4146341463414634,0.43902439024390244,0.5487804878048781,0.524390243902439,0.47560975609756095,0.7195121951219512,0.926829268292683,0.7439024390243902
1,525,8,0.13782825904247703,0.3780487804878049,0.3902439024390244,0.6219512195121951,0.6951219512195121,0.5487804878048781,0.6097560975609756,0.6829268292682927,0.45121951219512196,0.4634146341463415,0.6097560975609756,0.2073170731707317,0.5121951219512195,0.4024390243902439,0.5487804878048781,0.34146341463414637,0.5853658536585366,0.3170731707317073,0.4024390243902439,0.34146341463414637,0.36585365853658536,0.47560975609756095,0.4268292682926829,0.6219512195121951,0.4146341463414634,0.6219512195121951,0.36585365853658536,0.5,0.6829268292682927,0.8292682926829268,0.5853658536585366
1,525,9,0.15645918478019147,0.3902439024390244,0.6585365853658537,0.5121951219512195,0.36585365853658536,0.36585365853658536,0.4146341463414634,0.7560975609756098,0.3170731707317073,0.47560975609756095,0.6585365853658537,0.3780487804878049,0.4878048780487805,0.5365853658536586,0.5609756097560976,0.5,0.45121951219512196,0.34146341463414637,0.6585365853658537,0.43902439024390244,0.2926829268292683,0.7073170731707317,0.47560975609756095,0.524390243902439,0.5121951219512195,0.524390243902439,0.3902439024390244,0.14634146341463414,0.5,0.7560975609756098,0.9024390243902439
2,525,0,0.18416922272100764,0.7195121951219512,0.36585365853658536,0.43902439024390244,0.7317073170731707,0.35365853658536583,0.3902439024390244,0.47560975609756095,0.6829268292682927,0.5365853658536586,0.3048780487804878,0.2682926829268293,0.32926829268292684,0.6097560975609756,0.32926829268292684,0.7195121951219512,0.7073170731707317,0.24390243902439024,0.5853658536585366,0.6097560975609756,0.47560975609756095,0.34146341463414637,0.5365853658536586,0.5853658536585366,0.45121951219512196,0.6585365853658537,0.35365853658536583,0.2804878048780488,0.1951219512195122,0.8170731707317073,0.9024390243902439
2,525,1,0.20527449061711542,0.7439024390243902,0.3048780487804878,0.7317073170731707,0.8414634146341463,0.3780487804878049,0.21951219512195122,0.4268292682926829,0.8780487804878049,0.5121951219512195,0.32926829268292684,0.25609756097560976,0.36585365853658536,0.3902439024390244,0.4024390243902439,0.6341463414634146,0.8292682926829268,0.21951219512195122,0.4878048780487805,0.7317073170731707,0.573170731707317,0.2926829268292683,0.524390243902439,0.34146341463414637,0.32926829268292684,0.6463414634146342,0.2926829268292683,0.2804878048780488,0.5,0.7073170731707317,0.8292682926829268
2,525,2,0.18365707899528486,0.8780487804878049,0.4146341463414634,0.6707317073170732,0.7073170731707317,0.2926829268292683,0.3048780487804878,0.2926829268292683,0.5487804878048781,0.2804878048780488,0.3780487804878049,0.8414634146341463,0.43902439024390244,0.32926829268292684,0.32926829268292684,0.7195121951219512,0.3170731707317073,0.7439024390243902,0.45121951219512196,0.6463414634146342,0.4878048780487805,0.6951219512195121,0.4268292682926829,0.3048780487804878,0.36585365853658536,0.5853658536585366,0.36585365853658536,0.4024390243902439,0.5121951219512195,0.4268292682926829,0.8414634146341463
2,525,3,0.1935403378717261,0.8414634146341463,0.3048780487804878,0.7439024390243902,0.45121951219512196,0.5975609756097561,0.36585365853658536,0.35365853658536583,0.4634146341463415,0.4146341463414634,0.24390243902439024,0.9634146341463414,0.4268292682926829,0.23170731707317074,0.4878048780487805,0.5487804878048781,0.3902439024390244,0.8292682926829268,0.7439024390243902,0.6585365853658537,0.4146341463414634,0.8170731707317073,0.3780487804878049,0.4024390243902439,0.36585365853658536,0.17073170731707318,0.5487804878048781,0.36585365853658536,0.5487804878048781,0.45121951219512196,0.47560975609756095
2,525,4,0.15825490924398378,0.43902439024390244,0.4268292682926829,0.6829268292682927,0.4146341463414634,0.7926829268292683,0.43902439024390244,0.32926829268292684,0.4268292682926829,0.4268292682926829,0.34146341463414637,0.6097560975609756,0.5121951219512195,0.4878048780487805,0.36585365853658536,0.5609756097560976,0.2804878048780488,0.7073170731707317,0.6951219512195121,0.7439024390243902,0.47560975609756095,0.8536585365853658,0.4268292682926829,0.43902439024390244,0.2926829268292683,0.3048780487804878,0.5609756097560976,0.5,0.7439024390243902,0.3048780487804878,0.4146341463414634
2,525,5,0.14566238103389365,0.34146341463414637,0.5121951219512195,0.5975609756097561,0.4024390243902439,0.5853658536585366,0.6707317073170732,0.5365853658536586,0.5487804878048781,0.524390243902439,0.3048780487804878,0.34146341463414637,0.3780487804878049,0.5487804878048781,0.4878048780487805,0.5121951219512195,0.34146341463414637,0.6829268292682927,0.4878048780487805,0.5975609756097561,0.3048780487804878,0.7073170731707317,0.1951219512195122,0.4634146341463415,0.43902439024390244,0.3780487804878049,0.8292682926829268,0.7195121951219512,0.6707317073170732,0.5365853658536586,0.35365853658536583
2,525,6,0.1440883462218725,0.5121951219512195,0.8658536585365854,0.573170731707317,0.5975609756097561,0.32926829268292684,0.5,0.36585365853658536,0.3902439024390244,0.1951219512195122,0.6829268292682927,0.32926829268292684,0.4146341463414634,0.5365853658536586,0.6219512195121951,0.32926829268292684,0.43902439024390244,0.573170731707317,0.5487804878048781,0.6341463414634146,0.5,0.3170731707317073,0.5,0.45121951219512196,0.3902439024390244,0.5609756097560976,0.36585365853658536,0.7804878048780488,0.5975609756097561,0.6341463414634146,0.4634146341463415
2,525,7,0.17352534400740763,0.5,0.7926829268292683,0.32926829268292684,0.6585365853658537,0.45121951219512196,0.5487804878048781,0.4024390243902439,0.2682926829268293,0.36585365853658536,0.8658536585365854,0.6463414634146342,0.24390243902439024,0.4268292682926829,0.5,0.524390243902439,0.5365853658536586,0.32926829268292684,0.8414634146341463,0.35365853658536583,0.5609756097560976,0.35365853658536583,0.3780487804878049,0.3902439024390244,0.4634146341463415,0.47560975609756095,0.25609756097560976,0.8780487804878049,0.573170731707317,0.6341463414634146,0.45121951219512196
2,525,8,0.16264227134273335,0.45121951219512196,0.7317073170731707,0.32926829268292684,0.3902439024390244,0.4268292682926829,0.3902439024390244,0.6341463414634146,0.21951219512195122,0.573170731707317,0.7560975609756098,0.5853658536585366,0.43902439024390244,0.3170731707317073,0.6585365853658537,0.6707317073170732,0.6097560975609756,0.3170731707317073,0.7926829268292683,0.4634146341463415,0.3170731707317073,0.4634146341463415,0.2926829268292683,0.5,0.524390243902439,0.36585365853658536,0.34146341463414637,0.8048780487804879,0.7439024390243902,0.43902439024390244,0.45121951219512196
2,525,9,0.14825978454077204,0.3902439024390244,0.5609756097560976,0.24390243902439024,0.4024390243902439,0.5121951219512195,0.3780487804878049,0.5975609756097561,0.3780487804878049,0.32926829268292684,0.6463414634146342,0.43902439024390244,0.4634146341463415,0.6585365853658537,0.32926829268292684,0.7804878048780488,0.7682926829268293,0.35365853658536583,0.6219512195121951,0.34146341463414637,0.5121951219512195,0.524390243902439,0.23170731707317074,0.573170731707317,0.5121951219512195,0.36585365853658536,0.6585365853658537,0.6707317073170732,0.6951219512195121,0.43902439024390244,0.6219512195121951
3,525,0,0.23632539567991395,0.7560975609756098,0.4024390243902439,0.7804878048780488,0.2804878048780488,0.2682926829268293,0.9634146341463414,0.21951219512195122,0.23170731707317074,0.6829268292682927,0.35365853658536583,0.5853658536585366,0.8048780487804879,0.524390243902439,0.32926829268292684,0.4268292682926829,0.6829268292682927,0.25609756097560976,0.6219512195121951,0.21951219512195122,0.7804878048780488,0.6219512195121951,0.8536585365853658,0.25609756097560976,0.8658536585365854,0.6707317073170732,0.2926829268292683,0.2682926829268293,0.2682926829268293,0.2073170731707317,0.524390243902439
3,525,1,0.2037960199984339,0.4878048780487805,0.5853658536585366,0.9146341463414634,0.43902439024390244,0.2073170731707317,0.2804878048780488,0.5853658536585366,0.3902439024390244,0.6585365853658537,0.32926829268292684,0.6463414634146342,0.7317073170731707,0.34146341463414637,0.4634146341463415,0.24390243902439024,0.6097560975609756,0.21951219512195122,0.6951219512195121,0.24390243902439024,0.4634146341463415,0.7926829268292683,0.8780487804878049,0.524390243902439,0.5975609756097561,0.7804878048780488,0.24390243902439024,0.2073170731707317,0.45121951219512196,0.3902439024390244,0.5975609756097561
3,525,2,0.18011387324940473,0.524390243902439,0.573170731707317,0.7073170731707317,0.24390243902439024,0.36585365853658536,0.3048780487804878,0.5853658536585366,0.3170731707317073,0.6585365853658537,0.2682926829268293,0.7073170731707317,0.6951219512195121,0.47560975609756095,0.47560975609756095,0.3170731707317073,0.18292682926829268,0.17073170731707318,0.5975609756097561,0.43902439024390244,0.43902439024390244,0.573170731707317,0.8170731707317073,0.6707317073170732,0.6707317073170732,0.5975609756097561,0.3170731707317073,0.8292682926829268,0.36585365853658536,0.524390243902439,0.5853658536585366
3,525,3,0.14935913065751086,0.4024390243902439,0.573170731707317,0.524390243902439,0.6097560975609756,0.573170731707317,0.7804878048780488,0.5975609756097561,0.5,0.3780487804878049,0.5975609756097561,0.3780487804878049,0.5853658536585366,0.2682926829268293,0.4146341463414634,0.23170731707317074,0.25609756097560976,0.4634146341463415,0.4634146341463415,0.45121951219512196,0.4634146341463415,0.3170731707317073,0.5,0.8048780487804879,0.573170731707317,0.4268292682926829,0.45121951219512196,0.8902439024390244,0.5,0.43902439024390244,0.5853658536585366
3,525,4,0.16349348904389494,0.4024390243902439,0.5975609756097561,0.6097560975609756,0.6463414634146342,0.5,0.8414634146341463,0.4268292682926829,0.3780487804878049,0.3048780487804878,0.7926829268292683,0.2926829268292683,0.5609756097560976,0.4878048780487805,0.43902439024390244,0.3902439024390244,0.5365853658536586,0.4634146341463415,0.4268292682926829,0.573170731707317,0.573170731707317,0.2804878048780488,0.24390243902439024,0.7926829268292683,0.4634146341463415,0.3902439024390244,0.5487804878048781,0.8658536585365854,0.45121951219512196,0.45121951219512196,0.2682926829268293
3,525,5,0.15221935391834074,0.5487804878048781,0.5121951219512195,0.3780487804878049,0.7073170731707317,0.35365853658536583,0.7439024390243902,0.3048780487804878,0.4634146341463415,0.5,0.4878048780487805,0.36585365853658536,0.25609756097560976,0.3780487804878049,0.6341463414634146,0.573170731707317,0.6829268292682927,0.6219512195121951,0.4146341463414634,0.8048780487804879,0.35365853658536583,0.43902439024390244,0.5,0.6951219512195121,0.3902439024390244,0.6219512195121951,0.45121951219512196,0.7317073170731707,0.2926829268292683,0.25609756097560976,0.5365853658536586
3,525,6,0.15071381481406426,0.3780487804878049,0.24390243902439024,0.24390243902439024,0.5365853658536586,0.7439024390243902,0.5487804878048781,0.6219512195121951,0.5609756097560976,0.2926829268292683,0.4268292682926829,0.7317073170731707,0.32926829268292684,0.7439024390243902,0.45121951219512196,0.5487804878048781,0.6829268292682927,0.47560975609756095,0.5,0.7439024390243902,0.3902439024390244,0.4878048780487805,0.6463414634146342,0.3170731707317073,0.2804878048780488,0.34146341463414637,0.6097560975609756,0.5121951219512195,0.6097560975609756,0.5,0.5
3,525,7,0.17491960137239965,0.21951219512195122,0.18292682926829268,0.3170731707317073,0.43902439024390244,0.7195121951219512,0.524390243902439,0.8048780487804879,0.7804878048780488,0.4878048780487805,0.5975609756097561,0.5121951219512195,0.5487804878048781,0.8170731707317073,0.4878048780487805,0.524390243902439,0.6951219512195121,0.47560975609756095,0.573170731707317,0.47560975609756095,0.4634146341463415,0.4024390243902439,0.2804878048780488,0.5121951219512195,0.18292682926829268,0.5975609756097561,0.4146341463414634,0.18292682926829268,0.524390243902439,0.5487804878048781,0.7073170731707317
3,525,8,0.141694512666125,0.524390243902439,0.21951219512195122,0.524390243902439,0.3170731707317073,0.8536585365853658,0.4024390243902439,0.36585365853658536,0.4878048780487805,0.6707317073170732,0.4146341463414634,0.6341463414634146,0.47560975609756095,0.6829268292682927,0.47560975609756095,0.4878048780487805,0.7682926829268293,0.4268292682926829,0.47560975609756095,0.524390243902439,0.5609756097560976,0.6219512195121951,0.36585365853658536,0.5975609756097561,0.2804878048780488,0.524390243902439,0.4146341463414634,0.2804878048780488,0.5609756097560976,0.45121951219512196,0.6097560975609756
3,525,9,0.10834686991191987,0.5975609756097561,0.3780487804878049,0.5975609756097561,0.45121951219512196,0.6097560975609756,0.45121951219512196,0.6097560975609756,0.4634146341463415,0.4024390243902439,0.5365853658536586,0.4878048780487805,0.5975609756097561,0.5853658536585366,0.43902439024390244,0.3048780487804878,0.5853658536585366,0.45121951219512196,0.43902439024390244,0.4024390243902439,0.6951219512195121,0.3780487804878049,0.43902439024390244,0.5121951219512195,0.5853658536585366,0.4878048780487805,0.4878048780487805,0.524390243902439,0.2804878048780488,0.7804878048780488,0.43902439024390244
4,525,0,0.2097419167072555,0.3780487804878049,0.6097560975609756,0.23170731707317074,0.9390243902439024,0.7560975609756098,0.47560975609756095,0.4268292682926829,0.36585365853658536,0.6951219512195121,0.6951219512195121,0.35365853658536583,0.7682926829268293,0.36585365853658536,0.3170731707317073,0.36585365853658536,0.43902439024390244,0.3780487804878049,0.6951219512195121,0.8536585365853658,0.2804878048780488,0.2073170731707317,0.3780487804878049,0.926829268292683,0.3902439024390244,0.6951219512195121,0.36585365853658536,0.3170731707317073,0.6585365853658537,0.2804878048780488,0.3902439024390244
4,525,1,0.18892601688816665,0.9512195121951219,0.573170731707317,0.34146341463414637,0.5487804878048781,0.4268292682926829,0.4268292682926829,0.34146341463414637,0.5609756097560976,0.7804878048780488,0.6707317073170732,0.32926829268292684,0.7560975609756098,0.3902439024390244,0.35365853658536583,0.5,0.2804878048780488,0.24390243902439024,0.8536585365853658,0.6097560975609756,0.47560975609756095,0.34146341463414637,0.21951219512195122,0.6097560975609756,0.47560975609756095,0.7926829268292683,0.6463414634146342,0.34146341463414637,0.5,0.3170731707317073,0.34146341463414637
4,525,2,0.17889873971602194,0.8536585365853658,0.4024390243902439,0.2926829268292683,0.4024390243902439,0.4146341463414634,0.2804878048780488,0.2926829268292683,0.7317073170731707,0.7926829268292683,0.5853658536585366,0.3048780487804878,0.8170731707317073,0.5609756097560976,0.4146341463414634,0.5975609756097561,0.5,0.2804878048780488,0.4634146341463415,0.6707317073170732,0.45121951219512196,0.3902439024390244,0.5609756097560976,0.2926829268292683,0.3048780487804878,0.8292682926829268,0.6585365853658537,0.5365853658536586,0.6097560975609756,0.3780487804878049,0.32926829268292684
4,525,3,0.13299580518164897,0.7682926829268293,0.4146341463414634,0.45121951219512196,0.3902439024390244,0.4634146341463415,0.7195121951219512,0.32926829268292684,0.7195121951219512,0.6951219512195121,0.3780487804878049,0.4146341463414634,0.47560975609756095,0.45121951219512196,0.3780487804878049,0.5365853658536586,0.5,0.7926829268292683,0.573170731707317,0.5487804878048781,0.4878048780487805,0.5121951219512195,0.4024390243902439,0.2926829268292683,0.4268292682926829,0.5853658536585366,0.32926829268292684,0.6341463414634146,0.4268292682926829,0.5365853658536586,0.36585365853658536
4,525,4,0.1645211897955127,0.7804878048780488,0.4634146341463415,0.43902439024390244,0.3048780487804878,0.4268292682926829,0.6341463414634146,0.3902439024390244,0.7682926829268293,0.7560975609756098,0.4024390243902439,0.43902439024390244,0.34146341463414637,0.4878048780487805,0.35365853658536583,0.4878048780487805,0.5609756097560976,0.8048780487804879,0.3048780487804878,0.23170731707317074,0.6829268292682927,0.6463414634146342,0.47560975609756095,0.35365853658536583,0.5121951219512195,0.47560975609756095,0.23170731707317074,0.7317073170731707,0.6463414634146342,0.524390243902439,0.34146341463414637
4,525,5,0.16709245630783906,0.6707317073170732,0.4634146341463415,0.573170731707317,0.3170731707317073,0.3902439024390244,0.6829268292682927,0.5121951219512195,0.7073170731707317,0.5365853658536586,0.36585365853658536,0.5365853658536586,0.32926829268292684,0.12195121951219512,0.5487804878048781,0.45121951219512196,0.6585365853658537,0.7439024390243902,0.35365853658536583,0.2926829268292683,0.5,0.5609756097560976,0.5853658536585366,0.524390243902439,0.5,0.14634146341463414,0.35365853658536583,0.7804878048780488,0.573170731707317,0.4268292682926829,0.7926829268292683
4,525,6,0.1623371833394511,0.2073170731707317,0.5487804878048781,0.5853658536585366,0.35365853658536583,0.36585365853658536,0.7195121951219512,0.7195121951219512,0.2926829268292683,0.5853658536585366,0.4878048780487805,0.6341463414634146,0.6097560975609756,0.23170731707317074,0.5,0.4878048780487805,0.5365853658536586,0.7804878048780488,0.5121951219512195,0.6219512195121951,0.3902439024390244,0.3902439024390244,0.4146341463414634,0.524390243902439,0.4634146341463415,0.3170731707317073,0.4146341463414634,0.7804878048780488,0.24390243902439024,0.47560975609756095,0.8048780487804879
4,525,7,0.1258719341366124,0.2804878048780488,0.4634146341463415,0.5365853658536586,0.4146341463414634,0.6219512195121951,0.5,0.5487804878048781,0.524390243902439,0.34146341463414637,0.36585365853658536,0.5487804878048781,0.5975609756097561,0.2804878048780488,0.573170731707317,0.573170731707317,0.6341463414634146,0.6463414634146342,0.5121951219512195,0.7195121951219512,0.3902439024390244,0.6097560975609756,0.5121951219512195,0.43902439024390244,0.4878048780487805,0.4146341463414634,0.43902439024390244,0.6097560975609756,0.4634146341463415,0.2073170731707317,0.7439024390243902
4,525,8,0.1744087203811583,0.4024390243902439,0.6463414634146342,0.2804878048780488,0.6341463414634146,0.8658536585365854,0.3170731707317073,0.4878048780487805,0.36585365853658536,0.3170731707317073,0.2804878048780488,0.6341463414634146,0.6707317073170732,0.5487804878048781,0.34146341463414637,0.5487804878048781,0.8658536585365854,0.2804878048780488,0.5609756097560976,0.6097560975609756,0.6219512195121951,0.6585365853658537,0.2926829268292683,0.4878048780487805,0.4634146341463415,0.5853658536585366,0.34146341463414637,0.47560975609756095,0.4268292682926829,0.21951219512195122,0.7682926829268293
4,525,9,0.1455942985898688,0.36585365853658536,0.5121951219512195,0.4878048780487805,0.6341463414634146,0.3170731707317073,0.5365853658536586,0.34146341463414637,0.6585365853658537,0.47560975609756095,0.6219512195121951,0.4634146341463415,0.4268292682926829,0.35365853658536583,0.34146341463414637,0.7560975609756098,0.6585365853658537,0.4024390243902439,0.5487804878048781,0.6951219512195121,0.5487804878048781,0.7439024390243902,0.6341463414634146,0.4024390243902439,0.5121951219512195,0.7926829268292683,0.36585365853658536,0.25609756097560976,0.3902439024390244,0.3048780487804878,0.45121951219512196
0,550,0,0.19302737556530264,0.6585365853658537,0.7682926829268293,0.25609756097560976,0.3170731707317073,0.4268292682926829,0.3048780487804878,0.4878048780487805,0.7317073170731707,0.5975609756097561,0.4634146341463415,0.2926829268292683,0.7560975609756098,0.3170731707317073,0.34146341463414637,0.3170731707317073,0.6585365853658537,0.25609756097560976,0.3170731707317073,0.8048780487804879,0.6951219512195121,0.45121951219512196,0.45121951219512196,0.3048780487804878,0.4024390243902439,0.6829268292682927,0.9024390243902439,0.6097560975609756,0.7439024390243902,0.32926829268292684,0.35365853658536583
0,550,1,0.1834680340877522,0.6707317073170732,0.8170731707317073,0.2682926829268293,0.2682926829268293,0.6463414634146342,0.35365853658536583,0.4878048780487805,0.6219512195121951,0.5487804878048781,0.3902439024390244,0.2682926829268293,0.7195121951219512,0.4024390243902439,0.4878048780487805,0.2926829268292683,0.7439024390243902,0.35365853658536583,0.35365853658536583,0.6219512195121951,0.6585365853658537,0.4024390243902439,0.5365853658536586,0.25609756097560976,0.3170731707317073,0.7317073170731707,0.9390243902439024,0.5121951219512195,0.6097560975609756,0.3902439024390244,0.32926829268292684
0,550,2,0.14832664352254282,0.4024390243902439,0.8414634146341463,0.6341463414634146,0.4024390243902439,0.5975609756097561,0.43902439024390244,0.4878048780487805,0.5609756097560976,0.5365853658536586,0.2804878048780488,0.3780487804878049,0.5609756097560976,0.3902439024390244,0.5853658536585366,0.34146341463414637,0.7195121951219512,0.32926829268292684,0.3902439024390244,0.5,0.6341463414634146,0.2073170731707317,0.6219512195121951,0.3780487804878049,0.3780487804878049,0.6585365853658537,0.8048780487804879,0.5121951219512195,0.573170731707317,0.3780487804878049,0.47560975609756095
0,550,3,0.14032341330382953,0.6463414634146342,0.45121951219512196,0.6829268292682927,0.2804878048780488,0.45121951219512196,0.4146341463414634,0.25609756097560976,0.4634146341463415,0.6341463414634146,0.7439024390243902,0.7317073170731707,0.6463414634146342,0.3048780487804878,0.4634146341463415,0.2926829268292683,0.4146341463414634,0.524390243902439,0.4146341463414634,0.5487804878048781,0.6707317073170732,0.4268292682926829,0.5609756097560976,0.5487804878048781,0.5609756097560976,0.5,0.5,0.5,0.18292682926829268,0.573170731707317,0.6097560975609756
0,550,4,0.14218347718986937,0.5365853658536586,0.5,0.6097560975609756,0.45121951219512196,0.5,0.5487804878048781,0.36585365853658536,0.5,0.5609756097560976,0.2073170731707317,0.8170731707317073,0.4878048780487805,0.3170731707317073,0.36585365853658536,0.34146341463414637,0.524390243902439,0.6707317073170732,0.2682926829268293,0.6463414634146342,0.7317073170731707,0.4878048780487805,0.573170731707317,0.573170731707317,0.6219512195121951,0.32926829268292684,0.6341463414634146,0.6463414634146342,0.2926829268292683,0.47560975609756095,0.4146341463414634
0,550,5,0.16494249955012372,0.36585365853658536,0.4634146341463415,0.34146341463414637,0.5609756097560976,0.524390243902439,0.7682926829268293,0.17073170731707318,0.43902439024390244,0.4268292682926829,0.3780487804878049,0.9024390243902439,0.4878048780487805,0.3902439024390244,0.5365853658536586,0.6585365853658537,0.34146341463414637,0.6463414634146342,0.35365853658536583,0.4878048780487805,0.7317073170731707,0.6707317073170732,0.2804878048780488,0.5975609756097561,0.8048780487804879,0.4878048780487805,0.5365853658536586,0.47560975609756095,0.2682926829268293,0.4634146341463415,0.43902439024390244
0,550,6,0.15358108772127968,0.4146341463414634,0.6341463414634146,0.2926829268292683,0.7560975609756098,0.6463414634146342,0.6707317073170732,0.15853658536585366,0.5609756097560976,0.4024390243902439,0.4634146341463415,0.7804878048780488,0.4024390243902439,0.5365853658536586,0.4268292682926829,0.5853658536585366,0.43902439024390244,0.4878048780487805,0.3902439024390244,0.3170731707317073,0.6951219512195121,0.6097560975609756,0.2926829268292683,0.524390243902439,0.7682926829268293,0.3902439024390244,0.573170731707317,0.3780487804878049,0.4634146341463415,0.6097560975609756,0.32926829268292684
0,550,7,0.14748872786190015,0.5609756097560976,0.5121951219512195,0.36585365853658536,0.524390243902439,0.6341463414634146,0.7439024390243902,0.3902439024390244,0.5121951219512195,0.5365853658536586,0.4878048780487805,0.7317073170731707,0.5609756097560976,0.6707317073170732,0.3048780487804878,0.4634146341463415,0.47560975609756095,0.4024390243902439,0.15853658536585366,0.34146341463414637,0.5487804878048781,0.6707317073170732,0.3902439024390244,0.573170731707317,0.6097560975609756,0.4268292682926829,0.7439024390243902,0.6097560975609756,0.17073170731707318,0.3780487804878049,0.5
0,550,8,0.14678118219701894,0.5,0.45121951219512196,0.5121951219512195,0.3048780487804878,0.6219512195121951,0.6707317073170732,0.4878048780487805,0.6585365853658537,0.45121951219512196,0.6707317073170732,0.18292682926829268,0.6829268292682927,0.7926829268292683,0.23170731707317074,0.4634146341463415,0.573170731707317,0.4268292682926829,0.4268292682926829,0.4268292682926829,0.45121951219512196,0.5487804878048781,0.573170731707317,0.36585365853658536,0.47560975609756095,0.5609756097560976,0.573170731707317,0.7073170731707317,0.2682926829268293,0.3048780487804878,0.6341463414634146
0,550,9,0.13303307456872823,0.6097560975609756,0.4634146341463415,0.6097560975609756,0.3048780487804878,0.4878048780487805,0.5975609756097561,0.8292682926829268,0.5121951219512195,0.4634146341463415,0.6829268292682927,0.2682926829268293,0.3780487804878049,0.5853658536585366,0.5365853658536586,0.32926829268292684,0.5121951219512195,0.2926829268292683,0.43902439024390244,0.6097560975609756,0.34146341463414637,0.5,0.524390243902439,0.3780487804878049,0.3170731707317073,0.7195121951219512,0.5121951219512195,0.6585365853658537,0.4878048780487805,0.5121951219512195,0.5365853658536586
1,550,0,0.18408845264649032,0.4878048780487805,0.6341463414634146,0.25609756097560976,0.3902439024390244,0.3780487804878049,0.47560975609756095,0.35365853658536583,0.2926829268292683,0.573170731707317,0.7926829268292683,0.4878048780487805,0.3170731707317073,0.3170731707317073,0.2682926829268293,0.6707317073170732,0.25609756097560976,0.5853658536585366,0.6829268292682927,0.1951219512195122,0.8780487804878049,0.6341463414634146,0.5365853658536586,0.6829268292682927,0.34146341463414637,0.5365853658536586,0.7073170731707317,0.7195121951219512,0.7560975609756098,0.47560975609756095,0.3170731707317073
1,550,1,0.1801689118674195,0.45121951219512196,0.7560975609756098,0.3780487804878049,0.8780487804878049,0.34146341463414637,0.36585365853658536,0.524390243902439,0.2804878048780488,0.5487804878048781,0.6585365853658537,0.36585365853658536,0.4268292682926829,0.36585365853658536,0.3170731707317073,0.47560975609756095,0.17073170731707318,0.45121951219512196,0.8414634146341463,0.36585365853658536,0.4634146341463415,0.8170731707317073,0.45121951219512196,0.524390243902439,0.34146341463414637,0.6951219512195121,0.6829268292682927,0.7804878048780488,0.45121951219512196,0.34146341463414637,0.4878048780487805
1,550,2,0.17978328770321936,0.24390243902439024,0.45121951219512196,0.5365853658536586,0.7073170731707317,0.5121951219512195,0.3170731707317073,0.32926829268292684,0.4024390243902439,0.43902439024390244,0.7073170731707317,0.8292682926829268,0.4024390243902439,0.47560975609756095,0.36585365853658536,0.5365853658536586,0.2926829268292683,0.43902439024390244,0.8414634146341463,0.4146341463414634,0.45121951219512196,0.6829268292682927,0.36585365853658536,0.6951219512195121,0.3170731707317073,0.8048780487804879,0.4024390243902439,0.7682926829268293,0.21951219512195122,0.36585365853658536,0.6829268292682927
1,550,3,0.18156675962705118,0.5487804878048781,0.21951219512195122,0.5609756097560976,0.7926829268292683,0.6585365853658537,0.3902439024390244,0.573170731707317,0.4146341463414634,0.35365853658536583,0.4268292682926829,0.8414634146341463,0.2926829268292683,0.34146341463414637,0.4024390243902439,0.6463414634146342,0.7682926829268293,0.5,0.45121951219512196,0.7073170731707317,0.573170731707317,0.8048780487804879,0.34146341463414637,0.3048780487804878,0.2926829268292683,0.7439024390243902,0.34146341463414637,0.4146341463414634,0.18292682926829268,0.5,0.6097560975609756
1,550,4,0.16563232481492576,0.5365853658536586,0.4268292682926829,0.6829268292682927,0.7804878048780488,0.7317073170731707,0.5,0.6951219512195121,0.5853658536585366,0.36585365853658536,0.2804878048780488,0.7195121951219512,0.3902439024390244,0.524390243902439,0.24390243902439024,0.5,0.7195121951219512,0.3170731707317073,0.43902439024390244,0.7439024390243902,0.4146341463414634,0.4634146341463415,0.2073170731707317,0.4634146341463415,0.4268292682926829,0.7073170731707317,0.36585365853658536,0.4634146341463415,0.23170731707317074,0.4146341463414634,0.6585365853658537
1,550,5,0.15639580248681467,0.4024390243902439,0.6585365853658537,0.5365853658536586,0.6219512195121951,0.5853658536585366,0.45121951219512196,0.36585365853658536,0.3902439024390244,0.3902439024390244,0.6341463414634146,0.9146341463414634,0.524390243902439,0.4146341463414634,0.3780487804878049,0.47560975609756095,0.7682926829268293,0.5,0.4024390243902439,0.6585365853658537,0.35365853658536583,0.2682926829268293,0.45121951219512196,0.3170731707317073,0.7073170731707317,0.35365853658536583,0.5975609756097561,0.2926829268292683,0.7317073170731707,0.524390243902439,0.32926829268292684
1,550,6,0.14945867024247345,0.43902439024390244,0.4878048780487805,0.5975609756097561,0.21951219512195122,0.5975609756097561,0.3902439024390244,0.6341463414634146,0.524390243902439,0.5,0.34146341463414637,0.5609756097560976,0.7804878048780488,0.7560975609756098,0.43902439024390244,0.45121951219512196,0.4146341463414634,0.4024390243902439,0.5365853658536586,0.5609756097560976,0.4024390243902439,0.3048780487804878,0.5365853658536586,0.7073170731707317,0.524390243902439,0.43902439024390244,0.6219512195121951,0.3048780487804878,0.8292682926829268,0.47560975609756095,0.21951219512195122
1,550,7,0.1280584587902629,0.4268292682926829,0.4024390243902439,0.7682926829268293,0.4268292682926829,0.6829268292682927,0.5121951219512195,0.524390243902439,0.47560975609756095,0.4268292682926829,0.32926829268292684,0.32926829268292684,0.8292682926829268,0.524390243902439,0.47560975609756095,0.4634146341463415,0.524390243902439,0.4146341463414634,0.6829268292682927,0.4634146341463415,0.4878048780487805,0.4268292682926829,0.6585365853658537,0.524390243902439,0.34146341463414637,0.32926829268292684,0.6097560975609756,0.32926829268292684,0.6341463414634146,0.524390243902439,0.45121951219512196
1,550,8,0.1321357080056735,0.4634146341463415,0.34146341463414637,0.6951219512195121,0.3902439024390244,0.8170731707317073,0.2804878048780488,0.524390243902439,0.43902439024390244,0.5975609756097561,0.524390243902439,0.4878048780487805,0.524390243902439,0.34146341463414637,0.5975609756097561,0.4878048780487805,0.34146341463414637,0.3780487804878049,0.6951219512195121,0.7073170731707317,0.25609756097560976,0.5365853658536586,0.5365853658536586,0.5487804878048781,0.3902439024390244,0.5,0.3902439024390244,0.6219512195121951,0.524390243902439,0.4268292682926829,0.6341463414634146
1,550,9,0.12243805266352324,0.573170731707317,0.3780487804878049,0.6707317073170732,0.6829268292682927,0.4024390243902439,0.5487804878048781,0.35365853658536583,0.6341463414634146,0.6219512195121951,0.4634146341463415,0.6097560975609756,0.17073170731707318,0.35365853658536583,0.6463414634146342,0.4634146341463415,0.3170731707317073,0.5487804878048781,0.5609756097560976,0.3780487804878049,0.5,0.573170731707317,0.5121951219512195,0.5121951219512195,0.4146341463414634,0.34146341463414637,0.5121951219512195,0.5121951219512195,0.4878048780487805,0.5609756097560976,0.6951219512195121
2,550,0,0.18950241156694728,0.6219512195121951,0.524390243902439,0.36585365853658536,0.7439024390243902,0.23170731707317074,0.45121951219512196,0.5365853658536586,0.47560975609756095,0.7439024390243902,0.5365853658536586,0.3170731707317073,0.25609756097560976,0.7804878048780488,0.6707317073170732,0.4634146341463415,0.6707317073170732,0.25609756097560976,0.7682926829268293,0.573170731707317,0.6707317073170732,0.2926829268292683,0.2682926829268293,0.2926829268292683,0.23170731707317074,0.34146341463414637,0.8658536585365854,0.6219512195121951,0.4878048780487805,0.6463414634146342,0.2926829268292683
2,550,1,0.1988964198817084,0.7073170731707317,0.5487804878048781,0.25609756097560976,0.7560975609756098,0.25609756097560976,0.47560975609756095,0.3902439024390244,0.4146341463414634,0.8292682926829268,0.4268292682926829,0.8658536585365854,0.25609756097560976,0.5487804878048781,0.8292682926829268,0.34146341463414637,0.47560975609756095,0.3780487804878049,0.7804878048780488,0.524390243902439,0.4268292682926829,0.3780487804878049,0.2926829268292683,0.524390243902439,0.2926829268292683,0.1951219512195122,0.7926829268292683,0.6951219512195121,0.6219512195121951,0.4634146341463415,0.25609756097560976
2,550,2,0.17151388772438209,0.6097560975609756,0.5487804878048781,0.2926829268292683,0.5121951219512195,0.3902439024390244,0.5975609756097561,0.43902439024390244,0.23170731707317074,0.34146341463414637,0.5975609756097561,0.7926829268292683,0.35365853658536583,0.7682926829268293,0.8780487804878049,0.47560975609756095,0.36585365853658536,0.3048780487804878,0.6097560975609756,0.3902439024390244,0.36585365853658536,0.8048780487804879,0.34146341463414637,0.5,0.4634146341463415,0.24390243902439024,0.7560975609756098,0.4634146341463415,0.6219512195121951,0.5121951219512195,0.4268292682926829
2,550,3,0.16440061726938987,0.4634146341463415,0.5121951219512195,0.2804878048780488,0.4634146341463415,0.36585365853658536,0.5487804878048781,0.34146341463414637,0.5365853658536586,0.43902439024390244,0.47560975609756095,0.7804878048780488,0.4878048780487805,0.6463414634146342,0.8292682926829268,0.3048780487804878,0.25609756097560976,0.6585365853658537,0.5975609756097561,0.5121951219512195,0.35365853658536583,0.7439024390243902,0.45121951219512196,0.25609756097560976,0.5365853658536586,0.2926829268292683,0.7804878048780488,0.3170731707317073,0.7195121951219512,0.4268292682926829,0.6219512195121951
2,550,4,0.15505878961594027,0.573170731707317,0.5975609756097561,0.43902439024390244,0.36585365853658536,0.524390243902439,0.45121951219512196,0.25609756097560976,0.5487804878048781,0.5,0.35365853658536583,0.7804878048780488,0.573170731707317,0.5975609756097561,0.7804878048780488,0.43902439024390244,0.5487804878048781,0.7560975609756098,0.6463414634146342,0.3170731707317073,0.2804878048780488,0.7195121951219512,0.5609756097560976,0.35365853658536583,0.3902439024390244,0.2926829268292683,0.6585365853658537,0.2926829268292683,0.5,0.2926829268292683,0.6097560975609756
2,550,5,0.1378642220591471,0.35365853658536583,0.3902439024390244,0.524390243902439,0.3780487804878049,0.47560975609756095,0.4878048780487805,0.47560975609756095,0.5365853658536586,0.6463414634146342,0.5,0.21951219512195122,0.573170731707317,0.3048780487804878,0.8048780487804879,0.36585365853658536,0.7073170731707317,0.7317073170731707,0.3780487804878049,0.4268292682926829,0.5487804878048781,0.7317073170731707,0.4634146341463415,0.6829268292682927,0.3780487804878049,0.5853658536585366,0.4634146341463415,0.3902439024390244,0.524390243902439,0.3780487804878049,0.573170731707317
2,550,6,0.14235770036169618,0.6585365853658537,0.34146341463414637,0.524390243902439,0.5,0.524390243902439,0.4146341463414634,0.5853658536585366,0.4146341463414634,0.4146341463414634,0.2682926829268293,0.23170731707317074,0.43902439024390244,0.4146341463414634,0.6341463414634146,0.6219512195121951,0.6219512195121951,0.6219512195121951,0.6707317073170732,0.573170731707317,0.524390243902439,0.3780487804878049,0.5487804878048781,0.6585365853658537,0.7926829268292683,0.7195121951219512,0.35365853658536583,0.43902439024390244,0.4268292682926829,0.47560975609756095,0.2073170731707317
2,550,7,0.16494249955012372,0.524390243902439,0.5975609756097561,0.3902439024390244,0.524390243902439,0.35365853658536583,0.5853658536585366,0.8170731707317073,0.23170731707317074,0.5121951219512195,0.47560975609756095,0.36585365853658536,0.32926829268292684,0.3780487804878049,0.6341463414634146,0.5121951219512195,0.2682926829268293,0.25609756097560976,0.4268292682926829,0.7560975609756098,0.45121951219512196,0.4024390243902439,0.3170731707317073,0.5853658536585366,0.7560975609756098,0.5853658536585366,0.926829268292683,0.3902439024390244,0.5365853658536586,0.5609756097560976,0.5487804878048781
2,550,8,0.17500460320848768,0.23170731707317074,0.4024390243902439,0.5487804878048781,0.6707317073170732,0.4878048780487805,0.43902439024390244,0.6341463414634146,0.4268292682926829,0.4634146341463415,0.5487804878048781,0.35365853658536583,0.32926829268292684,0.5853658536585366,0.6585365853658537,0.3780487804878049,0.35365853658536583,0.35365853658536583,0.2073170731707317,0.573170731707317,0.6707317073170732,0.5,0.18292682926829268,0.7682926829268293,0.3048780487804878,0.6829268292682927,0.975609756097561,0.5,0.6341463414634146,0.6585365853658537,0.47560975609756095
2,550,9,0.16135702534810492,0.5609756097560976,0.2926829268292683,0.3902439024390244,0.45121951219512196,0.5365853658536586,0.6829268292682927,0.3048780487804878,0.5487804878048781,0.4878048780487805,0.4268292682926829,0.6097560975609756,0.7073170731707317,0.34146341463414637,0.34146341463414637,0.35365853658536583,0.6829268292682927,0.3902439024390244,0.5975609756097561,0.573170731707317,0.4146341463414634,0.5365853658536586,0.5365853658536586,0.5,0.25609756097560976,0.3170731707317073,0.9878048780487805,0.4024390243902439,0.7682926829268293,0.3780487804878049,0.6219512195121951
3,550,0,0.19012921287570947,0.5975609756097561,0.4634146341463415,0.4024390243902439,0.7439024390243902,0.32926829268292684,0.25609756097560976,0.6097560975609756,0.35365853658536583,0.6707317073170732,0.6341463414634146,0.8658536585365854,0.25609756097560976,0.3902439024390244,0.8780487804878049,0.5853658536585366,0.7804878048780488,0.5365853658536586,0.2926829268292683,0.7804878048780488,0.3170731707317073,0.4146341463414634,0.6951219512195121,0.2804878048780488,0.3780487804878049,0.3048780487804878,0.43902439024390244,0.2926829268292683,0.6097560975609756,0.5365853658536586,0.3048780487804878
3,550,1,0.1429831460402121,0.4634146341463415,0.573170731707317,0.7439024390243902,0.7195121951219512,0.5609756097560976,0.3902439024390244,0.4024390243902439,0.24390243902439024,0.4146341463414634,0.47560975609756095,0.5975609756097561,0.34146341463414637,0.7317073170731707,0.7926829268292683,0.4146341463414634,0.6707317073170732,0.36585365853658536,0.47560975609756095,0.6707317073170732,0.4878048780487805,0.4024390243902439,0.5609756097560976,0.3780487804878049,0.35365853658536583,0.4024390243902439,0.4268292682926829,0.3780487804878049,0.3902439024390244,0.7195121951219512,0.45121951219512196
3,550,2,0.15784715634753693,0.43902439024390244,0.3780487804878049,0.8658536585365854,0.5365853658536586,0.7195121951219512,0.573170731707317,0.4878048780487805,0.5487804878048781,0.3170731707317073,0.5,0.23170731707317074,0.4634146341463415,0.7439024390243902,0.7317073170731707,0.3170731707317073,0.6829268292682927,0.4634146341463415,0.4268292682926829,0.5975609756097561,0.3902439024390244,0.4024390243902439,0.47560975609756095,0.6829268292682927,0.3780487804878049,0.45121951219512196,0.4024390243902439,0.2682926829268293,0.32926829268292684,0.7560975609756098,0.43902439024390244
3,550,3,0.1608955208505938,0.36585365853658536,0.3902439024390244,0.35365853658536583,0.36585365853658536,0.6585365853658537,0.7926829268292683,0.4878048780487805,0.7560975609756098,0.36585365853658536,0.35365853658536583,0.3780487804878049,0.524390243902439,0.6463414634146342,0.5487804878048781,0.4878048780487805,0.6829268292682927,0.5487804878048781,0.4878048780487805,0.3170731707317073,0.4634146341463415,0.2682926829268293,0.43902439024390244,0.8536585365853658,0.7804878048780488,0.524390243902439,0.34146341463414637,0.35365853658536583,0.3780487804878049,0.7073170731707317,0.3780487804878049
3,550,4,0.14627369704683532,0.45121951219512196,0.4878048780487805,0.32926829268292684,0.36585365853658536,0.7317073170731707,0.7195121951219512,0.35365853658536583,0.6097560975609756,0.35365853658536583,0.3902439024390244,0.3902439024390244,0.6585365853658537,0.7073170731707317,0.524390243902439,0.6585365853658537,0.524390243902439,0.47560975609756095,0.35365853658536583,0.4146341463414634,0.47560975609756095,0.5609756097560976,0.35365853658536583,0.7804878048780488,0.7682926829268293,0.4878048780487805,0.2926829268292683,0.5365853658536586,0.3048780487804878,0.5853658536585366,0.35365853658536583
3,550,5,0.13521378699502348,0.45121951219512196,0.4878048780487805,0.3902439024390244,0.2682926829268293,0.6585365853658537,0.5121951219512195,0.34146341463414637,0.5975609756097561,0.4268292682926829,0.4634146341463415,0.4634146341463415,0.3780487804878049,0.3902439024390244,0.4878048780487805,0.7439024390243902,0.2804878048780488,0.6219512195121951,0.47560975609756095,0.7073170731707317,0.3780487804878049,0.5975609756097561,0.5609756097560976,0.7682926829268293,0.7804878048780488,0.573170731707317,0.4268292682926829,0.43902439024390244,0.5121951219512195,0.34146341463414637,0.47560975609756095
3,550,6,0.1389030992796431,0.3170731707317073,0.4268292682926829,0.7073170731707317,0.2926829268292683,0.4634146341463415,0.5,0.5,0.3902439024390244,0.7560975609756098,0.43902439024390244,0.5365853658536586,0.524390243902439,0.4024390243902439,0.524390243902439,0.6097560975609756,0.47560975609756095,0.5609756097560976,0.573170731707317,0.5365853658536586,0.3170731707317073,0.7804878048780488,0.35365853658536583,0.17073170731707318,0.7195121951219512,0.47560975609756095,0.573170731707317,0.5609756097560976,0.6463414634146342,0.3780487804878049,0.4878048780487805
3,550,7,0.14007589795600683,0.3048780487804878,0.4878048780487805,0.7317073170731707,0.3780487804878049,0.4024390243902439,0.6829268292682927,0.5365853658536586,0.4634146341463415,0.573170731707317,0.5365853658536586,0.3170731707317073,0.8292682926829268,0.573170731707317,0.5975609756097561,0.4634146341463415,0.524390243902439,0.47560975609756095,0.5853658536585366,0.35365853658536583,0.6707317073170732,0.45121951219512196,0.6219512195121951,0.4024390243902439,0.2804878048780488,0.23170731707317074,0.2926829268292683,0.5609756097560976,0.6341463414634146,0.524390243902439,0.5121951219512195
3,550,8,0.15133748348769338,0.4024390243902439,0.2926829268292683,0.5975609756097561,0.4146341463414634,0.3170731707317073,0.5853658536585366,0.4634146341463415,0.4268292682926829,0.5365853658536586,0.3780487804878049,0.4024390243902439,0.8780487804878049,0.6219512195121951,0.36585365853658536,0.7073170731707317,0.5853658536585366,0.3902439024390244,0.5975609756097561,0.3780487804878049,0.6951219512195121,0.5609756097560976,0.21951219512195122,0.1951219512195122,0.524390243902439,0.4878048780487805,0.6829268292682927,0.5487804878048781,0.5487804878048781,0.524390243902439,0.6707317073170732
3,550,9,0.14460350105152817,0.43902439024390244,0.34146341463414637,0.5,0.4146341463414634,0.4878048780487805,0.43902439024390244,0.45121951219512196,0.45121951219512196,0.6097560975609756,0.4268292682926829,0.5365853658536586,0.6829268292682927,0.4878048780487805,0.47560975609756095,0.5,0.8780487804878049,0.5,0.24390243902439024,0.6463414634146342,0.3902439024390244,0.32926829268292684,0.43902439024390244,0.7073170731707317,0.2804878048780488,0.573170731707317,0.7560975609756098,0.7073170731707317,0.2804878048780488,0.4878048780487805,0.5365853658536586
4,550,0,0.18615045759114324,0.4634146341463415,0.3170731707317073,0.3170731707317073,0.8048780487804879,0.2926829268292683,0.4878048780487805,0.8414634146341463,0.43902439024390244,0.4878048780487805,0.2926829268292683,0.6219512195121951,0.36585365853658536,0.524390243902439,0.6463414634146342,0.45121951219512196,0.6341463414634146,0.8048780487804879,0.32926829268292684,0.7073170731707317,0.3780487804878049,0.32926829268292684,0.3048780487804878,0.4024390243902439,0.3902439024390244,0.8292682926829268,0.2804878048780488,0.24390243902439024,0.7317073170731707,0.5609756097560976,0.7195121951219512
4,550,1,0.17856590456315247,0.4146341463414634,0.4268292682926829,0.2926829268292683,0.7682926829268293,0.35365853658536583,0.4634146341463415,0.6707317073170732,0.3780487804878049,0.24390243902439024,0.5609756097560976,0.6829268292682927,0.32926829268292684,0.7439024390243902,0.8048780487804879,0.36585365853658536,0.3170731707317073,0.7926829268292683,0.35365853658536583,0.7317073170731707,0.35365853658536583,0.3170731707317073,0.4024390243902439,0.47560975609756095,0.6097560975609756,0.5853658536585366,0.2682926829268293,0.3170731707317073,0.5853658536585366,0.6219512195121951,0.7682926829268293
4,550,2,0.15502681543483612,0.5975609756097561,0.3170731707317073,0.2073170731707317,0.7926829268292683,0.43902439024390244,0.6951219512195121,0.6829268292682927,0.43902439024390244,0.4024390243902439,0.6219512195121951,0.8536585365853658,0.3048780487804878,0.4268292682926829,0.5975609756097561,0.45121951219512196,0.5609756097560976,0.4268292682926829,0.3048780487804878,0.5975609756097561,0.3170731707317073,0.43902439024390244,0.36585365853658536,0.5,0.6707317073170732,0.524390243902439,0.4146341463414634,0.3780487804878049,0.5121951219512195,0.4268292682926829,0.7317073170731707
4,550,3,0.1500214803841133,0.2926829268292683,0.6585365853658537,0.47560975609756095,0.6219512195121951,0.5365853658536586,0.7317073170731707,0.7073170731707317,0.25609756097560976,0.4146341463414634,0.5975609756097561,0.4024390243902439,0.573170731707317,0.5,0.5487804878048781,0.2682926829268293,0.3780487804878049,0.5365853658536586,0.25609756097560976,0.524390243902439,0.6341463414634146,0.8536585365853658,0.45121951219512196,0.4024390243902439,0.3902439024390244,0.5487804878048781,0.7073170731707317,0.4634146341463415,0.2682926829268293,0.4634146341463415,0.5365853658536586
4,550,4,0.13362797110600608,0.3780487804878049,0.7073170731707317,0.6219512195121951,0.2804878048780488,0.4024390243902439,0.6585365853658537,0.6219512195121951,0.5609756097560976,0.3902439024390244,0.5487804878048781,0.524390243902439,0.6341463414634146,0.34146341463414637,0.6219512195121951,0.43902439024390244,0.47560975609756095,0.6219512195121951,0.32926829268292684,0.5,0.4634146341463415,0.7195121951219512,0.6585365853658537,0.34146341463414637,0.4268292682926829,0.32926829268292684,0.7439024390243902,0.4268292682926829,0.3048780487804878,0.45121951219512196,0.47560975609756095
4,550,5,0.14137928532867744,0.4878048780487805,0.5487804878048781,0.7926829268292683,0.6219512195121951,0.43902439024390244,0.4634146341463415,0.2073170731707317,0.43902439024390244,0.7317073170731707,0.4024390243902439,0.47560975609756095,0.36585365853658536,0.6097560975609756,0.34146341463414637,0.6829268292682927,0.6951219512195121,0.5487804878048781,0.47560975609756095,0.45121951219512196,0.47560975609756095,0.5975609756097561,0.3780487804878049,0.3048780487804878,0.4146341463414634,0.34146341463414637,0.8170731707317073,0.5,0.5121951219512195,0.47560975609756095,0.4024390243902439
4,550,6,0.13066434376564753,0.4146341463414634,0.524390243902439,0.6219512195121951,0.7317073170731707,0.3048780487804878,0.5609756097560976,0.32926829268292684,0.524390243902439,0.8170731707317073,0.6097560975609756,0.5853658536585366,0.5365853658536586,0.5,0.2926829268292683,0.6097560975609756,0.6097560975609756,0.5121951219512195,0.5975609756097561,0.3780487804878049,0.3780487804878049,0.3170731707317073,0.3780487804878049,0.3780487804878049,0.4878048780487805,0.7073170731707317,0.4146341463414634,0.3902439024390244,0.573170731707317,0.4878048780487805,0.4268292682926829
4,550,7,0.13295852534764913,0.6097560975609756,0.47560975609756095,0.5487804878048781,0.7560975609756098,0.4146341463414634,0.5487804878048781,0.2804878048780488,0.25609756097560976,0.5487804878048781,0.7073170731707317,0.5975609756097561,0.5975609756097561,0.6341463414634146,0.4634146341463415,0.5487804878048781,0.47560975609756095,0.1951219512195122,0.43902439024390244,0.524390243902439,0.43902439024390244,0.34146341463414637,0.4634146341463415,0.573170731707317,0.5609756097560976,0.6585365853658537,0.3780487804878049,0.35365853658536583,0.6219512195121951,0.6219512195121951,0.36585365853658536
4,550,8,0.14634146341463414,0.524390243902439,0.4146341463414634,0.524390243902439,0.6219512195121951,0.524390243902439,0.4024390243902439,0.6585365853658537,0.3902439024390244,0.4268292682926829,0.3902439024390244,0.4024390243902439,0.5853658536585366,0.4146341463414634,0.5853658536585366,0.5365853658536586,0.4634146341463415,0.23170731707317074,0.3780487804878049,0.5853658536585366,0.3048780487804878,0.43902439024390244,0.524390243902439,0.573170731707317,0.7804878048780488,0.7926829268292683,0.2804878048780488,0.2926829268292683,0.7804878048780488,0.4634146341463415,0.7073170731707317
4,550,9,0.1460362671211971,0.47560975609756095,0.4634146341463415,0.6585365853658537,0.5121951219512195,0.4146341463414634,0.4268292682926829,0.5609756097560976,0.5853658536585366,0.4024390243902439,0.3902439024390244,0.4268292682926829,0.6341463414634146,0.3780487804878049,0.5487804878048781,0.7560975609756098,0.3780487804878049,0.4024390243902439,0.2926829268292683,0.573170731707317,0.25609756097560976,0.3170731707317073,0.5975609756097561,0.47560975609756095,0.6463414634146342,0.8658536585365854,0.4024390243902439,0.3048780487804878,0.5609756097560976,0.5121951219512195,0.7804878048780488
0,575,0,0.1986969249269134,0.2926829268292683,0.4268292682926829,0.3048780487804878,0.36585365853658536,0.6707317073170732,0.3780487804878049,0.36585365853658536,0.47560975609756095,0.5609756097560976,0.2804878048780488,0.5609756097560976,0.6829268292682927,0.34146341463414637,0.8048780487804879,0.34146341463414637,0.24390243902439024,0.6097560975609756,0.6097560975609756,0.47560975609756095,0.8048780487804879,0.573170731707317,0.7195121951219512,0.6097560975609756,0.21951219512195122,0.6585365853658537,0.6707317073170732,0.6707317073170732,0.9146341463414634,0.15853658536585366,0.2073170731707317
0,575,1,0.17761948468699018,0.3048780487804878,0.45121951219512196,0.4024390243902439,0.3902439024390244,0.573170731707317,0.32926829268292684,0.3048780487804878,0.45121951219512196,0.573170731707317,0.35365853658536583,0.7682926829268293,0.4146341463414634,0.34146341463414637,0.7682926829268293,0.4146341463414634,0.23170731707317074,0.6463414634146342,0.524390243902439,0.5609756097560976,0.6341463414634146,0.573170731707317,0.6951219512195121,0.7560975609756098,0.18292682926829268,0.524390243902439,0.5975609756097561,0.524390243902439,0.9512195121951219,0.25609756097560976,0.5
0,575,2,0.14708483282377402,0.5,0.4634146341463415,0.2804878048780488,0.5365853658536586,0.5,0.5121951219512195,0.4268292682926829,0.3780487804878049,0.5853658536585366,0.2073170731707317,0.6707317073170732,0.3902439024390244,0.3780487804878049,0.47560975609756095,0.2804878048780488,0.5609756097560976,0.5,0.6097560975609756,0.573170731707317,0.8536585365853658,0.3902439024390244,0.7439024390243902,0.5975609756097561,0.24390243902439024,0.3780487804878049,0.6463414634146342,0.45121951219512196,0.6097560975609756,0.5853658536585366,0.6707317073170732
0,575,3,0.13775630484334572,0.5,0.573170731707317,0.6219512195121951,0.4268292682926829,0.3902439024390244,0.3780487804878049,0.7560975609756098,0.6463414634146342,0.32926829268292684,0.4146341463414634,0.5609756097560976,0.43902439024390244,0.6097560975609756,0.35365853658536583,0.4268292682926829,0.7439024390243902,0.36585365853658536,0.6341463414634146,0.45121951219512196,0.5487804878048781,0.524390243902439,0.8048780487804879,0.21951219512195122,0.3170731707317073,0.5,0.4268292682926829,0.45121951219512196,0.6707317073170732,0.43902439024390244,0.47560975609756095
0,575,4,0.14155449829135053,0.4878048780487805,0.7073170731707317,0.6829268292682927,0.5365853658536586,0.32926829268292684,0.4634146341463415,0.573170731707317,0.6829268292682927,0.5,0.573170731707317,0.7804878048780488,0.2926829268292683,0.5975609756097561,0.24390243902439024,0.3780487804878049,0.8414634146341463,0.5365853658536586,0.4268292682926829,0.3780487804878049,0.3048780487804878,0.5365853658536586,0.45121951219512196,0.45121951219512196,0.5853658536585366,0.3048780487804878,0.47560975609756095,0.4634146341463415,0.4268292682926829,0.524390243902439,0.4634146341463415
0,575,5,0.14207884073964386,0.3902439024390244,0.7926829268292683,0.5975609756097561,0.4878048780487805,0.4268292682926829,0.6341463414634146,0.573170731707317,0.6219512195121951,0.6097560975609756,0.4024390243902439,0.32926829268292684,0.4146341463414634,0.6463414634146342,0.45121951219512196,0.5121951219512195,0.8414634146341463,0.4878048780487805,0.5,0.6829268292682927,0.524390243902439,0.45121951219512196,0.4024390243902439,0.25609756097560976,0.5365853658536586,0.3048780487804878,0.5365853658536586,0.3780487804878049,0.5365853658536586,0.47560975609756095,0.1951219512195122
0,575,6,0.12661802295041374,0.3902439024390244,0.34146341463414637,0.43902439024390244,0.6097560975609756,0.4024390243902439,0.3170731707317073,0.47560975609756095,0.6707317073170732,0.5853658536585366,0.4878048780487805,0.36585365853658536,0.3902439024390244,0.47560975609756095,0.5975609756097561,0.4268292682926829,0.573170731707317,0.5365853658536586,0.573170731707317,0.573170731707317,0.6219512195121951,0.5487804878048781,0.5853658536585366,0.36585365853658536,0.5,0.23170731707317074,0.34146341463414637,0.8414634146341463,0.6463414634146342,0.5853658536585366,0.5
0,575,7,0.12971238336938173,0.6097560975609756,0.8414634146341463,0.32926829268292684,0.5365853658536586,0.5609756097560976,0.34146341463414637,0.5487804878048781,0.43902439024390244,0.6463414634146342,0.6463414634146342,0.5365853658536586,0.47560975609756095,0.4268292682926829,0.4268292682926829,0.25609756097560976,0.47560975609756095,0.4634146341463415,0.6463414634146342,0.6585365853658537,0.5365853658536586,0.3902439024390244,0.573170731707317,0.4634146341463415,0.3170731707317073,0.5975609756097561,0.2926829268292683,0.6219512195121951,0.524390243902439,0.47560975609756095,0.34146341463414637
0,575,8,0.1463075841542161,0.3902439024390244,0.7682926829268293,0.7195121951219512,0.524390243902439,0.4878048780487805,0.7439024390243902,0.2682926829268293,0.2073170731707317,0.4878048780487805,0.45121951219512196,0.524390243902439,0.36585365853658536,0.5121951219512195,0.3048780487804878,0.5975609756097561,0.6219512195121951,0.5609756097560976,0.45121951219512196,0.6585365853658537,0.32926829268292684,0.524390243902439,0.3902439024390244,0.4878048780487805,0.3902439024390244,0.43902439024390244,0.524390243902439,0.36585365853658536,0.8414634146341463,0.5487804878048781,0.5121951219512195
0,575,9,0.14819289539478198,0.7073170731707317,0.5975609756097561,0.7682926829268293,0.21951219512195122,0.35365853658536583,0.524390243902439,0.573170731707317,0.5121951219512195,0.5121951219512195,0.21951219512195122,0.6585365853658537,0.524390243902439,0.5487804878048781,0.43902439024390244,0.3170731707317073,0.4878048780487805,0.35365853658536583,0.43902439024390244,0.36585365853658536,0.5975609756097561,0.6951219512195121,0.3902439024390244,0.524390243902439,0.524390243902439,0.45121951219512196,0.7560975609756098,0.5975609756097561,0.4024390243902439,0.25609756097560976,0.6829268292682927
1,575,0,0.20430620931917173,0.34146341463414637,0.7560975609756098,0.24390243902439024,0.23170731707317074,0.7926829268292683,0.32926829268292684,0.6707317073170732,0.7560975609756098,0.5975609756097561,0.2926829268292683,0.5365853658536586,0.8048780487804879,0.3780487804878049,0.4634146341463415,0.3048780487804878,0.45121951219512196,0.3902439024390244,0.36585365853658536,0.3902439024390244,0.6097560975609756,0.2804878048780488,0.4268292682926829,0.8048780487804879,0.4024390243902439,0.24390243902439024,0.6585365853658537,0.4268292682926829,0.32926829268292684,0.7682926829268293,0.9512195121951219
1,575,1,0.19377072787999985,0.3902439024390244,0.6707317073170732,0.23170731707317074,0.6341463414634146,0.6951219512195121,0.3048780487804878,0.5,0.7682926829268293,0.6097560975609756,0.6829268292682927,0.5609756097560976,0.7439024390243902,0.2804878048780488,0.36585365853658536,0.1951219512195122,0.34146341463414637,0.23170731707317074,0.4268292682926829,0.25609756097560976,0.6829268292682927,0.35365853658536583,0.3780487804878049,0.8048780487804879,0.3902439024390244,0.5121951219512195,0.5975609756097561,0.3780487804878049,0.3902439024390244,0.7317073170731707,0.8902439024390244
1,575,2,0.18249270980905596,0.34146341463414637,0.6829268292682927,0.3048780487804878,0.6341463414634146,0.4268292682926829,0.25609756097560976,0.5975609756097561,0.6829268292682927,0.4878048780487805,0.6341463414634146,0.6585365853658537,0.5609756097560976,0.2804878048780488,0.3902439024390244,0.34146341463414637,0.6585365853658537,0.32926829268292684,0.36585365853658536,0.5,0.7317073170731707,0.23170731707317074,0.3170731707317073,0.524390243902439,0.36585365853658536,0.573170731707317,0.573170731707317,0.25609756097560976,0.4878048780487805,0.9024390243902439,0.9024390243902439
1,575,3,0.14583244808660242,0.4268292682926829,0.18292682926829268,0.6341463414634146,0.6707317073170732,0.5487804878048781,0.36585365853658536,0.4024390243902439,0.7073170731707317,0.45121951219512196,0.7682926829268293,0.4268292682926829,0.45121951219512196,0.34146341463414637,0.23170731707317074,0.4146341463414634,0.5121951219512195,0.4878048780487805,0.524390243902439,0.5609756097560976,0.6097560975609756,0.5487804878048781,0.3902439024390244,0.43902439024390244,0.21951219512195122,0.5609756097560976,0.6219512195121951,0.6951219512195121,0.7195121951219512,0.5853658536585366,0.5
1,575,4,0.10907648670730682,0.5,0.34146341463414637,0.7195121951219512,0.5975609756097561,0.4268292682926829,0.4268292682926829,0.2804878048780488,0.5609756097560976,0.47560975609756095,0.6341463414634146,0.5365853658536586,0.4634146341463415,0.3780487804878049,0.573170731707317,0.5121951219512195,0.573170731707317,0.5365853658536586,0.5,0.3902439024390244,0.43902439024390244,0.43902439024390244,0.4634146341463415,0.45121951219512196,0.4146341463414634,0.6341463414634146,0.3902439024390244,0.8048780487804879,0.524390243902439,0.573170731707317,0.43902439024390244
1,575,5,0.1782046316447446,0.4268292682926829,0.5,0.7804878048780488,0.4634146341463415,0.43902439024390244,0.34146341463414637,0.35365853658536583,0.23170731707317074,0.5,0.8048780487804879,0.21951219512195122,0.524390243902439,0.8292682926829268,0.5853658536585366,0.6341463414634146,0.6707317073170732,0.6585365853658537,0.4024390243902439,0.5365853658536586,0.34146341463414637,0.3780487804878049,0.5975609756097561,0.32926829268292684,0.4024390243902439,0.34146341463414637,0.573170731707317,0.8902439024390244,0.4268292682926829,0.2073170731707317,0.6097560975609756
1,575,6,0.17792623023799037,0.4634146341463415,0.5365853658536586,0.7317073170731707,0.18292682926829268,0.8414634146341463,0.4146341463414634,0.524390243902439,0.2926829268292683,0.5609756097560976,0.8780487804878049,0.2682926829268293,0.2926829268292683,0.47560975609756095,0.5,0.6219512195121951,0.34146341463414637,0.5121951219512195,0.7195121951219512,0.6219512195121951,0.34146341463414637,0.34146341463414637,0.6951219512195121,0.45121951219512196,0.6463414634146342,0.4634146341463415,0.5975609756097561,0.5853658536585366,0.5365853658536586,0.12195121951219512,0.43902439024390244
1,575,7,0.16709245630783906,0.4146341463414634,0.35365853658536583,0.5121951219512195,0.5121951219512195,0.7804878048780488,0.573170731707317,0.7682926829268293,0.6097560975609756,0.5121951219512195,0.7317073170731707,0.4878048780487805,0.5609756097560976,0.25609756097560976,0.32926829268292684,0.3048780487804878,0.35365853658536583,0.6219512195121951,0.6707317073170732,0.524390243902439,0.34146341463414637,0.2682926829268293,0.573170731707317,0.573170731707317,0.8414634146341463,0.6219512195121951,0.24390243902439024,0.25609756097560976,0.524390243902439,0.3048780487804878,0.573170731707317
1,575,8,0.16285549287813114,0.5365853658536586,0.524390243902439,0.2682926829268293,0.5487804878048781,0.6341463414634146,0.5487804878048781,0.43902439024390244,0.5121951219512195,0.3170731707317073,0.7195121951219512,0.6097560975609756,0.6097560975609756,0.1951219512195122,0.5853658536585366,0.43902439024390244,0.2073170731707317,0.5609756097560976,0.6219512195121951,0.524390243902439,0.5975609756097561,0.36585365853658536,0.7195121951219512,0.5121951219512195,0.8170731707317073,0.7804878048780488,0.3048780487804878,0.21951219512195122,0.47560975609756095,0.34146341463414637,0.4634146341463415
1,575,9,0.1146600904735918,0.4146341463414634,0.45121951219512196,0.4268292682926829,0.4634146341463415,0.5853658536585366,0.5121951219512195,0.524390243902439,0.43902439024390244,0.4634146341463415,0.5975609756097561,0.6463414634146342,0.6951219512195121,0.3902439024390244,0.3170731707317073,0.573170731707317,0.4268292682926829,0.32926829268292684,0.6463414634146342,0.34146341463414637,0.524390243902439,0.524390243902439,0.6219512195121951,0.6463414634146342,0.4634146341463415,0.6463414634146342,0.7195121951219512,0.3048780487804878,0.4634146341463415,0.4634146341463415,0.3780487804878049
2,575,0,0.22036869939357814,0.7439024390243902,0.8780487804878049,0.23170731707317074,0.5365853658536586,0.2073170731707317,0.6097560975609756,0.6219512195121951,0.9634146341463414,0.3170731707317073,0.23170731707317074,0.6585365853658537,0.24390243902439024,0.7926829268292683,0.6341463414634146,0.34146341463414637,0.2926829268292683,0.32926829268292684,0.2926829268292683,0.5975609756097561,0.3048780487804878,0.4634146341463415,0.2926829268292683,0.7439024390243902,0.3048780487804878,0.24390243902439024,0.7682926829268293,0.5853658536585366,0.47560975609756095,0.5121951219512195,0.7804878048780488
2,575,1,0.21427816007005043,0.8658536585365854,0.7073170731707317,0.2804878048780488,0.7073170731707317,0.2926829268292683,0.6097560975609756,0.5853658536585366,0.9024390243902439,0.3170731707317073,0.3170731707317073,0.3170731707317073,0.25609756097560976,0.7560975609756098,0.5487804878048781,0.7195121951219512,0.5853658536585366,0.4268292682926829,0.3048780487804878,0.6463414634146342,0.2926829268292683,0.2804878048780488,0.2682926829268293,0.47560975609756095,0.32926829268292684,0.3902439024390244,0.7926829268292683,0.9512195121951219,0.36585365853658536,0.36585365853658536,0.34146341463414637
2,575,2,0.1906499731303688,0.6829268292682927,0.45121951219512196,0.4146341463414634,0.6219512195121951,0.32926829268292684,0.5609756097560976,0.6707317073170732,0.8780487804878049,0.3902439024390244,0.47560975609756095,0.14634146341463414,0.7073170731707317,0.7439024390243902,0.3170731707317073,0.7804878048780488,0.4024390243902439,0.5121951219512195,0.2926829268292683,0.6463414634146342,0.2926829268292683,0.32926829268292684,0.6097560975609756,0.4024390243902439,0.34146341463414637,0.3048780487804878,0.6951219512195121,0.8902439024390244,0.35365853658536583,0.4146341463414634,0.34146341463414637
2,575,3,0.16724073254280936,0.7804878048780488,0.4634146341463415,0.47560975609756095,0.5,0.5975609756097561,0.4878048780487805,0.5975609756097561,0.7926829268292683,0.36585365853658536,0.524390243902439,0.4634146341463415,0.5,0.8658536585365854,0.13414634146341464,0.8292682926829268,0.4878048780487805,0.5121951219512195,0.35365853658536583,0.32926829268292684,0.4268292682926829,0.32926829268292684,0.6341463414634146,0.2926829268292683,0.3780487804878049,0.6829268292682927,0.6097560975609756,0.34146341463414637,0.4634146341463415,0.4024390243902439,0.3780487804878049
2,575,4,0.17517448314158734,0.4634146341463415,0.524390243902439,0.5365853658536586,0.5609756097560976,0.524390243902439,0.4146341463414634,0.5121951219512195,0.4878048780487805,0.35365853658536583,0.2926829268292683,0.9146341463414634,0.524390243902439,0.8414634146341463,0.14634146341463414,0.8292682926829268,0.6341463414634146,0.5365853658536586,0.32926829268292684,0.13414634146341464,0.5487804878048781,0.3902439024390244,0.5609756097560976,0.34146341463414637,0.6585365853658537,0.6829268292682927,0.47560975609756095,0.524390243902439,0.36585365853658536,0.5121951219512195,0.3780487804878049
2,575,5,0.15247966937813862,0.34146341463414637,0.524390243902439,0.47560975609756095,0.5,0.573170731707317,0.21951219512195122,0.4634146341463415,0.36585365853658536,0.36585365853658536,0.36585365853658536,0.9390243902439024,0.6219512195121951,0.3902439024390244,0.5365853658536586,0.4634146341463415,0.3780487804878049,0.5121951219512195,0.32926829268292684,0.3048780487804878,0.7804878048780488,0.6097560975609756,0.5121951219512195,0.6707317073170732,0.6341463414634146,0.6585365853658537,0.43902439024390244,0.6951219512195121,0.524390243902439,0.36585365853658536,0.43902439024390244
2,575,6,0.1611418210649652,0.5487804878048781,0.6341463414634146,0.5365853658536586,0.4146341463414634,0.5609756097560976,0.3780487804878049,0.3048780487804878,0.3902439024390244,0.7317073170731707,0.5487804878048781,0.8048780487804879,0.7682926829268293,0.32926829268292684,0.3170731707317073,0.2804878048780488,0.2804878048780488,0.3048780487804878,0.5365853658536586,0.6585365853658537,0.3170731707317073,0.6585365853658537,0.34146341463414637,0.6951219512195121,0.7560975609756098,0.5609756097560976,0.36585365853658536,0.47560975609756095,0.6219512195121951,0.4878048780487805,0.3902439024390244
2,575,7,0.17038291899095592,0.6463414634146342,0.43902439024390244,0.5365853658536586,0.3780487804878049,0.32926829268292684,0.8292682926829268,0.43902439024390244,0.36585365853658536,0.6829268292682927,0.5487804878048781,0.2682926829268293,0.7317073170731707,0.4268292682926829,0.2804878048780488,0.4146341463414634,0.43902439024390244,0.5609756097560976,0.6463414634146342,0.7195121951219512,0.2926829268292683,0.6585365853658537,0.13414634146341464,0.7682926829268293,0.6951219512195121,0.4268292682926829,0.5853658536585366,0.3048780487804878,0.45121951219512196,0.6097560975609756,0.3902439024390244
2,575,8,0.15097672616054914,0.8048780487804879,0.47560975609756095,0.5853658536585366,0.5975609756097561,0.4146341463414634,0.7073170731707317,0.6219512195121951,0.34146341463414637,0.3902439024390244,0.36585365853658536,0.3048780487804878,0.5975609756097561,0.1951219512195122,0.5853658536585366,0.43902439024390244,0.23170731707317074,0.5365853658536586,0.5609756097560976,0.5609756097560976,0.6463414634146342,0.5487804878048781,0.7682926829268293,0.6829268292682927,0.45121951219512196,0.47560975609756095,0.4024390243902439,0.4878048780487805,0.5121951219512195,0.4878048780487805,0.21951219512195122
2,575,9,0.13954402957051412,0.47560975609756095,0.3902439024390244,0.5975609756097561,0.5121951219512195,0.5487804878048781,0.7195121951219512,0.5487804878048781,0.6951219512195121,0.4268292682926829,0.3170731707317073,0.32926829268292684,0.6463414634146342,0.23170731707317074,0.5121951219512195,0.36585365853658536,0.2073170731707317,0.5487804878048781,0.7195121951219512,0.6463414634146342,0.5853658536585366,0.6585365853658537,0.6829268292682927,0.4634146341463415,0.5,0.34146341463414637,0.5975609756097561,0.43902439024390244,0.36585365853658536,0.524390243902439,0.4024390243902439
3,575,0,0.19719427977958945,0.36585365853658536,0.9512195121951219,0.25609756097560976,0.4268292682926829,0.5,0.6707317073170732,0.35365853658536583,0.2804878048780488,0.2804878048780488,0.4268292682926829,0.7195121951219512,0.36585365853658536,0.8536585365853658,0.5853658536585366,0.3170731707317073,0.7317073170731707,0.3902439024390244,0.7317073170731707,0.524390243902439,0.5365853658536586,0.5487804878048781,0.7317073170731707,0.34146341463414637,0.4024390243902439,0.36585365853658536,0.2804878048780488,0.3170731707317073,0.5853658536585366,0.8658536585365854,0.2926829268292683
3,575,1,0.17753573482707902,0.35365853658536583,0.8658536585365854,0.7439024390243902,0.34146341463414637,0.36585365853658536,0.7804878048780488,0.36585365853658536,0.3780487804878049,0.4024390243902439,0.36585365853658536,0.8170731707317073,0.2926829268292683,0.4878048780487805,0.4634146341463415,0.36585365853658536,0.45121951219512196,0.25609756097560976,0.5975609756097561,0.4634146341463415,0.4146341463414634,0.7073170731707317,0.2682926829268293,0.6097560975609756,0.32926829268292684,0.3170731707317073,0.5609756097560976,0.6097560975609756,0.6707317073170732,0.7926829268292683,0.5609756097560976
3,575,2,0.1748345582097492,0.4634146341463415,0.7073170731707317,0.7195121951219512,0.6219512195121951,0.2804878048780488,0.23170731707317074,0.5,0.6097560975609756,0.4146341463414634,0.5365853658536586,0.5853658536585366,0.35365853658536583,0.6707317073170732,0.5975609756097561,0.2682926829268293,0.36585365853658536,0.36585365853658536,0.45121951219512196,0.5975609756097561,0.23170731707317074,0.8658536585365854,0.43902439024390244,0.13414634146341464,0.35365853658536583,0.3780487804878049,0.6829268292682927,0.6585365853658537,0.6585365853658537,0.6707317073170732,0.5853658536585366
3,575,3,0.15231702435118044,0.5,0.4878048780487805,0.8902439024390244,0.5,0.32926829268292684,0.34146341463414637,0.7195121951219512,0.6097560975609756,0.6829268292682927,0.6463414634146342,0.5487804878048781,0.6951219512195121,0.43902439024390244,0.25609756097560976,0.4146341463414634,0.5,0.4268292682926829,0.3048780487804878,0.36585365853658536,0.35365853658536583,0.573170731707317,0.4268292682926829,0.4024390243902439,0.4268292682926829,0.34146341463414637,0.5853658536585366,0.6829268292682927,0.4268292682926829,0.36585365853658536,0.7560975609756098
3,575,4,0.13768431304075804,0.6829268292682927,0.23170731707317074,0.8170731707317073,0.5365853658536586,0.5853658536585366,0.5609756097560976,0.6463414634146342,0.6097560975609756,0.4878048780487805,0.6585365853658537,0.36585365853658536,0.5609756097560976,0.25609756097560976,0.35365853658536583,0.5487804878048781,0.5121951219512195,0.4634146341463415,0.4146341463414634,0.3902439024390244,0.524390243902439,0.5487804878048781,0.35365853658536583,0.32926829268292684,0.5365853658536586,0.3902439024390244,0.5,0.7926829268292683,0.5,0.43902439024390244,0.4024390243902439
3,575,5,0.14945867024247345,0.573170731707317,0.4146341463414634,0.3902439024390244,0.2682926829268293,0.5975609756097561,0.8170731707317073,0.5487804878048781,0.34146341463414637,0.34146341463414637,0.6707317073170732,0.34146341463414637,0.4634146341463415,0.5975609756097561,0.2682926829268293,0.7317073170731707,0.43902439024390244,0.5609756097560976,0.5975609756097561,0.5487804878048781,0.5609756097560976,0.2804878048780488,0.35365853658536583,0.7926829268292683,0.47560975609756095,0.3780487804878049,0.45121951219512196,0.3780487804878049,0.5609756097560976,0.6951219512195121,0.5609756097560976
3,575,6,0.14637533483353807,0.4878048780487805,0.524390243902439,0.8536585365853658,0.32926829268292684,0.4268292682926829,0.5487804878048781,0.23170731707317074,0.573170731707317,0.43902439024390244,0.4024390243902439,0.7073170731707317,0.5,0.4024390243902439,0.4146341463414634,0.4634146341463415,0.2926829268292683,0.5,0.43902439024390244,0.7195121951219512,0.4146341463414634,0.3902439024390244,0.5,0.8536585365853658,0.6829268292682927,0.5365853658536586,0.4634146341463415,0.4878048780487805,0.4634146341463415,0.6341463414634146,0.3170731707317073
3,575,7,0.14474056601220686,0.35365853658536583,0.43902439024390244,0.975609756097561,0.3048780487804878,0.3048780487804878,0.4146341463414634,0.4146341463414634,0.5609756097560976,0.5121951219512195,0.4024390243902439,0.7926829268292683,0.45121951219512196,0.2926829268292683,0.5365853658536586,0.36585365853658536,0.4268292682926829,0.5,0.6097560975609756,0.6341463414634146,0.3902439024390244,0.4878048780487805,0.6219512195121951,0.6097560975609756,0.5365853658536586,0.6219512195121951,0.5,0.4634146341463415,0.4146341463414634,0.6341463414634146,0.4268292682926829
3,575,8,0.16545264767852771,0.32926829268292684,0.4146341463414634,0.975609756097561,0.34146341463414637,0.3048780487804878,0.43902439024390244,0.7439024390243902,0.6463414634146342,0.3780487804878049,0.5365853658536586,0.6463414634146342,0.524390243902439,0.7195121951219512,0.6219512195121951,0.4146341463414634,0.5,0.17073170731707318,0.4634146341463415,0.5853658536585366,0.24390243902439024,0.47560975609756095,0.6463414634146342,0.5853658536585366,0.4634146341463415,0.6707317073170732,0.4634146341463415,0.2926829268292683,0.524390243902439,0.3780487804878049,0.5
3,575,9,0.14439765966454324,0.573170731707317,0.24390243902439024,0.9512195121951219,0.3780487804878049,0.3902439024390244,0.36585365853658536,0.5487804878048781,0.5975609756097561,0.5,0.4634146341463415,0.6707317073170732,0.5,0.6829268292682927,0.5609756097560976,0.5365853658536586,0.6463414634146342,0.34146341463414637,0.573170731707317,0.21951219512195122,0.4146341463414634,0.5609756097560976,0.4024390243902439,0.47560975609756095,0.4024390243902439,0.573170731707317,0.5609756097560976,0.36585365853658536,0.6463414634146342,0.3780487804878049,0.47560975609756095
4,575,0,0.2124426180237992,0.5609756097560976,0.5975609756097561,0.2926829268292683,0.6463414634146342,0.5609756097560976,0.9146341463414634,0.4146341463414634,0.2926829268292683,0.6707317073170732,0.23170731707317074,0.6341463414634146,0.8048780487804879,0.2682926829268293,0.18292682926829268,0.3780487804878049,0.8292682926829268,0.2682926829268293,0.23170731707317074,0.8170731707317073,0.43902439024390244,0.6585365853658537,0.6707317073170732,0.34146341463414637,0.3170731707317073,0.32926829268292684,0.3170731707317073,0.3048780487804878,0.7073170731707317,0.7682926829268293,0.5487804878048781
4,575,1,0.19122117138818912,0.5365853658536586,0.573170731707317,0.23170731707317074,0.6829268292682927,0.4878048780487805,0.8658536585365854,0.524390243902439,0.2804878048780488,0.5975609756097561,0.2682926829268293,0.7317073170731707,0.6829268292682927,0.3170731707317073,0.23170731707317074,0.3902439024390244,0.7560975609756098,0.23170731707317074,0.3780487804878049,0.8536585365853658,0.6341463414634146,0.5121951219512195,0.6951219512195121,0.32926829268292684,0.3902439024390244,0.3048780487804878,0.5,0.34146341463414637,0.573170731707317,0.7560975609756098,0.34146341463414637
4,575,2,0.1731249223733478,0.7804878048780488,0.6097560975609756,0.32926829268292684,0.7682926829268293,0.6341463414634146,0.3048780487804878,0.4146341463414634,0.3170731707317073,0.6341463414634146,0.2926829268292683,0.5121951219512195,0.3048780487804878,0.573170731707317,0.4878048780487805,0.23170731707317074,0.7317073170731707,0.3048780487804878,0.7073170731707317,0.7073170731707317,0.6707317073170732,0.4878048780487805,0.5975609756097561,0.2804878048780488,0.4268292682926829,0.5975609756097561,0.6585365853658537,0.25609756097560976,0.5975609756097561,0.524390243902439,0.25609756097560976
4,575,3,0.1599685176244802,0.5853658536585366,0.573170731707317,0.5487804878048781,0.5,0.5,0.1951219512195122,0.5365853658536586,0.4146341463414634,0.47560975609756095,0.5975609756097561,0.5609756097560976,0.35365853658536583,0.8292682926829268,0.5975609756097561,0.2804878048780488,0.3902439024390244,0.6951219512195121,0.9512195121951219,0.47560975609756095,0.4878048780487805,0.4878048780487805,0.7195121951219512,0.3048780487804878,0.2926829268292683,0.5487804878048781,0.5,0.36585365853658536,0.4146341463414634,0.3048780487804878,0.5121951219512195
4,575,4,0.15800410891325622,0.3902439024390244,0.45121951219512196,0.6463414634146342,0.4024390243902439,0.4878048780487805,0.17073170731707318,0.5,0.4634146341463415,0.6463414634146342,0.6097560975609756,0.7560975609756098,0.6829268292682927,0.6463414634146342,0.6341463414634146,0.4268292682926829,0.3048780487804878,0.7439024390243902,0.8902439024390244,0.4268292682926829,0.32926829268292684,0.5,0.47560975609756095,0.3780487804878049,0.25609756097560976,0.5365853658536586,0.5121951219512195,0.5487804878048781,0.4634146341463415,0.2804878048780488,0.43902439024390244
4,575,5,0.1555057378467813,0.5853658536585366,0.34146341463414637,0.7073170731707317,0.3048780487804878,0.4268292682926829,0.5487804878048781,0.4878048780487805,0.43902439024390244,0.524390243902439,0.524390243902439,0.43902439024390244,0.6341463414634146,0.6341463414634146,0.4146341463414634,0.8170731707317073,0.35365853658536583,0.8414634146341463,0.7804878048780488,0.43902439024390244,0.45121951219512196,0.3902439024390244,0.24390243902439024,0.6463414634146342,0.36585365853658536,0.6219512195121951,0.4024390243902439,0.5365853658536586,0.21951219512195122,0.43902439024390244,0.43902439024390244
4,575,6,0.16569217389540286,0.6341463414634146,0.6341463414634146,0.6585365853658537,0.2926829268292683,0.25609756097560976,0.6707317073170732,0.3902439024390244,0.3902439024390244,0.6585365853658537,0.7317073170731707,0.47560975609756095,0.5487804878048781,0.5,0.36585365853658536,0.6707317073170732,0.36585365853658536,0.8292682926829268,0.3048780487804878,0.35365853658536583,0.4268292682926829,0.5,0.2682926829268293,0.6219512195121951,0.45121951219512196,0.8658536585365854,0.524390243902439,0.2926829268292683,0.3170731707317073,0.45121951219512196,0.5487804878048781
4,575,7,0.14391621816350592,0.7073170731707317,0.6585365853658537,0.3902439024390244,0.34146341463414637,0.4268292682926829,0.35365853658536583,0.4634146341463415,0.5121951219512195,0.5853658536585366,0.5121951219512195,0.6707317073170732,0.573170731707317,0.3780487804878049,0.43902439024390244,0.47560975609756095,0.3048780487804878,0.8658536585365854,0.2804878048780488,0.32926829268292684,0.7195121951219512,0.5121951219512195,0.5,0.47560975609756095,0.5853658536585366,0.4146341463414634,0.5487804878048781,0.2682926829268293,0.4024390243902439,0.6829268292682927,0.6219512195121951
4,575,8,0.12388707413853947,0.47560975609756095,0.7804878048780488,0.4024390243902439,0.47560975609756095,0.3170731707317073,0.524390243902439,0.4024390243902439,0.3048780487804878,0.6829268292682927,0.5365853658536586,0.3902439024390244,0.3780487804878049,0.4024390243902439,0.4878048780487805,0.5365853658536586,0.3048780487804878,0.7317073170731707,0.4146341463414634,0.45121951219512196,0.6585365853658537,0.5853658536585366,0.5975609756097561,0.524390243902439,0.6707317073170732,0.5121951219512195,0.4634146341463415,0.36585365853658536,0.6341463414634146,0.5487804878048781,0.43902439024390244
4,575,9,0.13528709347207865,0.2682926829268293,0.7317073170731707,0.6219512195121951,0.5365853658536586,0.2682926829268293,0.4268292682926829,0.45121951219512196,0.45121951219512196,0.2682926829268293,0.6463414634146342,0.32926829268292684,0.6707317073170732,0.5121951219512195,0.6829268292682927,0.4634146341463415,0.3780487804878049,0.3780487804878049,0.4634146341463415,0.47560975609756095,0.3170731707317073,0.7195121951219512,0.524390243902439,0.5853658536585366,0.6097560975609756,0.47560975609756095,0.5853658536585366,0.6585365853658537,0.5121951219512195,0.6097560975609756,0.3780487804878049
0,600,0,0.20102848779468258,0.24390243902439024,0.24390243902439024,0.3780487804878049,0.43902439024390244,0.5853658536585366,0.6463414634146342,0.8170731707317073,0.2682926829268293,0.7439024390243902,0.9024390243902439,0.5,0.32926829268292684,0.975609756097561,0.4268292682926829,0.47560975609756095,0.4146341463414634,0.34146341463414637,0.32926829268292684,0.6219512195121951,0.17073170731707318,0.5609756097560976,0.5,0.6829268292682927,0.7439024390243902,0.6585365853658537,0.34146341463414637,0.34146341463414637,0.5365853658536586,0.3048780487804878,0.47560975609756095
0,600,1,0.176836276844569,0.4146341463414634,0.36585365853658536,0.4878048780487805,0.6707317073170732,0.43902439024390244,0.4634146341463415,0.7804878048780488,0.3902439024390244,0.6951219512195121,0.3780487804878049,0.2804878048780488,0.7560975609756098,0.5,0.3780487804878049,0.4268292682926829,0.2926829268292683,0.7195121951219512,0.5121951219512195,1.0,0.36585365853658536,0.5975609756097561,0.34146341463414637,0.8292682926829268,0.5609756097560976,0.4878048780487805,0.34146341463414637,0.4024390243902439,0.34146341463414637,0.3170731707317073,0.4634146341463415
0,600,2,0.16334181122198263,0.5975609756097561,0.4634146341463415,0.45121951219512196,0.47560975609756095,0.5487804878048781,0.5365853658536586,0.7560975609756098,0.4634146341463415,0.5609756097560976,0.24390243902439024,0.1951219512195122,0.6951219512195121,0.6585365853658537,0.25609756097560976,0.24390243902439024,0.5487804878048781,0.5487804878048781,0.36585365853658536,0.9634146341463414,0.45121951219512196,0.5487804878048781,0.3048780487804878,0.6829268292682927,0.524390243902439,0.36585365853658536,0.573170731707317,0.3902439024390244,0.5975609756097561,0.5487804878048781,0.43902439024390244
0,600,3,0.16815712697819082,0.573170731707317,0.524390243902439,0.47560975609756095,0.6219512195121951,0.5,0.32926829268292684,0.43902439024390244,0.8048780487804879,0.34146341463414637,0.4268292682926829,0.36585365853658536,0.6707317073170732,0.5,0.23170731707317074,0.4146341463414634,0.35365853658536583,0.6951219512195121,0.5975609756097561,0.9878048780487805,0.6097560975609756,0.24390243902439024,0.3902439024390244,0.3170731707317073,0.47560975609756095,0.5121951219512195,0.6097560975609756,0.32926829268292684,0.7439024390243902,0.524390243902439,0.3902439024390244
0,600,4,0.18137553602515324,0.3780487804878049,0.5609756097560976,0.6585365853658537,0.6097560975609756,0.2682926829268293,0.34146341463414637,0.3048780487804878,0.6463414634146342,0.45121951219512196,0.3048780487804878,0.5975609756097561,0.7195121951219512,0.18292682926829268,0.5121951219512195,0.3902439024390244,0.5853658536585366,0.7439024390243902,0.2804878048780488,1.0,0.6707317073170732,0.3170731707317073,0.35365853658536583,0.45121951219512196,0.4878048780487805,0.6463414634146342,0.5121951219512195,0.35365853658536583,0.7682926829268293,0.524390243902439,0.3780487804878049
0,600,5,0.173611028488314,0.3048780487804878,0.6585365853658537,0.43902439024390244,0.7682926829268293,0.6097560975609756,0.524390243902439,0.2682926829268293,0.13414634146341464,0.4878048780487805,0.45121951219512196,0.47560975609756095,0.4634146341463415,0.4146341463414634,0.5365853658536586,0.5975609756097561,0.6219512195121951,0.6585365853658537,0.35365853658536583,1.0,0.3902439024390244,0.45121951219512196,0.3170731707317073,0.35365853658536583,0.6585365853658537,0.45121951219512196,0.3902439024390244,0.6219512195121951,0.7926829268292683,0.36585365853658536,0.43902439024390244
0,600,6,0.15680732944703993,0.524390243902439,0.5609756097560976,0.4268292682926829,0.5609756097560976,0.6341463414634146,0.34146341463414637,0.524390243902439,0.524390243902439,0.4878048780487805,0.5,0.6463414634146342,0.14634146341463414,0.32926829268292684,0.5853658536585366,0.7926829268292683,0.6097560975609756,0.4024390243902439,0.5,0.13414634146341464,0.47560975609756095,0.6585365853658537,0.7317073170731707,0.3048780487804878,0.6951219512195121,0.45121951219512196,0.3780487804878049,0.7195121951219512,0.36585365853658536,0.4024390243902439,0.5853658536585366
0,600,7,0.13754021638899205,0.7073170731707317,0.573170731707317,0.1951219512195122,0.524390243902439,0.5,0.45121951219512196,0.32926829268292684,0.524390243902439,0.5975609756097561,0.5,0.43902439024390244,0.34146341463414637,0.5,0.36585365853658536,0.7560975609756098,0.524390243902439,0.4024390243902439,0.6463414634146342,0.45121951219512196,0.6707317073170732,0.524390243902439,0.8292682926829268,0.3170731707317073,0.6341463414634146,0.36585365853658536,0.5121951219512195,0.35365853658536583,0.45121951219512196,0.45121951219512196,0.5609756097560976
0,600,8,0.15018661139765174,0.6829268292682927,0.34146341463414637,0.43902439024390244,0.5853658536585366,0.6463414634146342,0.4878048780487805,0.5,0.4146341463414634,0.4024390243902439,0.2926829268292683,0.2682926829268293,0.5853658536585366,0.4634146341463415,0.4024390243902439,0.6585365853658537,0.524390243902439,0.25609756097560976,0.6463414634146342,0.2926829268292683,0.4024390243902439,0.3902439024390244,0.7195121951219512,0.573170731707317,0.7682926829268293,0.4634146341463415,0.6341463414634146,0.3902439024390244,0.7073170731707317,0.32926829268292684,0.7317073170731707
0,600,9,0.1356164822570104,0.6341463414634146,0.35365853658536583,0.6097560975609756,0.3902439024390244,0.2926829268292683,0.573170731707317,0.8048780487804879,0.6341463414634146,0.3780487804878049,0.34146341463414637,0.4146341463414634,0.573170731707317,0.6097560975609756,0.5,0.4634146341463415,0.3170731707317073,0.4268292682926829,0.6463414634146342,0.4878048780487805,0.35365853658536583,0.5121951219512195,0.4024390243902439,0.7317073170731707,0.573170731707317,0.35365853658536583,0.6097560975609756,0.43902439024390244,0.3048780487804878,0.6097560975609756,0.6585365853658537
1,600,0,0.20755605546698766,0.6951219512195121,0.4024390243902439,0.2926829268292683,0.4268292682926829,0.524390243902439,0.8048780487804879,0.1951219512195122,0.32926829268292684,0.9878048780487805,0.5487804878048781,0.6463414634146342,0.524390243902439,0.3170731707317073,0.23170731707317074,0.7317073170731707,0.21951219512195122,0.7560975609756098,0.7560975609756098,0.4878048780487805,0.7195121951219512,0.6829268292682927,0.4268292682926829,0.47560975609756095,0.47560975609756095,0.35365853658536583,0.25609756097560976,0.7682926829268293,0.3780487804878049,0.23170731707317074,0.35365853658536583
1,600,1,0.1860705475391283,0.7317073170731707,0.5121951219512195,0.2682926829268293,0.3902439024390244,0.7804878048780488,0.7926829268292683,0.3170731707317073,0.2804878048780488,0.9878048780487805,0.5,0.4878048780487805,0.4268292682926829,0.36585365853658536,0.4146341463414634,0.3902439024390244,0.35365853658536583,0.6707317073170732,0.7560975609756098,0.5487804878048781,0.5609756097560976,0.4146341463414634,0.25609756097560976,0.43902439024390244,0.45121951219512196,0.32926829268292684,0.7926829268292683,0.6585365853658537,0.45121951219512196,0.3170731707317073,0.35365853658536583
1,600,2,0.18689463714514365,0.7804878048780488,0.5609756097560976,0.8536585365853658,0.3048780487804878,0.6219512195121951,0.7317073170731707,0.5487804878048781,0.5365853658536586,0.4268292682926829,0.5487804878048781,0.9878048780487805,0.5487804878048781,0.23170731707317074,0.3170731707317073,0.3902439024390244,0.7439024390243902,0.3902439024390244,0.7073170731707317,0.573170731707317,0.5,0.4268292682926829,0.34146341463414637,0.2804878048780488,0.2804878048780488,0.2682926829268293,0.3902439024390244,0.3170731707317073,0.3780487804878049,0.5487804878048781,0.4634146341463415
1,600,3,0.19696789428266712,0.6219512195121951,0.5121951219512195,0.8170731707317073,0.2073170731707317,0.4024390243902439,0.7926829268292683,0.6951219512195121,0.5609756097560976,0.34146341463414637,0.573170731707317,0.9634146341463414,0.573170731707317,0.36585365853658536,0.3048780487804878,0.5121951219512195,0.9146341463414634,0.36585365853658536,0.6463414634146342,0.5487804878048781,0.36585365853658536,0.4878048780487805,0.3048780487804878,0.45121951219512196,0.2682926829268293,0.2073170731707317,0.32926829268292684,0.3780487804878049,0.35365853658536583,0.6951219512195121,0.43902439024390244
1,600,4,0.17731220847488624,0.7195121951219512,0.4634146341463415,0.6463414634146342,0.23170731707317074,0.4146341463414634,0.2926829268292683,0.5975609756097561,0.7073170731707317,0.4634146341463415,0.47560975609756095,0.9634146341463414,0.5487804878048781,0.34146341463414637,0.4024390243902439,0.35365853658536583,0.8414634146341463,0.3780487804878049,0.6829268292682927,0.5121951219512195,0.3048780487804878,0.3780487804878049,0.4146341463414634,0.3902439024390244,0.3902439024390244,0.2804878048780488,0.3780487804878049,0.45121951219512196,0.5121951219512195,0.7317073170731707,0.7317073170731707
1,600,5,0.1583488569573603,0.4634146341463415,0.43902439024390244,0.47560975609756095,0.35365853658536583,0.45121951219512196,0.573170731707317,0.524390243902439,0.573170731707317,0.43902439024390244,0.3048780487804878,0.9878048780487805,0.7926829268292683,0.5121951219512195,0.36585365853658536,0.6707317073170732,0.5487804878048781,0.3170731707317073,0.5121951219512195,0.36585365853658536,0.4878048780487805,0.4634146341463415,0.5365853658536586,0.3048780487804878,0.36585365853658536,0.4268292682926829,0.3780487804878049,0.3780487804878049,0.47560975609756095,0.6585365853658537,0.8536585365853658
1,600,6,0.16252030486787983,0.4024390243902439,0.45121951219512196,0.32926829268292684,0.47560975609756095,0.45121951219512196,0.7317073170731707,0.4268292682926829,0.2926829268292683,0.3170731707317073,0.24390243902439024,0.9878048780487805,0.43902439024390244,0.5487804878048781,0.5121951219512195,0.524390243902439,0.5121951219512195,0.5975609756097561,0.4878048780487805,0.3170731707317073,0.7073170731707317,0.4878048780487805,0.4024390243902439,0.5121951219512195,0.4634146341463415,0.7804878048780488,0.4878048780487805,0.6219512195121951,0.35365853658536583,0.36585365853658536,0.7682926829268293
1,600,7,0.15364563115246313,0.5365853658536586,1.0,0.2682926829268293,0.5365853658536586,0.35365853658536583,0.6219512195121951,0.4878048780487805,0.25609756097560976,0.6707317073170732,0.47560975609756095,0.1951219512195122,0.4146341463414634,0.4146341463414634,0.6463414634146342,0.573170731707317,0.5365853658536586,0.4878048780487805,0.5975609756097561,0.45121951219512196,0.5853658536585366,0.5365853658536586,0.47560975609756095,0.5487804878048781,0.47560975609756095,0.7195121951219512,0.34146341463414637,0.5487804878048781,0.524390243902439,0.3780487804878049,0.34146341463414637
1,600,8,0.173611028488314,0.5975609756097561,1.0,0.524390243902439,0.43902439024390244,0.47560975609756095,0.6585365853658537,0.2804878048780488,0.5,0.6097560975609756,0.3780487804878049,0.23170731707317074,0.2926829268292683,0.45121951219512196,0.7317073170731707,0.43902439024390244,0.7073170731707317,0.6219512195121951,0.7195121951219512,0.6829268292682927,0.3170731707317073,0.3048780487804878,0.2804878048780488,0.4634146341463415,0.43902439024390244,0.6097560975609756,0.4146341463414634,0.43902439024390244,0.6707317073170732,0.4268292682926829,0.2926829268292683
1,600,9,0.14942549774839217,0.5487804878048781,0.975609756097561,0.5853658536585366,0.35365853658536583,0.43902439024390244,0.5365853658536586,0.43902439024390244,0.4024390243902439,0.47560975609756095,0.8048780487804879,0.4024390243902439,0.43902439024390244,0.5487804878048781,0.3902439024390244,0.5121951219512195,0.573170731707317,0.4634146341463415,0.7804878048780488,0.4634146341463415,0.573170731707317,0.32926829268292684,0.5365853658536586,0.5121951219512195,0.5975609756097561,0.5487804878048781,0.2682926829268293,0.35365853658536583,0.4878048780487805,0.3780487804878049,0.2804878048780488
2,600,0,0.20213514267250068,0.3048780487804878,0.6585365853658537,0.35365853658536583,0.35365853658536583,0.2926829268292683,0.6707317073170732,0.6097560975609756,0.6341463414634146,0.25609756097560976,0.3170731707317073,0.2926829268292683,0.7317073170731707,0.524390243902439,0.9024390243902439,0.3902439024390244,0.3048780487804878,0.4146341463414634,0.8292682926829268,0.7317073170731707,0.4268292682926829,0.4878048780487805,0.6585365853658537,0.2926829268292683,0.9390243902439024,0.5853658536585366,0.7195121951219512,0.32926829268292684,0.32926829268292684,0.2682926829268293,0.3902439024390244
2,600,1,0.18945008451595194,0.2804878048780488,0.6585365853658537,0.4146341463414634,0.5,0.6707317073170732,0.4268292682926829,0.6585365853658537,0.5365853658536586,0.32926829268292684,0.2804878048780488,0.524390243902439,0.7073170731707317,0.6219512195121951,0.8780487804878049,0.2804878048780488,0.5853658536585366,0.23170731707317074,0.5365853658536586,0.5121951219512195,0.2926829268292683,0.2926829268292683,0.5609756097560976,0.4634146341463415,0.9512195121951219,0.6707317073170732,0.7926829268292683,0.4146341463414634,0.32926829268292684,0.3170731707317073,0.2804878048780488
2,600,2,0.1793968346188614,0.2682926829268293,0.47560975609756095,0.47560975609756095,0.4634146341463415,0.8780487804878049,0.4146341463414634,0.7804878048780488,0.7682926829268293,0.4268292682926829,0.35365853658536583,0.4268292682926829,0.6219512195121951,0.36585365853658536,0.43902439024390244,0.4146341463414634,0.43902439024390244,0.6219512195121951,0.7560975609756098,0.1951219512195122,0.36585365853658536,0.2926829268292683,0.5853658536585366,0.7804878048780488,0.8658536585365854,0.573170731707317,0.4268292682926829,0.34146341463414637,0.45121951219512196,0.35365853658536583,0.3780487804878049
2,600,3,0.1569653217586002,0.573170731707317,0.3170731707317073,0.4268292682926829,0.5121951219512195,0.9146341463414634,0.2073170731707317,0.4268292682926829,0.573170731707317,0.45121951219512196,0.6951219512195121,0.35365853658536583,0.5609756097560976,0.5,0.45121951219512196,0.4634146341463415,0.2804878048780488,0.7439024390243902,0.5609756097560976,0.3170731707317073,0.5,0.4634146341463415,0.5121951219512195,0.8048780487804879,0.7682926829268293,0.4634146341463415,0.45121951219512196,0.34146341463414637,0.3902439024390244,0.43902439024390244,0.5365853658536586
2,600,4,0.14620589926935917,0.5609756097560976,0.4268292682926829,0.5121951219512195,0.45121951219512196,0.9390243902439024,0.4878048780487805,0.6585365853658537,0.47560975609756095,0.5609756097560976,0.5609756097560976,0.32926829268292684,0.2926829268292683,0.3048780487804878,0.34146341463414637,0.573170731707317,0.5,0.47560975609756095,0.36585365853658536,0.4634146341463415,0.4878048780487805,0.5,0.43902439024390244,0.7317073170731707,0.7682926829268293,0.3048780487804878,0.32926829268292684,0.5365853658536586,0.3780487804878049,0.6097560975609756,0.6341463414634146
2,600,5,0.14742148886690257,0.6707317073170732,0.2926829268292683,0.573170731707317,0.2804878048780488,0.7439024390243902,0.4268292682926829,0.43902439024390244,0.4268292682926829,0.5609756097560976,0.6585365853658537,0.45121951219512196,0.2682926829268293,0.4024390243902439,0.5487804878048781,0.7073170731707317,0.6341463414634146,0.4024390243902439,0.5121951219512195,0.35365853658536583,0.7195121951219512,0.4024390243902439,0.45121951219512196,0.3170731707317073,0.7804878048780488,0.2682926829268293,0.45121951219512196,0.6341463414634146,0.45121951219512196,0.5975609756097561,0.573170731707317
2,600,6,0.13965056530017178,0.47560975609756095,0.4268292682926829,0.6585365853658537,0.25609756097560976,0.3048780487804878,0.5121951219512195,0.4146341463414634,0.5609756097560976,0.4024390243902439,0.4878048780487805,0.5487804878048781,0.24390243902439024,0.8658536585365854,0.47560975609756095,0.47560975609756095,0.573170731707317,0.36585365853658536,0.32926829268292684,0.7926829268292683,0.5,0.5975609756097561,0.43902439024390244,0.4024390243902439,0.573170731707317,0.6219512195121951,0.4146341463414634,0.5975609756097561,0.6463414634146342,0.5975609756097561,0.43902439024390244
2,600,7,0.1595029956821141,0.34146341463414637,0.35365853658536583,0.5365853658536586,0.36585365853658536,0.5,0.43902439024390244,0.5,0.4146341463414634,0.2804878048780488,0.6463414634146342,0.35365853658536583,0.47560975609756095,0.8536585365853658,0.7317073170731707,0.47560975609756095,0.4024390243902439,0.6097560975609756,0.5975609756097561,0.7560975609756098,0.6219512195121951,0.6951219512195121,0.4024390243902439,0.4878048780487805,0.3048780487804878,0.5609756097560976,0.7439024390243902,0.45121951219512196,0.6219512195121951,0.24390243902439024,0.23170731707317074
2,600,8,0.15888017801379448,0.5121951219512195,0.35365853658536583,0.6463414634146342,0.7195121951219512,0.45121951219512196,0.21951219512195122,0.2682926829268293,0.5,0.35365853658536583,0.5853658536585366,0.3170731707317073,0.32926829268292684,0.8536585365853658,0.6585365853658537,0.5,0.35365853658536583,0.573170731707317,0.3780487804878049,0.5975609756097561,0.6463414634146342,0.5609756097560976,0.34146341463414637,0.6707317073170732,0.43902439024390244,0.5853658536585366,0.7317073170731707,0.34146341463414637,0.34146341463414637,0.7073170731707317,0.4634146341463415
2,600,9,0.1195287859730233,0.43902439024390244,0.4878048780487805,0.4024390243902439,0.524390243902439,0.524390243902439,0.4878048780487805,0.34146341463414637,0.43902439024390244,0.573170731707317,0.47560975609756095,0.4268292682926829,0.47560975609756095,0.5853658536585366,0.6707317073170732,0.5975609756097561,0.6951219512195121,0.524390243902439,0.35365853658536583,0.35365853658536583,0.21951219512195122,0.5975609756097561,0.5121951219512195,0.7317073170731707,0.5365853658536586,0.573170731707317,0.34146341463414637,0.6097560975609756,0.36585365853658536,0.6951219512195121,0.43902439024390244
3,600,0,0.21188183582779738,0.7560975609756098,0.35365853658536583,0.6829268292682927,0.6585365853658537,0.4268292682926829,0.4268292682926829,0.7439024390243902,0.8292682926829268,0.36585365853658536,0.2926829268292683,0.36585365853658536,0.34146341463414637,0.35365853658536583,0.18292682926829268,0.8170731707317073,0.3902439024390244,0.2682926829268293,0.3048780487804878,0.6097560975609756,0.2926829268292683,0.2682926829268293,0.32926829268292684,0.9146341463414634,0.43902439024390244,0.5,0.23170731707317074,0.8292682926829268,0.6097560975609756,0.6951219512195121,0.7195121951219512
3,600,1,0.190571949810903,0.7195121951219512,0.45121951219512196,0.5975609756097561,0.6341463414634146,0.3902439024390244,0.6097560975609756,0.7073170731707317,0.8780487804878049,0.3780487804878049,0.24390243902439024,0.4146341463414634,0.24390243902439024,0.4024390243902439,0.43902439024390244,0.6341463414634146,0.23170731707317074,0.3902439024390244,0.6707317073170732,0.6463414634146342,0.5121951219512195,0.36585365853658536,0.3780487804878049,0.8414634146341463,0.2926829268292683,0.25609756097560976,0.4634146341463415,0.7804878048780488,0.25609756097560976,0.3902439024390244,0.7804878048780488
3,600,2,0.16679550839890855,0.5853658536585366,0.6341463414634146,0.4878048780487805,0.3170731707317073,0.18292682926829268,0.7804878048780488,0.45121951219512196,0.7439024390243902,0.36585365853658536,0.9024390243902439,0.5609756097560976,0.45121951219512196,0.43902439024390244,0.4146341463414634,0.6585365853658537,0.34146341463414637,0.5365853658536586,0.6463414634146342,0.7682926829268293,0.47560975609756095,0.3780487804878049,0.36585365853658536,0.47560975609756095,0.2073170731707317,0.43902439024390244,0.32926829268292684,0.43902439024390244,0.6463414634146342,0.4024390243902439,0.573170731707317
3,600,3,0.12388707413853946,0.5609756097560976,0.4268292682926829,0.4024390243902439,0.45121951219512196,0.3780487804878049,0.5853658536585366,0.43902439024390244,0.6585365853658537,0.6463414634146342,0.8292682926829268,0.6219512195121951,0.4146341463414634,0.36585365853658536,0.4024390243902439,0.6219512195121951,0.6219512195121951,0.524390243902439,0.5853658536585366,0.4634146341463415,0.4878048780487805,0.3048780487804878,0.5,0.573170731707317,0.21951219512195122,0.4268292682926829,0.524390243902439,0.3780487804878049,0.573170731707317,0.4024390243902439,0.6097560975609756
3,600,4,0.12444602607041902,0.4878048780487805,0.45121951219512196,0.2804878048780488,0.5,0.5853658536585366,0.7560975609756098,0.2682926829268293,0.5853658536585366,0.5853658536585366,0.5,0.47560975609756095,0.6585365853658537,0.4634146341463415,0.3902439024390244,0.5365853658536586,0.6707317073170732,0.524390243902439,0.5,0.21951219512195122,0.47560975609756095,0.4268292682926829,0.5121951219512195,0.4878048780487805,0.5,0.32926829268292684,0.6341463414634146,0.6463414634146342,0.43902439024390244,0.4146341463414634,0.6951219512195121
3,600,5,0.15740685658792736,0.3902439024390244,0.7073170731707317,0.45121951219512196,0.4878048780487805,0.6097560975609756,0.4878048780487805,0.36585365853658536,0.2804878048780488,0.7439024390243902,0.3902439024390244,0.5975609756097561,0.6097560975609756,0.47560975609756095,0.45121951219512196,0.24390243902439024,0.8902439024390244,0.36585365853658536,0.4878048780487805,0.2926829268292683,0.35365853658536583,0.5365853658536586,0.3780487804878049,0.6585365853658537,0.5853658536585366,0.5853658536585366,0.4878048780487805,0.6219512195121951,0.7926829268292683,0.32926829268292684,0.34146341463414637
3,600,6,0.1437438839882151,0.5487804878048781,0.6829268292682927,0.6097560975609756,0.3780487804878049,0.524390243902439,0.3780487804878049,0.7317073170731707,0.2926829268292683,0.5609756097560976,0.34146341463414637,0.3902439024390244,0.3902439024390244,0.3048780487804878,0.7195121951219512,0.4146341463414634,0.5487804878048781,0.4268292682926829,0.4634146341463415,0.3048780487804878,0.6341463414634146,0.6219512195121951,0.45121951219512196,0.6097560975609756,0.4268292682926829,0.4634146341463415,0.6341463414634146,0.24390243902439024,0.8292682926829268,0.5,0.573170731707317
3,600,7,0.14765669139185666,0.6341463414634146,0.6951219512195121,0.6585365853658537,0.5365853658536586,0.2804878048780488,0.47560975609756095,0.6463414634146342,0.3170731707317073,0.6463414634146342,0.3780487804878049,0.5,0.35365853658536583,0.4878048780487805,0.6829268292682927,0.5975609756097561,0.573170731707317,0.25609756097560976,0.5,0.7439024390243902,0.23170731707317074,0.4878048780487805,0.4634146341463415,0.34146341463414637,0.2804878048780488,0.5121951219512195,0.524390243902439,0.4024390243902439,0.4024390243902439,0.6951219512195121,0.6951219512195121
3,600,8,0.12264032944551342,0.3902439024390244,0.7073170731707317,0.4878048780487805,0.3902439024390244,0.4878048780487805,0.6463414634146342,0.5487804878048781,0.3902439024390244,0.7439024390243902,0.4634146341463415,0.4634146341463415,0.4268292682926829,0.3902439024390244,0.6341463414634146,0.5487804878048781,0.34146341463414637,0.3780487804878049,0.2926829268292683,0.47560975609756095,0.6585365853658537,0.4024390243902439,0.34146341463414637,0.4146341463414634,0.5121951219512195,0.5,0.4878048780487805,0.6463414634146342,0.45121951219512196,0.7195121951219512,0.6585365853658537
3,600,9,0.1552504964144156,0.6951219512195121,0.4024390243902439,0.2804878048780488,0.35365853658536583,0.6463414634146342,0.8170731707317073,0.6097560975609756,0.3902439024390244,0.7682926829268293,0.4878048780487805,0.23170731707317074,0.43902439024390244,0.4268292682926829,0.4146341463414634,0.6341463414634146,0.4024390243902439,0.5487804878048781,0.5609756097560976,0.4878048780487805,0.47560975609756095,0.35365853658536583,0.8170731707317073,0.2682926829268293,0.7195121951219512,0.4146341463414634,0.3902439024390244,0.5487804878048781,0.36585365853658536,0.5365853658536586,0.5121951219512195
4,600,0,0.20171778661595446,0.524390243902439,0.5365853658536586,0.2926829268292683,0.2926829268292683,0.3902439024390244,0.8536585365853658,0.35365853658536583,0.1951219512195122,0.524390243902439,0.7682926829268293,0.6829268292682927,0.24390243902439024,0.32926829268292684,0.43902439024390244,0.35365853658536583,0.23170731707317074,0.7195121951219512,0.23170731707317074,0.25609756097560976,0.7804878048780488,0.7560975609756098,0.7439024390243902,0.6341463414634146,0.5975609756097561,0.7195121951219512,0.7317073170731707,0.2926829268292683,0.6341463414634146,0.4878048780487805,0.4024390243902439
4,600,1,0.17545725085290437,0.2804878048780488,0.5121951219512195,0.34146341463414637,0.6341463414634146,0.25609756097560976,0.7073170731707317,0.3170731707317073,0.24390243902439024,0.7439024390243902,0.8048780487804879,0.7073170731707317,0.3048780487804878,0.32926829268292684,0.5853658536585366,0.35365853658536583,0.47560975609756095,0.34146341463414637,0.36585365853658536,0.3048780487804878,0.6707317073170732,0.6829268292682927,0.6463414634146342,0.5,0.4878048780487805,0.6951219512195121,0.7682926829268293,0.45121951219512196,0.6463414634146342,0.3048780487804878,0.5365853658536586
4,600,2,0.17335384799053957,0.1951219512195122,0.4634146341463415,0.3780487804878049,0.34146341463414637,0.32926829268292684,0.7560975609756098,0.524390243902439,0.6463414634146342,0.3048780487804878,0.7073170731707317,0.6219512195121951,0.6951219512195121,0.5487804878048781,0.4878048780487805,0.3048780487804878,0.5609756097560976,0.7317073170731707,0.35365853658536583,0.2804878048780488,0.8048780487804879,0.6585365853658537,0.6219512195121951,0.34146341463414637,0.25609756097560976,0.6219512195121951,0.7195121951219512,0.4878048780487805,0.3170731707317073,0.34146341463414637,0.5975609756097561
4,600,3,0.1678325275008661,0.24390243902439024,0.36585365853658536,0.34146341463414637,0.4878048780487805,0.7804878048780488,0.6707317073170732,0.4146341463414634,0.8658536585365854,0.25609756097560976,0.6219512195121951,0.5853658536585366,0.6585365853658537,0.6463414634146342,0.4634146341463415,0.4268292682926829,0.5,0.5487804878048781,0.2926829268292683,0.35365853658536583,0.6585365853658537,0.8658536585365854,0.4146341463414634,0.4634146341463415,0.36585365853658536,0.6585365853658537,0.5,0.3902439024390244,0.3170731707317073,0.5121951219512195,0.32926829268292684
4,600,4,0.1675664784128553,0.3780487804878049,0.35365853658536583,0.34146341463414637,0.3048780487804878,0.7317073170731707,0.4268292682926829,0.4268292682926829,0.7926829268292683,0.7682926829268293,0.7560975609756098,0.2926829268292683,0.6585365853658537,0.47560975609756095,0.43902439024390244,0.43902439024390244,0.6463414634146342,0.5853658536585366,0.7682926829268293,0.34146341463414637,0.2682926829268293,0.7926829268292683,0.36585365853658536,0.6585365853658537,0.45121951219512196,0.573170731707317,0.4146341463414634,0.3780487804878049,0.34146341463414637,0.43902439024390244,0.3902439024390244
4,600,5,0.185055366840174,0.6463414634146342,0.47560975609756095,0.45121951219512196,0.2682926829268293,0.5975609756097561,0.34146341463414637,0.5975609756097561,0.8536585365853658,0.8658536585365854,0.4268292682926829,0.1951219512195122,0.4878048780487805,0.45121951219512196,0.4878048780487805,0.23170731707317074,0.43902439024390244,0.5609756097560976,0.4878048780487805,0.5487804878048781,0.5121951219512195,0.25609756097560976,0.2804878048780488,0.7195121951219512,0.2804878048780488,0.3902439024390244,0.6829268292682927,0.8048780487804879,0.7560975609756098,0.6097560975609756,0.2926829268292683
4,600,6,0.14204394479395244,0.6585365853658537,0.4878048780487805,0.5975609756097561,0.24390243902439024,0.5853658536585366,0.3170731707317073,0.5975609756097561,0.5853658536585366,0.4268292682926829,0.5975609756097561,0.4878048780487805,0.32926829268292684,0.4268292682926829,0.3780487804878049,0.43902439024390244,0.5487804878048781,0.5365853658536586,0.43902439024390244,0.43902439024390244,0.524390243902439,0.17073170731707318,0.7560975609756098,0.6097560975609756,0.3780487804878049,0.3170731707317073,0.5975609756097561,0.573170731707317,0.8048780487804879,0.4878048780487805,0.6585365853658537
4,600,7,0.12571429859056207,0.4024390243902439,0.36585365853658536,0.5853658536585366,0.5609756097560976,0.43902439024390244,0.4024390243902439,0.34146341463414637,0.6829268292682927,0.5975609756097561,0.7073170731707317,0.5365853658536586,0.43902439024390244,0.5121951219512195,0.35365853658536583,0.4024390243902439,0.5487804878048781,0.25609756097560976,0.4634146341463415,0.5,0.6219512195121951,0.4634146341463415,0.5365853658536586,0.36585365853658536,0.45121951219512196,0.4268292682926829,0.45121951219512196,0.47560975609756095,0.7804878048780488,0.5365853658536586,0.7926829268292683
4,600,8,0.15794134660336662,0.3048780487804878,0.47560975609756095,0.4878048780487805,0.6341463414634146,0.2073170731707317,0.5975609756097561,0.4268292682926829,0.5853658536585366,0.2804878048780488,0.5853658536585366,0.4634146341463415,0.5121951219512195,0.4634146341463415,0.36585365853658536,0.7195121951219512,0.5121951219512195,0.4634146341463415,0.24390243902439024,0.43902439024390244,0.7073170731707317,0.4024390243902439,0.45121951219512196,0.6219512195121951,0.6707317073170732,0.35365853658536583,0.35365853658536583,0.4634146341463415,0.8902439024390244,0.5121951219512195,0.8048780487804879
4,600,9,0.140817138826738,0.4024390243902439,0.6585365853658537,0.21951219512195122,0.5975609756097561,0.4024390243902439,0.6463414634146342,0.5121951219512195,0.573170731707317,0.573170731707317,0.6219512195121951,0.524390243902439,0.5,0.25609756097560976,0.5121951219512195,0.524390243902439,0.6951219512195121,0.47560975609756095,0.23170731707317074,0.3902439024390244,0.6219512195121951,0.4634146341463415,0.34146341463414637,0.6829268292682927,0.6463414634146342,0.6341463414634146,0.4146341463414634,0.3170731707317073,0.7439024390243902,0.3902439024390244,0.4268292682926829
0,625,0,0.1946640969681455,0.7926829268292683,0.4024390243902439,0.25609756097560976,0.8170731707317073,0.2804878048780488,0.4878048780487805,0.2926829268292683,0.3902439024390244,0.4634146341463415,0.7195121951219512,0.25609756097560976,0.32926829268292684,0.3902439024390244,0.7073170731707317,0.975609756097561,0.3170731707317073,0.7804878048780488,0.45121951219512196,0.7926829268292683,0.45121951219512196,0.4268292682926829,0.45121951219512196,0.2804878048780488,0.6219512195121951,0.6219512195121951,0.36585365853658536,0.524390243902439,0.5121951219512195,0.2804878048780488,0.5609756097560976
0,625,1,0.17312492237334784,0.5975609756097561,0.3048780487804878,0.32926829268292684,0.7926829268292683,0.5121951219512195,0.4146341463414634,0.4024390243902439,0.3048780487804878,0.43902439024390244,0.6463414634146342,0.36585365853658536,0.6585365853658537,0.3048780487804878,0.5975609756097561,0.9878048780487805,0.3170731707317073,0.6829268292682927,0.5365853658536586,0.7317073170731707,0.24390243902439024,0.6951219512195121,0.36585365853658536,0.43902439024390244,0.6219512195121951,0.47560975609756095,0.5365853658536586,0.5975609756097561,0.3780487804878049,0.35365853658536583,0.36585365853658536
0,625,2,0.17160057657890596,0.7682926829268293,0.34146341463414637,0.45121951219512196,0.5975609756097561,0.6341463414634146,0.1951219512195122,0.4634146341463415,0.2682926829268293,0.34146341463414637,0.5609756097560976,0.2682926829268293,0.7195121951219512,0.2804878048780488,0.573170731707317,0.9634146341463414,0.4268292682926829,0.5487804878048781,0.6951219512195121,0.6463414634146342,0.5487804878048781,0.6219512195121951,0.47560975609756095,0.6341463414634146,0.4634146341463415,0.47560975609756095,0.5365853658536586,0.5,0.21951219512195122,0.4024390243902439,0.3780487804878049
0,625,3,0.17731220847488627,0.7804878048780488,0.7560975609756098,0.5487804878048781,0.45121951219512196,0.45121951219512196,0.35365853658536583,0.8292682926829268,0.5853658536585366,0.2682926829268293,0.6707317073170732,0.4024390243902439,0.573170731707317,0.24390243902439024,0.4024390243902439,0.2926829268292683,0.4024390243902439,0.7560975609756098,0.5,0.3170731707317073,0.8048780487804879,0.6341463414634146,0.5487804878048781,0.4634146341463415,0.45121951219512196,0.35365853658536583,0.6951219512195121,0.24390243902439024,0.3048780487804878,0.6097560975609756,0.3048780487804878
0,625,4,0.17258000699443116,0.7804878048780488,0.7317073170731707,0.573170731707317,0.45121951219512196,0.45121951219512196,0.573170731707317,0.7682926829268293,0.6829268292682927,0.23170731707317074,0.5609756097560976,0.4268292682926829,0.3902439024390244,0.5609756097560976,0.3048780487804878,0.4024390243902439,0.25609756097560976,0.6707317073170732,0.573170731707317,0.32926829268292684,0.8658536585365854,0.6707317073170732,0.35365853658536583,0.524390243902439,0.2926829268292683,0.2804878048780488,0.524390243902439,0.524390243902439,0.2073170731707317,0.45121951219512196,0.5853658536585366
0,625,5,0.1578157471031015,0.6585365853658537,0.7317073170731707,0.4268292682926829,0.2804878048780488,0.6463414634146342,0.5609756097560976,0.5975609756097561,0.7926829268292683,0.2926829268292683,0.4268292682926829,0.3902439024390244,0.7560975609756098,0.7195121951219512,0.43902439024390244,0.2682926829268293,0.4146341463414634,0.24390243902439024,0.4634146341463415,0.6463414634146342,0.7682926829268293,0.3902439024390244,0.36585365853658536,0.4024390243902439,0.47560975609756095,0.47560975609756095,0.45121951219512196,0.5609756097560976,0.32926829268292684,0.6097560975609756,0.4146341463414634
0,625,6,0.15480281124970252,0.2682926829268293,0.8170731707317073,0.5,0.3048780487804878,0.47560975609756095,0.573170731707317,0.35365853658536583,0.5609756097560976,0.4634146341463415,0.4634146341463415,0.4024390243902439,0.9024390243902439,0.7195121951219512,0.6585365853658537,0.5487804878048781,0.35365853658536583,0.4146341463414634,0.2926829268292683,0.5487804878048781,0.5,0.5121951219512195,0.7804878048780488,0.524390243902439,0.4268292682926829,0.3902439024390244,0.3048780487804878,0.6341463414634146,0.4878048780487805,0.43902439024390244,0.3780487804878049
0,625,7,0.15721777921447141,0.573170731707317,0.5,0.23170731707317074,0.23170731707317074,0.4268292682926829,0.3170731707317073,0.43902439024390244,0.3170731707317073,0.47560975609756095,0.524390243902439,0.34146341463414637,0.9390243902439024,0.5,0.5975609756097561,0.6219512195121951,0.45121951219512196,0.7317073170731707,0.4268292682926829,0.5487804878048781,0.6707317073170732,0.7073170731707317,0.6341463414634146,0.3780487804878049,0.45121951219512196,0.5121951219512195,0.32926829268292684,0.7317073170731707,0.524390243902439,0.5,0.36585365853658536
0,625,8,0.15884897302910506,0.5609756097560976,0.2682926829268293,0.34146341463414637,0.45121951219512196,0.35365853658536583,0.2682926829268293,0.4634146341463415,0.36585365853658536,0.4878048780487805,0.5,0.4268292682926829,0.9024390243902439,0.35365853658536583,0.6707317073170732,0.7073170731707317,0.5975609756097561,0.5609756097560976,0.47560975609756095,0.21951219512195122,0.32926829268292684,0.7073170731707317,0.6097560975609756,0.3170731707317073,0.5609756097560976,0.5609756097560976,0.573170731707317,0.6585365853658537,0.7317073170731707,0.4024390243902439,0.573170731707317
0,625,9,0.13043650689874087,0.23170731707317074,0.5365853658536586,0.6219512195121951,0.4268292682926829,0.524390243902439,0.43902439024390244,0.5609756097560976,0.6341463414634146,0.3048780487804878,0.43902439024390244,0.43902439024390244,0.36585365853658536,0.5121951219512195,0.5,0.7804878048780488,0.43902439024390244,0.6097560975609756,0.5365853658536586,0.25609756097560976,0.4878048780487805,0.6585365853658537,0.524390243902439,0.2682926829268293,0.6585365853658537,0.4268292682926829,0.6585365853658537,0.5853658536585366,0.3902439024390244,0.6097560975609756,0.573170731707317
1,625,0,0.21767524069234415,0.4146341463414634,0.3170731707317073,0.3780487804878049,0.36585365853658536,0.3902439024390244,0.4634146341463415,0.2804878048780488,0.32926829268292684,0.8048780487804879,0.8658536585365854,0.4268292682926829,0.7439024390243902,0.4268292682926829,0.4146341463414634,0.34146341463414637,0.9024390243902439,0.2804878048780488,0.3170731707317073,0.6707317073170732,0.23170731707317074,0.7439024390243902,0.7560975609756098,0.4024390243902439,0.2926829268292683,0.7682926829268293,0.6951219512195121,0.6219512195121951,0.24390243902439024,0.23170731707317074,0.8780487804878049
1,625,1,0.19246153793723972,0.35365853658536583,0.6829268292682927,0.4024390243902439,0.36585365853658536,0.3780487804878049,0.35365853658536583,0.36585365853658536,0.32926829268292684,0.6829268292682927,0.8536585365853658,0.6341463414634146,0.6341463414634146,0.35365853658536583,0.32926829268292684,0.24390243902439024,0.8658536585365854,0.6707317073170732,0.36585365853658536,0.573170731707317,0.4024390243902439,0.7073170731707317,0.7926829268292683,0.21951219512195122,0.35365853658536583,0.4878048780487805,0.6585365853658537,0.4634146341463415,0.24390243902439024,0.4024390243902439,0.8292682926829268
1,625,2,0.17409577731456513,0.2804878048780488,0.6951219512195121,0.15853658536585366,0.24390243902439024,0.2804878048780488,0.4268292682926829,0.4146341463414634,0.5365853658536586,0.7439024390243902,0.8414634146341463,0.4268292682926829,0.524390243902439,0.5487804878048781,0.25609756097560976,0.6463414634146342,0.7926829268292683,0.6097560975609756,0.35365853658536583,0.6463414634146342,0.4146341463414634,0.5975609756097561,0.6585365853658537,0.47560975609756095,0.4878048780487805,0.36585365853658536,0.6951219512195121,0.2804878048780488,0.4146341463414634,0.5609756097560976,0.6219512195121951
1,625,3,0.17571135272514998,0.2682926829268293,0.573170731707317,0.24390243902439024,0.36585365853658536,0.35365853658536583,0.24390243902439024,0.43902439024390244,0.9512195121951219,0.6341463414634146,0.4878048780487805,0.2682926829268293,0.5487804878048781,0.573170731707317,0.6219512195121951,0.7439024390243902,0.34146341463414637,0.6463414634146342,0.5,0.8170731707317073,0.5609756097560976,0.5609756097560976,0.2804878048780488,0.4634146341463415,0.6829268292682927,0.32926829268292684,0.4268292682926829,0.3048780487804878,0.5975609756097561,0.5609756097560976,0.6097560975609756
1,625,4,0.14422590076033115,0.25609756097560976,0.6951219512195121,0.5,0.36585365853658536,0.45121951219512196,0.4634146341463415,0.4878048780487805,0.6463414634146342,0.5975609756097561,0.36585365853658536,0.34146341463414637,0.36585365853658536,0.5121951219512195,0.8048780487804879,0.7560975609756098,0.3902439024390244,0.7804878048780488,0.3780487804878049,0.5121951219512195,0.45121951219512196,0.6951219512195121,0.23170731707317074,0.5975609756097561,0.5365853658536586,0.43902439024390244,0.5,0.3780487804878049,0.5121951219512195,0.43902439024390244,0.5487804878048781
1,625,5,0.13495690075160985,0.3902439024390244,0.5487804878048781,0.524390243902439,0.43902439024390244,0.7439024390243902,0.5853658536585366,0.4268292682926829,0.7073170731707317,0.25609756097560976,0.524390243902439,0.2926829268292683,0.4024390243902439,0.4024390243902439,0.8536585365853658,0.6341463414634146,0.6341463414634146,0.6463414634146342,0.5,0.4878048780487805,0.5121951219512195,0.524390243902439,0.3048780487804878,0.43902439024390244,0.4024390243902439,0.6341463414634146,0.34146341463414637,0.5121951219512195,0.4024390243902439,0.47560975609756095,0.45121951219512196
1,625,6,0.1387245375664378,0.5609756097560976,0.4634146341463415,0.573170731707317,0.5487804878048781,0.7439024390243902,0.5121951219512195,0.5,0.3902439024390244,0.2804878048780488,0.4634146341463415,0.5365853658536586,0.6219512195121951,0.18292682926829268,0.6219512195121951,0.524390243902439,0.6341463414634146,0.5121951219512195,0.524390243902439,0.4268292682926829,0.3170731707317073,0.6463414634146342,0.34146341463414637,0.45121951219512196,0.2926829268292683,0.8048780487804879,0.4268292682926829,0.6951219512195121,0.35365853658536583,0.5609756097560976,0.4878048780487805
1,625,7,0.14484327961426113,0.3902439024390244,0.5609756097560976,0.7560975609756098,0.5487804878048781,0.36585365853658536,0.5365853658536586,0.5365853658536586,0.5365853658536586,0.35365853658536583,0.5975609756097561,0.5121951219512195,0.6097560975609756,0.1951219512195122,0.5365853658536586,0.524390243902439,0.573170731707317,0.6097560975609756,0.35365853658536583,0.6707317073170732,0.1951219512195122,0.4146341463414634,0.5121951219512195,0.5487804878048781,0.6219512195121951,0.4878048780487805,0.23170731707317074,0.6707317073170732,0.2804878048780488,0.7195121951219512,0.5487804878048781
1,625,8,0.1553781695415967,0.45121951219512196,0.6219512195121951,0.6707317073170732,0.3902439024390244,0.25609756097560976,0.32926829268292684,0.573170731707317,0.36585365853658536,0.32926829268292684,0.6585365853658537,0.6219512195121951,0.6585365853658537,0.25609756097560976,0.5,0.7073170731707317,0.5365853658536586,0.4268292682926829,0.6829268292682927,0.5487804878048781,0.2926829268292683,0.1951219512195122,0.45121951219512196,0.4024390243902439,0.7195121951219512,0.47560975609756095,0.6463414634146342,0.3780487804878049,0.4878048780487805,0.7682926829268293,0.5975609756097561
1,625,9,0.15649086630016387,0.3780487804878049,0.5365853658536586,0.6951219512195121,0.6707317073170732,0.34146341463414637,0.6219512195121951,0.45121951219512196,0.5121951219512195,0.4146341463414634,0.6097560975609756,0.6097560975609756,0.4268292682926829,0.32926829268292684,0.13414634146341464,0.3048780487804878,0.6097560975609756,0.32926829268292684,0.5487804878048781,0.4878048780487805,0.5121951219512195,0.43902439024390244,0.32926829268292684,0.8170731707317073,0.5487804878048781,0.25609756097560976,0.6585365853658537,0.45121951219512196,0.5609756097560976,0.7926829268292683,0.6219512195121951
2,625,0,0.1947150228282628,0.7073170731707317,0.35365853658536583,0.4634146341463415,0.4878048780487805,0.8170731707317073,0.3170731707317073,0.5975609756097561,0.4634146341463415,0.6463414634146342,0.5609756097560976,0.2804878048780488,0.23170731707317074,0.3780487804878049,0.7682926829268293,0.7073170731707317,0.45121951219512196,0.6341463414634146,0.24390243902439024,0.23170731707317074,0.43902439024390244,0.3902439024390244,0.2682926829268293,0.34146341463414637,0.6951219512195121,0.9024390243902439,0.8048780487804879,0.6463414634146342,0.5609756097560976,0.35365853658536583,0.25609756097560976
2,625,1,0.20674238856371555,0.3902439024390244,0.2926829268292683,0.32926829268292684,0.6341463414634146,0.8780487804878049,0.2926829268292683,0.524390243902439,0.43902439024390244,0.573170731707317,0.6829268292682927,0.4024390243902439,0.3170731707317073,0.3048780487804878,0.9146341463414634,0.6829268292682927,0.3048780487804878,0.8414634146341463,0.25609756097560976,0.3170731707317073,0.7926829268292683,0.32926829268292684,0.2926829268292683,0.3170731707317073,0.6707317073170732,0.8902439024390244,0.5487804878048781,0.5609756097560976,0.45121951219512196,0.45121951219512196,0.3170731707317073
2,625,2,0.19651434089872877,0.3780487804878049,0.4634146341463415,0.47560975609756095,0.6219512195121951,0.926829268292683,0.6097560975609756,0.3780487804878049,0.32926829268292684,0.45121951219512196,0.4878048780487805,0.4634146341463415,0.5853658536585366,0.3048780487804878,0.926829268292683,0.2682926829268293,0.5609756097560976,0.8780487804878049,0.2926829268292683,0.3170731707317073,0.7439024390243902,0.23170731707317074,0.5121951219512195,0.34146341463414637,0.32926829268292684,0.8780487804878049,0.47560975609756095,0.34146341463414637,0.47560975609756095,0.36585365853658536,0.5853658536585366
2,625,3,0.1778147476266456,0.2682926829268293,0.7317073170731707,0.36585365853658536,0.3170731707317073,0.7439024390243902,0.6829268292682927,0.32926829268292684,0.2804878048780488,0.6341463414634146,0.43902439024390244,0.5853658536585366,0.5365853658536586,0.524390243902439,0.6219512195121951,0.2804878048780488,0.4878048780487805,0.7439024390243902,0.2682926829268293,0.7195121951219512,0.8048780487804879,0.24390243902439024,0.7073170731707317,0.36585365853658536,0.4878048780487805,0.7804878048780488,0.47560975609756095,0.3902439024390244,0.3780487804878049,0.3048780487804878,0.5
2,625,4,0.16006145954243528,0.6585365853658537,0.5365853658536586,0.6097560975609756,0.3048780487804878,0.6951219512195121,0.4634146341463415,0.35365853658536583,0.35365853658536583,0.524390243902439,0.47560975609756095,0.5487804878048781,0.5487804878048781,0.6341463414634146,0.6463414634146342,0.3780487804878049,0.36585365853658536,0.7317073170731707,0.2073170731707317,0.8902439024390244,0.7195121951219512,0.34146341463414637,0.7195121951219512,0.4634146341463415,0.45121951219512196,0.5365853658536586,0.3048780487804878,0.45121951219512196,0.3170731707317073,0.4634146341463415,0.3048780487804878
2,625,5,0.16691435095648627,0.926829268292683,0.47560975609756095,0.6341463414634146,0.4268292682926829,0.524390243902439,0.5975609756097561,0.1951219512195122,0.45121951219512196,0.4878048780487805,0.4024390243902439,0.4146341463414634,0.3902439024390244,0.7073170731707317,0.2804878048780488,0.5609756097560976,0.5609756097560976,0.5365853658536586,0.2804878048780488,0.8048780487804879,0.43902439024390244,0.32926829268292684,0.524390243902439,0.8170731707317073,0.36585365853658536,0.5121951219512195,0.34146341463414637,0.3902439024390244,0.35365853658536583,0.573170731707317,0.6951219512195121
2,625,6,0.1530961446485387,0.8536585365853658,0.4146341463414634,0.6829268292682927,0.5,0.3902439024390244,0.4634146341463415,0.7195121951219512,0.36585365853658536,0.3902439024390244,0.4024390243902439,0.5487804878048781,0.5,0.2804878048780488,0.18292682926829268,0.6829268292682927,0.6097560975609756,0.7073170731707317,0.5975609756097561,0.573170731707317,0.2926829268292683,0.5487804878048781,0.35365853658536583,0.4878048780487805,0.43902439024390244,0.3048780487804878,0.4024390243902439,0.5121951219512195,0.5609756097560976,0.7439024390243902,0.4878048780487805
2,625,7,0.14819289539478198,0.8536585365853658,0.3780487804878049,0.4146341463414634,0.5487804878048781,0.4268292682926829,0.4878048780487805,0.43902439024390244,0.573170731707317,0.4268292682926829,0.573170731707317,0.5609756097560976,0.47560975609756095,0.3170731707317073,0.4268292682926829,0.7317073170731707,0.573170731707317,0.6951219512195121,0.5487804878048781,0.3170731707317073,0.4146341463414634,0.5609756097560976,0.25609756097560976,0.3048780487804878,0.34146341463414637,0.524390243902439,0.43902439024390244,0.8292682926829268,0.4024390243902439,0.43902439024390244,0.7195121951219512
2,625,8,0.15461054935239374,0.7073170731707317,0.7439024390243902,0.36585365853658536,0.6463414634146342,0.5487804878048781,0.25609756097560976,0.4268292682926829,0.7195121951219512,0.3170731707317073,0.8658536585365854,0.43902439024390244,0.4146341463414634,0.35365853658536583,0.4268292682926829,0.4146341463414634,0.4878048780487805,0.18292682926829268,0.6219512195121951,0.34146341463414637,0.4146341463414634,0.47560975609756095,0.5487804878048781,0.5121951219512195,0.3170731707317073,0.6219512195121951,0.6829268292682927,0.5487804878048781,0.5,0.4878048780487805,0.6097560975609756
2,625,9,0.1372876833196446,0.3780487804878049,0.7560975609756098,0.2804878048780488,0.5,0.43902439024390244,0.35365853658536583,0.3170731707317073,0.6463414634146342,0.6219512195121951,0.5,0.4268292682926829,0.5975609756097561,0.4024390243902439,0.5609756097560976,0.6829268292682927,0.25609756097560976,0.36585365853658536,0.7195121951219512,0.573170731707317,0.5487804878048781,0.7073170731707317,0.5975609756097561,0.2682926829268293,0.4634146341463415,0.524390243902439,0.5853658536585366,0.5975609756097561,0.5,0.35365853658536583,0.47560975609756095
3,625,0,0.2323482790641177,0.3170731707317073,0.926829268292683,0.8292682926829268,0.32926829268292684,0.17073170731707318,0.8292682926829268,0.24390243902439024,0.4878048780487805,0.4878048780487805,0.5121951219512195,0.4634146341463415,0.7926829268292683,0.2073170731707317,0.6219512195121951,0.5365853658536586,0.36585365853658536,0.6951219512195121,0.7317073170731707,0.2073170731707317,0.2804878048780488,0.2682926829268293,0.8658536585365854,0.35365853658536583,0.7560975609756098,0.7439024390243902,0.21951219512195122,0.21951219512195122,0.6951219512195121,0.35365853658536583,0.4878048780487805
3,625,1,0.20517786811676716,0.5,0.6585365853658537,0.8048780487804879,0.2804878048780488,0.7926829268292683,0.8292682926829268,0.25609756097560976,0.4268292682926829,0.2804878048780488,0.4024390243902439,0.3780487804878049,0.8414634146341463,0.23170731707317074,0.6341463414634146,0.5609756097560976,0.24390243902439024,0.524390243902439,0.7560975609756098,0.2804878048780488,0.4878048780487805,0.23170731707317074,0.9146341463414634,0.32926829268292684,0.5609756097560976,0.7073170731707317,0.4146341463414634,0.3048780487804878,0.4146341463414634,0.45121951219512196,0.5
3,625,2,0.19854717216734522,0.7560975609756098,0.573170731707317,0.7439024390243902,0.2926829268292683,0.8658536585365854,0.4634146341463415,0.35365853658536583,0.4146341463414634,0.2804878048780488,0.45121951219512196,0.3170731707317073,0.926829268292683,0.4878048780487805,0.6341463414634146,0.524390243902439,0.32926829268292684,0.5,0.13414634146341464,0.1951219512195122,0.5975609756097561,0.4634146341463415,0.8902439024390244,0.35365853658536583,0.4268292682926829,0.6829268292682927,0.4268292682926829,0.5487804878048781,0.2804878048780488,0.43902439024390244,0.6463414634146342
3,625,3,0.166020958184245,0.6585365853658537,0.6097560975609756,0.2926829268292683,0.45121951219512196,0.7439024390243902,0.524390243902439,0.5,0.36585365853658536,0.5853658536585366,0.4878048780487805,0.21951219512195122,0.8292682926829268,0.5121951219512195,0.35365853658536583,0.3902439024390244,0.2804878048780488,0.6341463414634146,0.2804878048780488,0.4634146341463415,0.47560975609756095,0.4024390243902439,0.9390243902439024,0.5121951219512195,0.4024390243902439,0.6219512195121951,0.6097560975609756,0.5975609756097561,0.23170731707317074,0.5365853658536586,0.4878048780487805
3,625,4,0.1549308532990951,0.6341463414634146,0.6219512195121951,0.24390243902439024,0.5609756097560976,0.6829268292682927,0.3902439024390244,0.3048780487804878,0.43902439024390244,0.6219512195121951,0.4634146341463415,0.23170731707317074,0.21951219512195122,0.5853658536585366,0.5609756097560976,0.5,0.25609756097560976,0.5853658536585366,0.35365853658536583,0.5853658536585366,0.45121951219512196,0.47560975609756095,0.8414634146341463,0.5609756097560976,0.3902439024390244,0.5365853658536586,0.6707317073170732,0.4878048780487805,0.3902439024390244,0.7682926829268293,0.5853658536585366
3,625,5,0.16759606027881319,0.43902439024390244,0.8170731707317073,0.3780487804878049,0.524390243902439,0.3048780487804878,0.3902439024390244,0.4268292682926829,0.45121951219512196,0.43902439024390244,0.4634146341463415,0.8048780487804879,0.47560975609756095,0.5121951219512195,0.4268292682926829,0.573170731707317,0.7195121951219512,0.25609756097560976,0.4634146341463415,0.524390243902439,0.5365853658536586,0.9512195121951219,0.24390243902439024,0.5121951219512195,0.5609756097560976,0.18292682926829268,0.4024390243902439,0.4268292682926829,0.6463414634146342,0.6829268292682927,0.4634146341463415
3,625,6,0.14909336686928096,0.5609756097560976,0.573170731707317,0.6585365853658537,0.4878048780487805,0.4634146341463415,0.4268292682926829,0.4024390243902439,0.4024390243902439,0.7195121951219512,0.24390243902439024,0.7560975609756098,0.36585365853658536,0.47560975609756095,0.6951219512195121,0.4268292682926829,0.6951219512195121,0.4146341463414634,0.5853658536585366,0.6097560975609756,0.43902439024390244,0.7073170731707317,0.3170731707317073,0.36585365853658536,0.6951219512195121,0.24390243902439024,0.3170731707317073,0.4268292682926829,0.6951219512195121,0.47560975609756095,0.35365853658536583
3,625,7,0.1472869187896861,0.3902439024390244,0.36585365853658536,0.5121951219512195,0.5121951219512195,0.45121951219512196,0.5,0.6341463414634146,0.573170731707317,0.7073170731707317,0.4268292682926829,0.6341463414634146,0.6585365853658537,0.4024390243902439,0.25609756097560976,0.36585365853658536,0.36585365853658536,0.4268292682926829,0.6829268292682927,0.4024390243902439,0.5609756097560976,0.6341463414634146,0.3780487804878049,0.36585365853658536,0.6707317073170732,0.32926829268292684,0.21951219512195122,0.7804878048780488,0.7439024390243902,0.6219512195121951,0.4268292682926829
3,625,8,0.12700894090105722,0.4146341463414634,0.5121951219512195,0.47560975609756095,0.4024390243902439,0.4634146341463415,0.4634146341463415,0.4024390243902439,0.6707317073170732,0.6585365853658537,0.5975609756097561,0.7195121951219512,0.47560975609756095,0.35365853658536583,0.5,0.32926829268292684,0.3780487804878049,0.4268292682926829,0.7317073170731707,0.5365853658536586,0.4268292682926829,0.573170731707317,0.524390243902439,0.4634146341463415,0.5975609756097561,0.3048780487804878,0.5487804878048781,0.7073170731707317,0.6707317073170732,0.45121951219512196,0.21951219512195122
3,625,9,0.1314963682546714,0.34146341463414637,0.5853658536585366,0.4268292682926829,0.524390243902439,0.35365853658536583,0.5853658536585366,0.3902439024390244,0.4634146341463415,0.7926829268292683,0.6585365853658537,0.4878048780487805,0.35365853658536583,0.5121951219512195,0.5609756097560976,0.573170731707317,0.34146341463414637,0.36585365853658536,0.7073170731707317,0.5121951219512195,0.4634146341463415,0.4878048780487805,0.8414634146341463,0.6097560975609756,0.3048780487804878,0.45121951219512196,0.4878048780487805,0.45121951219512196,0.5609756097560976,0.4878048780487805,0.3170731707317073
4,625,0,0.2113899310624575,0.7195121951219512,0.9146341463414634,0.6829268292682927,0.32926829268292684,0.34146341463414637,0.25609756097560976,0.6219512195121951,0.4146341463414634,0.8536585365853658,0.6951219512195121,0.6707317073170732,0.2804878048780488,0.24390243902439024,0.35365853658536583,0.6829268292682927,0.34146341463414637,0.5365853658536586,0.6707317073170732,0.6219512195121951,0.32926829268292684,0.2804878048780488,0.32926829268292684,0.9878048780487805,0.43902439024390244,0.6829268292682927,0.3170731707317073,0.2682926829268293,0.3902439024390244,0.3170731707317073,0.4268292682926829
4,625,1,0.20149648343729637,0.5975609756097561,0.9512195121951219,0.6829268292682927,0.4146341463414634,0.35365853658536583,0.7439024390243902,0.573170731707317,0.8048780487804879,0.7195121951219512,0.4634146341463415,0.3170731707317073,0.573170731707317,0.18292682926829268,0.32926829268292684,0.8048780487804879,0.25609756097560976,0.4024390243902439,0.8292682926829268,0.5,0.524390243902439,0.35365853658536583,0.3170731707317073,0.7439024390243902,0.4268292682926829,0.5487804878048781,0.32926829268292684,0.3048780487804878,0.32926829268292684,0.25609756097560976,0.36585365853658536
4,625,2,0.18387289232355514,0.6097560975609756,0.9024390243902439,0.15853658536585366,0.6341463414634146,0.47560975609756095,0.7926829268292683,0.5,0.7926829268292683,0.5853658536585366,0.4634146341463415,0.3048780487804878,0.4634146341463415,0.45121951219512196,0.17073170731707318,0.7560975609756098,0.2804878048780488,0.573170731707317,0.6829268292682927,0.5,0.6097560975609756,0.3170731707317073,0.3170731707317073,0.32926829268292684,0.6097560975609756,0.3902439024390244,0.573170731707317,0.3048780487804878,0.3902439024390244,0.6585365853658537,0.4024390243902439
4,625,3,0.19010313741609627,0.4024390243902439,0.4878048780487805,0.17073170731707318,0.5609756097560976,0.5975609756097561,0.9512195121951219,0.35365853658536583,0.8292682926829268,0.23170731707317074,0.4268292682926829,0.4146341463414634,0.4878048780487805,0.5,0.36585365853658536,0.7682926829268293,0.5609756097560976,0.36585365853658536,0.7073170731707317,0.524390243902439,0.5609756097560976,0.4268292682926829,0.4634146341463415,0.1951219512195122,0.34146341463414637,0.6707317073170732,0.6463414634146342,0.3902439024390244,0.4146341463414634,0.8780487804878049,0.3048780487804878
4,625,4,0.19914550754334784,0.6097560975609756,0.5,0.2073170731707317,0.4634146341463415,0.8048780487804879,0.9024390243902439,0.34146341463414637,0.926829268292683,0.13414634146341464,0.45121951219512196,0.3170731707317073,0.4268292682926829,0.6951219512195121,0.5365853658536586,0.25609756097560976,0.5,0.35365853658536583,0.5609756097560976,0.5365853658536586,0.5609756097560976,0.5121951219512195,0.2926829268292683,0.2682926829268293,0.524390243902439,0.5,0.5365853658536586,0.2804878048780488,0.47560975609756095,0.9024390243902439,0.6219512195121951
4,625,5,0.17423809384067254,0.4146341463414634,0.2926829268292683,0.47560975609756095,0.4878048780487805,0.8048780487804879,0.6829268292682927,0.3780487804878049,0.3902439024390244,0.24390243902439024,0.36585365853658536,0.7439024390243902,0.4634146341463415,0.573170731707317,0.8658536585365854,0.18292682926829268,0.47560975609756095,0.34146341463414637,0.45121951219512196,0.4268292682926829,0.2804878048780488,0.524390243902439,0.36585365853658536,0.6463414634146342,0.573170731707317,0.6097560975609756,0.524390243902439,0.3048780487804878,0.6219512195121951,0.8170731707317073,0.6707317073170732
4,625,6,0.15947191256856122,0.7560975609756098,0.23170731707317074,0.5365853658536586,0.5121951219512195,0.7073170731707317,0.7073170731707317,0.47560975609756095,0.5609756097560976,0.3780487804878049,0.35365853658536583,0.7317073170731707,0.5487804878048781,0.2804878048780488,0.5609756097560976,0.45121951219512196,0.4024390243902439,0.524390243902439,0.2804878048780488,0.3048780487804878,0.36585365853658536,0.21951219512195122,0.6829268292682927,0.6463414634146342,0.6097560975609756,0.6951219512195121,0.34146341463414637,0.4634146341463415,0.3780487804878049,0.6951219512195121,0.5975609756097561
4,625,7,0.14640919841637018,0.7926829268292683,0.2682926829268293,0.7317073170731707,0.3048780487804878,0.7317073170731707,0.6707317073170732,0.4878048780487805,0.4878048780487805,0.4024390243902439,0.6219512195121951,0.7926829268292683,0.3902439024390244,0.3902439024390244,0.6219512195121951,0.5121951219512195,0.4268292682926829,0.3902439024390244,0.4878048780487805,0.35365853658536583,0.5,0.4024390243902439,0.3170731707317073,0.5121951219512195,0.6707317073170732,0.3902439024390244,0.5365853658536586,0.3780487804878049,0.5365853658536586,0.3170731707317073,0.573170731707317
4,625,8,0.15661752829281422,0.6951219512195121,0.5487804878048781,0.7926829268292683,0.2682926829268293,0.7317073170731707,0.1951219512195122,0.5,0.21951219512195122,0.32926829268292684,0.5975609756097561,0.43902439024390244,0.4878048780487805,0.43902439024390244,0.6341463414634146,0.6585365853658537,0.35365853658536583,0.5853658536585366,0.5121951219512195,0.3902439024390244,0.7560975609756098,0.7073170731707317,0.4878048780487805,0.5853658536585366,0.4634146341463415,0.3048780487804878,0.5853658536585366,0.3902439024390244,0.5487804878048781,0.4268292682926829,0.36585365853658536
4,625,9,0.15477078418589651,0.7073170731707317,0.7195121951219512,0.6707317073170732,0.4878048780487805,0.8536585365853658,0.36585365853658536,0.4634146341463415,0.524390243902439,0.3170731707317073,0.5487804878048781,0.2682926829268293,0.4878048780487805,0.3902439024390244,0.3902439024390244,0.43902439024390244,0.5487804878048781,0.5,0.35365853658536583,0.36585365853658536,0.2073170731707317,0.5853658536585366,0.47560975609756095,0.47560975609756095,0.6219512195121951,0.8780487804878049,0.45121951219512196,0.4268292682926829,0.34146341463414637,0.573170731707317,0.5609756097560976
0,650,0,0.20433047227387033,0.5853658536585366,0.3780487804878049,0.24390243902439024,0.5975609756097561,0.45121951219512196,0.573170731707317,0.32926829268292684,0.32926829268292684,0.2682926829268293,0.7073170731707317,0.9634146341463414,0.3170731707317073,0.7439024390243902,0.7195121951219512,0.2926829268292683,0.35365853658536583,0.24390243902439024,0.45121951219512196,0.3048780487804878,0.573170731707317,0.7560975609756098,0.8536585365853658,0.4146341463414634,0.3170731707317073,0.4024390243902439,0.6951219512195121,0.7560975609756098,0.7317073170731707,0.32926829268292684,0.3170731707317073
0,650,1,0.192152196931608,0.4634146341463415,0.43902439024390244,0.36585365853658536,0.3170731707317073,0.36585365853658536,0.6707317073170732,0.5121951219512195,0.2073170731707317,0.3780487804878049,0.7560975609756098,0.6463414634146342,0.32926829268292684,0.7195121951219512,0.6829268292682927,0.6463414634146342,0.3048780487804878,0.35365853658536583,0.32926829268292684,0.6951219512195121,0.3170731707317073,0.7195121951219512,0.8048780487804879,0.2804878048780488,0.4268292682926829,0.2804878048780488,0.7926829268292683,0.7195121951219512,0.8048780487804879,0.32926829268292684,0.34146341463414637
0,650,2,0.16865755191971646,0.45121951219512196,0.3170731707317073,0.45121951219512196,0.35365853658536583,0.6463414634146342,0.5,0.524390243902439,0.4024390243902439,0.43902439024390244,0.573170731707317,0.7439024390243902,0.32926829268292684,0.2804878048780488,0.5853658536585366,0.6951219512195121,0.5853658536585366,0.21951219512195122,0.34146341463414637,0.7682926829268293,0.7195121951219512,0.5,0.5,0.7195121951219512,0.3902439024390244,0.3170731707317073,0.6341463414634146,0.7926829268292683,0.45121951219512196,0.14634146341463414,0.6219512195121951
0,650,3,0.16676578452655297,0.3902439024390244,0.25609756097560976,0.47560975609756095,0.21951219512195122,0.34146341463414637,0.5365853658536586,0.36585365853658536,0.4146341463414634,0.36585365853658536,0.5487804878048781,0.7317073170731707,0.4146341463414634,0.5,0.7317073170731707,0.6829268292682927,0.6463414634146342,0.43902439024390244,0.6829268292682927,0.9146341463414634,0.8292682926829268,0.32926829268292684,0.43902439024390244,0.6951219512195121,0.4146341463414634,0.3780487804878049,0.47560975609756095,0.5365853658536586,0.4146341463414634,0.35365853658536583,0.47560975609756095
0,650,4,0.13868879763603237,0.4634146341463415,0.35365853658536583,0.5365853658536586,0.4268292682926829,0.6219512195121951,0.5,0.4024390243902439,0.5487804878048781,0.35365853658536583,0.3048780487804878,0.35365853658536583,0.23170731707317074,0.4268292682926829,0.6829268292682927,0.5121951219512195,0.4268292682926829,0.25609756097560976,0.6463414634146342,0.8658536585365854,0.5975609756097561,0.5,0.5121951219512195,0.6341463414634146,0.5365853658536586,0.6463414634146342,0.5121951219512195,0.5,0.3780487804878049,0.6951219512195121,0.573170731707317
0,650,5,0.12259990078793045,0.5853658536585366,0.3902439024390244,0.35365853658536583,0.45121951219512196,0.43902439024390244,0.24390243902439024,0.6951219512195121,0.43902439024390244,0.2926829268292683,0.4146341463414634,0.4634146341463415,0.5,0.573170731707317,0.573170731707317,0.25609756097560976,0.7073170731707317,0.4878048780487805,0.6707317073170732,0.5121951219512195,0.6829268292682927,0.573170731707317,0.4146341463414634,0.6219512195121951,0.4634146341463415,0.5365853658536586,0.5365853658536586,0.47560975609756095,0.4268292682926829,0.5487804878048781,0.6707317073170732
0,650,6,0.1362364882318921,0.4146341463414634,0.3902439024390244,0.6707317073170732,0.43902439024390244,0.3780487804878049,0.4146341463414634,0.6463414634146342,0.5,0.7439024390243902,0.5365853658536586,0.4634146341463415,0.6829268292682927,0.8292682926829268,0.4146341463414634,0.47560975609756095,0.6219512195121951,0.5365853658536586,0.4268292682926829,0.17073170731707318,0.5365853658536586,0.47560975609756095,0.32926829268292684,0.6341463414634146,0.3170731707317073,0.6341463414634146,0.4268292682926829,0.4268292682926829,0.4268292682926829,0.5487804878048781,0.4878048780487805
0,650,7,0.15192596587704815,0.4024390243902439,0.5365853658536586,0.5,0.5,0.43902439024390244,0.4878048780487805,0.4146341463414634,0.3902439024390244,0.8902439024390244,0.5365853658536586,0.573170731707317,0.7439024390243902,0.6829268292682927,0.4878048780487805,0.4024390243902439,0.6951219512195121,0.45121951219512196,0.3048780487804878,0.2073170731707317,0.3780487804878049,0.43902439024390244,0.6341463414634146,0.5,0.47560975609756095,0.524390243902439,0.45121951219512196,0.34146341463414637,0.8658536585365854,0.35365853658536583,0.3902439024390244
0,650,8,0.16114182106496516,0.5975609756097561,0.5487804878048781,0.2926829268292683,0.6341463414634146,0.4268292682926829,0.4146341463414634,0.4878048780487805,0.4634146341463415,0.926829268292683,0.47560975609756095,0.6341463414634146,0.6097560975609756,0.35365853658536583,0.1951219512195122,0.524390243902439,0.573170731707317,0.524390243902439,0.4268292682926829,0.3902439024390244,0.6341463414634146,0.4268292682926829,0.7317073170731707,0.32926829268292684,0.5487804878048781,0.5609756097560976,0.2682926829268293,0.4024390243902439,0.8414634146341463,0.2804878048780488,0.47560975609756095
0,650,9,0.13466271642192013,0.6097560975609756,0.5853658536585366,0.35365853658536583,0.3780487804878049,0.3170731707317073,0.6219512195121951,0.35365853658536583,0.6341463414634146,0.8048780487804879,0.4146341463414634,0.4634146341463415,0.6341463414634146,0.35365853658536583,0.2926829268292683,0.4146341463414634,0.5,0.4878048780487805,0.5121951219512195,0.4878048780487805,0.5609756097560976,0.5,0.43902439024390244,0.524390243902439,0.524390243902439,0.7073170731707317,0.35365853658536583,0.5,0.8414634146341463,0.36585365853658536,0.4634146341463415
1,650,0,0.20408771292443395,0.6341463414634146,0.2073170731707317,0.47560975609756095,0.7439024390243902,0.3902439024390244,0.34146341463414637,0.8048780487804879,0.25609756097560976,0.2804878048780488,0.3170731707317073,0.7439024390243902,0.6829268292682927,0.7073170731707317,0.5609756097560976,0.6585365853658537,0.7317073170731707,0.8048780487804879,0.2682926829268293,0.6585365853658537,0.5853658536585366,0.3170731707317073,0.2073170731707317,0.7560975609756098,0.6341463414634146,0.6219512195121951,0.4024390243902439,0.2073170731707317,0.2804878048780488,0.45121951219512196,0.2682926829268293
1,650,1,0.1863101748728557,0.5853658536585366,0.4146341463414634,0.2073170731707317,0.8170731707317073,0.43902439024390244,0.35365853658536583,0.34146341463414637,0.1951219512195122,0.3170731707317073,0.8048780487804879,0.5365853658536586,0.6707317073170732,0.6219512195121951,0.7560975609756098,0.7317073170731707,0.7926829268292683,0.6219512195121951,0.3780487804878049,0.6097560975609756,0.7073170731707317,0.3048780487804878,0.3170731707317073,0.4634146341463415,0.6463414634146342,0.5853658536585366,0.4024390243902439,0.24390243902439024,0.4634146341463415,0.2926829268292683,0.3780487804878049
1,650,2,0.16261178830032472,0.6097560975609756,0.43902439024390244,0.5609756097560976,0.5,0.1951219512195122,0.4146341463414634,0.6097560975609756,0.5,0.2682926829268293,0.6585365853658537,0.524390243902439,0.7195121951219512,0.6951219512195121,0.5853658536585366,0.6341463414634146,0.43902439024390244,0.4268292682926829,0.36585365853658536,0.5365853658536586,0.7926829268292683,0.7073170731707317,0.4268292682926829,0.2926829268292683,0.8170731707317073,0.4268292682926829,0.3048780487804878,0.2926829268292683,0.6097560975609756,0.2804878048780488,0.36585365853658536
1,650,3,0.16178657513928782,0.524390243902439,0.35365853658536583,0.34146341463414637,0.3048780487804878,0.32926829268292684,0.23170731707317074,0.4268292682926829,0.573170731707317,0.4878048780487805,0.6097560975609756,0.25609756097560976,0.7682926829268293,0.5487804878048781,0.6829268292682927,0.6707317073170732,0.43902439024390244,0.4878048780487805,0.45121951219512196,0.524390243902439,0.7195121951219512,0.7804878048780488,0.35365853658536583,0.5487804878048781,0.8780487804878049,0.2926829268292683,0.4146341463414634,0.5487804878048781,0.5609756097560976,0.5365853658536586,0.35365853658536583
1,650,4,0.16200092292439613,0.7439024390243902,0.3780487804878049,0.5487804878048781,0.24390243902439024,0.36585365853658536,0.24390243902439024,0.3048780487804878,0.6341463414634146,0.43902439024390244,0.6463414634146342,0.35365853658536583,0.6463414634146342,0.5487804878048781,0.6097560975609756,0.6829268292682927,0.25609756097560976,0.524390243902439,0.4878048780487805,0.5,0.5121951219512195,0.7682926829268293,0.32926829268292684,0.47560975609756095,0.8780487804878049,0.43902439024390244,0.4146341463414634,0.6951219512195121,0.573170731707317,0.36585365853658536,0.3902439024390244
1,650,5,0.17435186342108794,0.24390243902439024,0.43902439024390244,0.7804878048780488,0.1951219512195122,0.3048780487804878,0.45121951219512196,0.8170731707317073,0.6097560975609756,0.4268292682926829,0.7682926829268293,0.3902439024390244,0.4634146341463415,0.573170731707317,0.6585365853658537,0.5975609756097561,0.36585365853658536,0.5853658536585366,0.34146341463414637,0.2073170731707317,0.3170731707317073,0.7317073170731707,0.3780487804878049,0.5853658536585366,0.6951219512195121,0.3170731707317073,0.3780487804878049,0.6951219512195121,0.5,0.573170731707317,0.6097560975609756
1,650,6,0.134920162789652,0.3170731707317073,0.4634146341463415,0.3780487804878049,0.47560975609756095,0.4024390243902439,0.7439024390243902,0.7439024390243902,0.4878048780487805,0.4146341463414634,0.4146341463414634,0.5975609756097561,0.573170731707317,0.4268292682926829,0.524390243902439,0.7317073170731707,0.524390243902439,0.4878048780487805,0.21951219512195122,0.5487804878048781,0.4634146341463415,0.7195121951219512,0.43902439024390244,0.6097560975609756,0.6341463414634146,0.34146341463414637,0.45121951219512196,0.5365853658536586,0.23170731707317074,0.4878048780487805,0.6097560975609756
1,650,7,0.16181721363499646,0.23170731707317074,0.5609756097560976,0.3170731707317073,0.4268292682926829,0.34146341463414637,0.5121951219512195,0.8536585365853658,0.47560975609756095,0.524390243902439,0.2926829268292683,0.3780487804878049,0.6585365853658537,0.5487804878048781,0.4024390243902439,0.45121951219512196,0.8048780487804879,0.47560975609756095,0.7317073170731707,0.6463414634146342,0.573170731707317,0.5853658536585366,0.2804878048780488,0.32926829268292684,0.5,0.6585365853658537,0.3902439024390244,0.2682926829268293,0.43902439024390244,0.7439024390243902,0.5975609756097561
1,650,8,0.14071148633806616,0.5121951219512195,0.4146341463414634,0.4146341463414634,0.36585365853658536,0.524390243902439,0.36585365853658536,0.7073170731707317,0.34146341463414637,0.6951219512195121,0.4268292682926829,0.43902439024390244,0.35365853658536583,0.3780487804878049,0.47560975609756095,0.4634146341463415,0.7804878048780488,0.5365853658536586,0.45121951219512196,0.5,0.6097560975609756,0.7560975609756098,0.4878048780487805,0.32926829268292684,0.3902439024390244,0.524390243902439,0.7317073170731707,0.5487804878048781,0.2926829268292683,0.7804878048780488,0.4024390243902439
1,650,9,0.13728768331964464,0.5853658536585366,0.5121951219512195,0.4878048780487805,0.524390243902439,0.5365853658536586,0.35365853658536583,0.4634146341463415,0.25609756097560976,0.7926829268292683,0.524390243902439,0.524390243902439,0.6585365853658537,0.6707317073170732,0.43902439024390244,0.34146341463414637,0.5365853658536586,0.6097560975609756,0.45121951219512196,0.32926829268292684,0.34146341463414637,0.7317073170731707,0.7195121951219512,0.34146341463414637,0.5853658536585366,0.4146341463414634,0.6585365853658537,0.45121951219512196,0.43902439024390244,0.4634146341463415,0.25609756097560976
2,650,0,0.21494803360003717,0.7560975609756098,0.34146341463414637,0.6951219512195121,0.3170731707317073,0.7439024390243902,0.45121951219512196,0.3048780487804878,0.3170731707317073,0.43902439024390244,0.6463414634146342,0.8048780487804879,0.9024390243902439,0.24390243902439024,0.35365853658536583,0.6219512195121951,0.6219512195121951,0.5853658536585366,0.34146341463414637,0.524390243902439,0.23170731707317074,0.21951219512195122,0.6219512195121951,0.32926829268292684,0.7317073170731707,0.32926829268292684,0.3780487804878049,0.7317073170731707,0.926829268292683,0.21951219512195122,0.2682926829268293
2,650,1,0.18276415531057794,0.34146341463414637,0.34146341463414637,0.6219512195121951,0.3048780487804878,0.5,0.6463414634146342,0.2926829268292683,0.4634146341463415,0.3048780487804878,0.6829268292682927,0.9024390243902439,0.8780487804878049,0.5975609756097561,0.2682926829268293,0.36585365853658536,0.5,0.6707317073170732,0.6951219512195121,0.5609756097560976,0.4878048780487805,0.36585365853658536,0.43902439024390244,0.5365853658536586,0.3780487804878049,0.573170731707317,0.3170731707317073,0.43902439024390244,0.8902439024390244,0.36585365853658536,0.2682926829268293
2,650,2,0.1558242017024589,0.2682926829268293,0.2804878048780488,0.6219512195121951,0.6463414634146342,0.6829268292682927,0.7195121951219512,0.6097560975609756,0.34146341463414637,0.524390243902439,0.6341463414634146,0.8170731707317073,0.2804878048780488,0.34146341463414637,0.5,0.45121951219512196,0.5853658536585366,0.7804878048780488,0.7317073170731707,0.3902439024390244,0.4634146341463415,0.4024390243902439,0.4878048780487805,0.25609756097560976,0.573170731707317,0.47560975609756095,0.32926829268292684,0.4878048780487805,0.47560975609756095,0.47560975609756095,0.36585365853658536
2,650,3,0.15502681543483612,0.34146341463414637,0.4268292682926829,0.573170731707317,0.524390243902439,0.573170731707317,0.8658536585365854,0.6829268292682927,0.4634146341463415,0.5609756097560976,0.34146341463414637,0.7804878048780488,0.47560975609756095,0.2682926829268293,0.6097560975609756,0.43902439024390244,0.47560975609756095,0.2926829268292683,0.7317073170731707,0.5,0.6341463414634146,0.5609756097560976,0.43902439024390244,0.24390243902439024,0.5609756097560976,0.6341463414634146,0.3780487804878049,0.32926829268292684,0.36585365853658536,0.6341463414634146,0.2926829268292683
2,650,4,0.16027811442586407,0.2804878048780488,0.5853658536585366,0.35365853658536583,0.5853658536585366,0.2804878048780488,0.8414634146341463,0.524390243902439,0.43902439024390244,0.6097560975609756,0.32926829268292684,0.7073170731707317,0.5,0.6341463414634146,0.6097560975609756,0.35365853658536583,0.2926829268292683,0.2926829268292683,0.6951219512195121,0.4024390243902439,0.7317073170731707,0.6219512195121951,0.4146341463414634,0.45121951219512196,0.6707317073170732,0.6707317073170732,0.524390243902439,0.3902439024390244,0.24390243902439024,0.6097560975609756,0.35365853658536583
2,650,5,0.13239806820047015,0.35365853658536583,0.6097560975609756,0.24390243902439024,0.524390243902439,0.6097560975609756,0.6097560975609756,0.4634146341463415,0.573170731707317,0.5365853658536586,0.5487804878048781,0.4024390243902439,0.6219512195121951,0.7195121951219512,0.6097560975609756,0.4878048780487805,0.4268292682926829,0.4146341463414634,0.4878048780487805,0.43902439024390244,0.4634146341463415,0.32926829268292684,0.25609756097560976,0.6219512195121951,0.5853658536585366,0.8536585365853658,0.5487804878048781,0.5365853658536586,0.4024390243902439,0.3780487804878049,0.34146341463414637
2,650,6,0.13663616941347884,0.4878048780487805,0.3170731707317073,0.5,0.36585365853658536,0.5121951219512195,0.5365853658536586,0.4146341463414634,0.4024390243902439,0.2926829268292683,0.5365853658536586,0.6707317073170732,0.5609756097560976,0.4634146341463415,0.4146341463414634,0.7682926829268293,0.32926829268292684,0.5,0.4024390243902439,0.5121951219512195,0.6951219512195121,0.573170731707317,0.3902439024390244,0.7195121951219512,0.7439024390243902,0.45121951219512196,0.36585365853658536,0.6463414634146342,0.45121951219512196,0.2804878048780488,0.6951219512195121
2,650,7,0.15525049641441557,0.524390243902439,0.35365853658536583,0.5487804878048781,0.3902439024390244,0.5975609756097561,0.36585365853658536,0.3902439024390244,0.4024390243902439,0.34146341463414637,0.5975609756097561,0.6951219512195121,0.7073170731707317,0.43902439024390244,0.2804878048780488,0.6463414634146342,0.3780487804878049,0.2682926829268293,0.5365853658536586,0.7926829268292683,0.6219512195121951,0.5609756097560976,0.524390243902439,0.6829268292682927,0.5,0.2926829268292683,0.6341463414634146,0.4634146341463415,0.6951219512195121,0.14634146341463414,0.6219512195121951
2,650,8,0.13194798847914374,0.24390243902439024,0.4878048780487805,0.4268292682926829,0.573170731707317,0.573170731707317,0.18292682926829268,0.4024390243902439,0.5609756097560976,0.45121951219512196,0.5975609756097561,0.47560975609756095,0.5121951219512195,0.5853658536585366,0.4268292682926829,0.6707317073170732,0.43902439024390244,0.4024390243902439,0.5365853658536586,0.5609756097560976,0.7195121951219512,0.47560975609756095,0.35365853658536583,0.35365853658536583,0.6829268292682927,0.4878048780487805,0.43902439024390244,0.4268292682926829,0.7926829268292683,0.47560975609756095,0.6829268292682927
2,650,9,0.12444602607041902,0.5487804878048781,0.6463414634146342,0.47560975609756095,0.17073170731707318,0.573170731707317,0.47560975609756095,0.5121951219512195,0.5365853658536586,0.3902439024390244,0.524390243902439,0.6707317073170732,0.5975609756097561,0.6097560975609756,0.5853658536585366,0.573170731707317,0.43902439024390244,0.4878048780487805,0.5121951219512195,0.25609756097560976,0.7073170731707317,0.5365853658536586,0.573170731707317,0.5,0.2926829268292683,0.5365853658536586,0.24390243902439024,0.43902439024390244,0.4268292682926829,0.5365853658536586,0.6219512195121951
3,650,0,0.21439380482997755,0.8658536585365854,0.34146341463414637,0.4634146341463415,0.6463414634146342,0.3902439024390244,0.573170731707317,0.35365853658536583,0.4878048780487805,0.34146341463414637,0.6585365853658537,0.34146341463414637,0.2804878048780488,1.0,0.36585365853658536,0.3780487804878049,0.24390243902439024,0.32926829268292684,0.7317073170731707,0.25609756097560976,0.3170731707317073,0.34146341463414637,0.2804878048780488,0.43902439024390244,0.32926829268292684,0.8414634146341463,0.9024390243902439,0.43902439024390244,0.7926829268292683,0.6219512195121951,0.6463414634146342
3,650,1,0.19641340902720233,0.8658536585365854,0.23170731707317074,0.47560975609756095,0.5,0.3902439024390244,0.6951219512195121,0.35365853658536583,0.4146341463414634,0.24390243902439024,0.573170731707317,0.524390243902439,0.32926829268292684,1.0,0.45121951219512196,0.47560975609756095,0.34146341463414637,0.5609756097560976,0.8414634146341463,0.3170731707317073,0.2073170731707317,0.3780487804878049,0.47560975609756095,0.3780487804878049,0.4024390243902439,0.8292682926829268,0.4024390243902439,0.45121951219512196,0.7804878048780488,0.6219512195121951,0.4878048780487805
3,650,2,0.2005099586201386,0.8048780487804879,0.3048780487804878,0.4024390243902439,0.3780487804878049,0.1951219512195122,0.5853658536585366,0.2926829268292683,0.4634146341463415,0.36585365853658536,0.6951219512195121,0.43902439024390244,0.6707317073170732,0.9878048780487805,0.24390243902439024,0.43902439024390244,0.6951219512195121,0.6585365853658537,0.7926829268292683,0.21951219512195122,0.4634146341463415,0.5121951219512195,0.5,0.5853658536585366,0.524390243902439,0.7195121951219512,0.24390243902439024,0.4634146341463415,0.7195121951219512,0.17073170731707318,0.4634146341463415
3,650,3,0.18997270643167355,0.8292682926829268,0.4878048780487805,0.3048780487804878,0.3170731707317073,0.36585365853658536,0.7317073170731707,0.35365853658536583,0.25609756097560976,0.32926829268292684,0.6707317073170732,0.5487804878048781,0.975609756097561,0.4634146341463415,0.35365853658536583,0.4146341463414634,0.5609756097560976,0.573170731707317,0.8414634146341463,0.1951219512195122,0.3048780487804878,0.6097560975609756,0.4878048780487805,0.524390243902439,0.4634146341463415,0.5487804878048781,0.4024390243902439,0.5853658536585366,0.8048780487804879,0.3048780487804878,0.3902439024390244
3,650,4,0.18673541976243518,0.4024390243902439,0.6219512195121951,0.3780487804878049,0.2804878048780488,0.45121951219512196,0.3780487804878049,0.5,0.43902439024390244,0.45121951219512196,0.5853658536585366,0.7317073170731707,0.8780487804878049,0.2804878048780488,0.6707317073170732,0.3780487804878049,0.7804878048780488,0.6097560975609756,0.8414634146341463,0.17073170731707318,0.4024390243902439,0.6707317073170732,0.4634146341463415,0.6097560975609756,0.3780487804878049,0.2073170731707317,0.32926829268292684,0.8414634146341463,0.4634146341463415,0.35365853658536583,0.45121951219512196
3,650,5,0.17263744750425744,0.3048780487804878,0.573170731707317,0.4024390243902439,0.4634146341463415,0.573170731707317,0.0975609756097561,0.3780487804878049,0.573170731707317,0.36585365853658536,0.5,0.524390243902439,0.9390243902439024,0.3902439024390244,0.7804878048780488,0.524390243902439,0.7804878048780488,0.3902439024390244,0.6585365853658537,0.45121951219512196,0.4634146341463415,0.35365853658536583,0.32926829268292684,0.5121951219512195,0.3780487804878049,0.35365853658536583,0.6463414634146342,0.7195121951219512,0.34146341463414637,0.7195121951219512,0.5121951219512195
3,650,6,0.1514029833754118,0.4146341463414634,0.6097560975609756,0.4024390243902439,0.35365853658536583,0.5609756097560976,0.3048780487804878,0.2926829268292683,0.43902439024390244,0.5487804878048781,0.47560975609756095,0.7073170731707317,0.9390243902439024,0.5853658536585366,0.6219512195121951,0.4146341463414634,0.4268292682926829,0.43902439024390244,0.524390243902439,0.6585365853658537,0.4634146341463415,0.15853658536585366,0.524390243902439,0.3902439024390244,0.5975609756097561,0.45121951219512196,0.7317073170731707,0.4146341463414634,0.4268292682926829,0.6829268292682927,0.43902439024390244
3,650,7,0.1321732199178574,0.4024390243902439,0.36585365853658536,0.6585365853658537,0.5487804878048781,0.3048780487804878,0.4268292682926829,0.4146341463414634,0.5365853658536586,0.6463414634146342,0.4146341463414634,0.7804878048780488,0.5609756097560976,0.7439024390243902,0.43902439024390244,0.524390243902439,0.5121951219512195,0.5487804878048781,0.3902439024390244,0.7317073170731707,0.47560975609756095,0.14634146341463414,0.4634146341463415,0.5365853658536586,0.524390243902439,0.43902439024390244,0.6585365853658537,0.4634146341463415,0.5121951219512195,0.4146341463414634,0.4146341463414634
3,650,8,0.1255169757588535,0.524390243902439,0.34146341463414637,0.5609756097560976,0.573170731707317,0.3902439024390244,0.573170731707317,0.4268292682926829,0.4268292682926829,0.6219512195121951,0.524390243902439,0.3902439024390244,0.6219512195121951,0.4268292682926829,0.5609756097560976,0.47560975609756095,0.5121951219512195,0.6219512195121951,0.24390243902439024,0.5365853658536586,0.8414634146341463,0.4634146341463415,0.4878048780487805,0.524390243902439,0.5365853658536586,0.3902439024390244,0.6951219512195121,0.24390243902439024,0.6219512195121951,0.34146341463414637,0.5
3,650,9,0.12432646220671763,0.45121951219512196,0.4634146341463415,0.5975609756097561,0.3048780487804878,0.32926829268292684,0.4146341463414634,0.5365853658536586,0.3780487804878049,0.43902439024390244,0.5365853658536586,0.6097560975609756,0.45121951219512196,0.36585365853658536,0.4024390243902439,0.7073170731707317,0.4878048780487805,0.2682926829268293,0.6829268292682927,0.45121951219512196,0.6097560975609756,0.6829268292682927,0.573170731707317,0.45121951219512196,0.573170731707317,0.6829268292682927,0.6219512195121951,0.32926829268292684,0.6951219512195121,0.4268292682926829,0.47560975609756095
4,650,0,0.1888472813077986,0.34146341463414637,0.2804878048780488,0.4146341463414634,0.6463414634146342,0.34146341463414637,0.7560975609756098,0.4268292682926829,0.2804878048780488,0.3048780487804878,0.3902439024390244,0.7926829268292683,0.8170731707317073,0.3902439024390244,0.8902439024390244,0.8048780487804879,0.3780487804878049,0.36585365853658536,0.6463414634146342,0.4146341463414634,0.45121951219512196,0.35365853658536583,0.6707317073170732,0.7560975609756098,0.4146341463414634,0.35365853658536583,0.34146341463414637,0.3780487804878049,0.3048780487804878,0.6585365853658537,0.6341463414634146
4,650,1,0.16777344194103433,0.4634146341463415,0.36585365853658536,0.43902439024390244,0.573170731707317,0.47560975609756095,0.524390243902439,0.2682926829268293,0.2926829268292683,0.32926829268292684,0.2804878048780488,0.8170731707317073,0.9146341463414634,0.4268292682926829,0.8780487804878049,0.524390243902439,0.6463414634146342,0.36585365853658536,0.5365853658536586,0.43902439024390244,0.47560975609756095,0.2926829268292683,0.5365853658536586,0.6463414634146342,0.4268292682926829,0.4878048780487805,0.3902439024390244,0.4024390243902439,0.7073170731707317,0.6707317073170732,0.4024390243902439
4,650,2,0.14596835906492298,0.3780487804878049,0.6341463414634146,0.3902439024390244,0.7439024390243902,0.4634146341463415,0.47560975609756095,0.47560975609756095,0.21951219512195122,0.47560975609756095,0.524390243902439,0.7439024390243902,0.8414634146341463,0.5609756097560976,0.573170731707317,0.36585365853658536,0.5975609756097561,0.36585365853658536,0.5853658536585366,0.5,0.5487804878048781,0.32926829268292684,0.32926829268292684,0.5121951219512195,0.45121951219512196,0.2804878048780488,0.7195121951219512,0.4024390243902439,0.6707317073170732,0.4634146341463415,0.3780487804878049
4,650,3,0.15534626109695557,0.5609756097560976,0.4268292682926829,0.7439024390243902,0.5,0.5365853658536586,0.36585365853658536,0.4268292682926829,0.3048780487804878,0.3048780487804878,0.5487804878048781,0.6585365853658537,0.6951219512195121,0.5,0.1951219512195122,0.5121951219512195,0.7073170731707317,0.4878048780487805,0.45121951219512196,0.5975609756097561,0.5121951219512195,0.3170731707317073,0.2073170731707317,0.7317073170731707,0.6829268292682927,0.43902439024390244,0.6951219512195121,0.3902439024390244,0.7317073170731707,0.3902439024390244,0.3780487804878049
4,650,4,0.14965755079651166,0.5365853658536586,0.4146341463414634,0.8170731707317073,0.2804878048780488,0.573170731707317,0.3170731707317073,0.5365853658536586,0.35365853658536583,0.4878048780487805,0.5975609756097561,0.573170731707317,0.6951219512195121,0.47560975609756095,0.25609756097560976,0.4268292682926829,0.4878048780487805,0.3780487804878049,0.3048780487804878,0.5121951219512195,0.5975609756097561,0.5609756097560976,0.4634146341463415,0.7560975609756098,0.8048780487804879,0.34146341463414637,0.4268292682926829,0.4878048780487805,0.7317073170731707,0.35365853658536583,0.45121951219512196
4,650,5,0.13024633839566047,0.5487804878048781,0.36585365853658536,0.7073170731707317,0.43902439024390244,0.4878048780487805,0.5121951219512195,0.43902439024390244,0.5975609756097561,0.5487804878048781,0.5609756097560976,0.6829268292682927,0.3048780487804878,0.4878048780487805,0.3170731707317073,0.47560975609756095,0.35365853658536583,0.4878048780487805,0.573170731707317,0.4024390243902439,0.5,0.7560975609756098,0.47560975609756095,0.524390243902439,0.47560975609756095,0.7560975609756098,0.2804878048780488,0.6463414634146342,0.23170731707317074,0.573170731707317,0.4878048780487805
4,650,6,0.14919308376831358,0.573170731707317,0.36585365853658536,0.34146341463414637,0.573170731707317,0.3780487804878049,0.6219512195121951,0.45121951219512196,0.4024390243902439,0.45121951219512196,0.24390243902439024,0.6707317073170732,0.5365853658536586,0.4146341463414634,0.5975609756097561,0.3780487804878049,0.47560975609756095,0.524390243902439,0.45121951219512196,0.7195121951219512,0.5487804878048781,0.6707317073170732,0.32926829268292684,0.4024390243902439,0.6341463414634146,0.8048780487804879,0.24390243902439024,0.7317073170731707,0.25609756097560976,0.5365853658536586,0.6707317073170732
4,650,7,0.13725156923686285,0.3902439024390244,0.6707317073170732,0.3048780487804878,0.6219512195121951,0.4634146341463415,0.47560975609756095,0.524390243902439,0.2804878048780488,0.4634146341463415,0.2804878048780488,0.2804878048780488,0.6219512195121951,0.6219512195121951,0.5,0.6585365853658537,0.5853658536585366,0.4878048780487805,0.45121951219512196,0.5975609756097561,0.5975609756097561,0.3048780487804878,0.4878048780487805,0.32926829268292684,0.5121951219512195,0.6707317073170732,0.2926829268292683,0.6341463414634146,0.4878048780487805,0.6951219512195121,0.7073170731707317
4,650,8,0.13477311079741203,0.3170731707317073,0.7073170731707317,0.4878048780487805,0.6219512195121951,0.4146341463414634,0.3048780487804878,0.36585365853658536,0.4268292682926829,0.3048780487804878,0.4024390243902439,0.5121951219512195,0.43902439024390244,0.6829268292682927,0.6219512195121951,0.6341463414634146,0.7195121951219512,0.43902439024390244,0.4878048780487805,0.5365853658536586,0.4024390243902439,0.2926829268292683,0.5487804878048781,0.6951219512195121,0.43902439024390244,0.573170731707317,0.3048780487804878,0.6585365853658537,0.6219512195121951,0.6463414634146342,0.3902439024390244
4,650,9,0.1521867831778548,0.4878048780487805,0.6585365853658537,0.5365853658536586,0.5853658536585366,0.5121951219512195,0.32926829268292684,0.5487804878048781,0.4024390243902439,0.5487804878048781,0.7195121951219512,0.3780487804878049,0.3048780487804878,0.573170731707317,0.34146341463414637,0.5,0.7560975609756098,0.6951219512195121,0.4878048780487805,0.2804878048780488,0.5975609756097561,0.3170731707317073,0.573170731707317,0.1951219512195122,0.7926829268292683,0.4268292682926829,0.573170731707317,0.4634146341463415,0.35365853658536583,0.7195121951219512,0.34146341463414637
0,675,0,0.19407748911882863,0.6707317073170732,0.4146341463414634,0.7195121951219512,0.3902439024390244,0.32926829268292684,0.8048780487804879,0.6463414634146342,0.4634146341463415,0.6341463414634146,0.8292682926829268,0.5975609756097561,0.7317073170731707,0.23170731707317074,0.32926829268292684,0.2804878048780488,0.4024390243902439,0.7439024390243902,0.7073170731707317,0.4146341463414634,0.25609756097560976,0.24390243902439024,0.5121951219512195,0.21951219512195122,0.2804878048780488,0.36585365853658536,0.7195121951219512,0.5975609756097561,0.3170731707317073,0.7439024390243902,0.4024390243902439
0,675,1,0.1694785601537101,0.6707317073170732,0.5609756097560976,0.7804878048780488,0.36585365853658536,0.5,0.8170731707317073,0.47560975609756095,0.47560975609756095,0.7195121951219512,0.45121951219512196,0.36585365853658536,0.7560975609756098,0.6463414634146342,0.34146341463414637,0.25609756097560976,0.34146341463414637,0.6463414634146342,0.4878048780487805,0.4024390243902439,0.32926829268292684,0.35365853658536583,0.3048780487804878,0.4634146341463415,0.43902439024390244,0.4878048780487805,0.7439024390243902,0.6707317073170732,0.34146341463414637,0.6341463414634146,0.17073170731707318
0,675,2,0.14049994301673482,0.4024390243902439,0.6341463414634146,0.43902439024390244,0.5487804878048781,0.6463414634146342,0.7682926829268293,0.6463414634146342,0.5,0.6585365853658537,0.5853658536585366,0.3170731707317073,0.34146341463414637,0.5975609756097561,0.43902439024390244,0.4024390243902439,0.5,0.7317073170731707,0.2926829268292683,0.34146341463414637,0.4024390243902439,0.6219512195121951,0.32926829268292684,0.3780487804878049,0.43902439024390244,0.2682926829268293,0.6097560975609756,0.7073170731707317,0.524390243902439,0.35365853658536583,0.573170731707317
0,675,3,0.1455261842944029,0.2804878048780488,0.5487804878048781,0.47560975609756095,0.5121951219512195,0.7439024390243902,0.7804878048780488,0.3902439024390244,0.43902439024390244,0.4634146341463415,0.5121951219512195,0.3170731707317073,0.2804878048780488,0.5121951219512195,0.5487804878048781,0.5121951219512195,0.5121951219512195,0.24390243902439024,0.5975609756097561,0.6097560975609756,0.6707317073170732,0.6097560975609756,0.47560975609756095,0.3902439024390244,0.45121951219512196,0.25609756097560976,0.5853658536585366,0.5,0.6097560975609756,0.35365853658536583,0.8170731707317073
0,675,4,0.14694995445260556,0.23170731707317074,0.3902439024390244,0.4268292682926829,0.45121951219512196,0.5975609756097561,0.6951219512195121,0.4268292682926829,0.45121951219512196,0.36585365853658536,0.6585365853658537,0.6951219512195121,0.573170731707317,0.4634146341463415,0.5,0.35365853658536583,0.5609756097560976,0.35365853658536583,0.6829268292682927,0.573170731707317,0.6219512195121951,0.6707317073170732,0.3780487804878049,0.6097560975609756,0.3048780487804878,0.3048780487804878,0.35365853658536583,0.524390243902439,0.524390243902439,0.3780487804878049,0.8780487804878049
0,675,5,0.15968936730831695,0.6829268292682927,0.4146341463414634,0.36585365853658536,0.8048780487804879,0.43902439024390244,0.4878048780487805,0.573170731707317,0.3048780487804878,0.6219512195121951,0.5975609756097561,0.7926829268292683,0.3780487804878049,0.2682926829268293,0.4634146341463415,0.3170731707317073,0.5,0.35365853658536583,0.7560975609756098,0.35365853658536583,0.573170731707317,0.5121951219512195,0.6707317073170732,0.3902439024390244,0.524390243902439,0.24390243902439024,0.3170731707317073,0.5609756097560976,0.5853658536585366,0.3780487804878049,0.7682926829268293
0,675,6,0.13396143945759417,0.4146341463414634,0.6707317073170732,0.45121951219512196,0.8048780487804879,0.4146341463414634,0.45121951219512196,0.6463414634146342,0.4146341463414634,0.6219512195121951,0.5853658536585366,0.45121951219512196,0.7073170731707317,0.32926829268292684,0.5121951219512195,0.47560975609756095,0.5121951219512195,0.36585365853658536,0.7073170731707317,0.4878048780487805,0.3902439024390244,0.34146341463414637,0.7560975609756098,0.3902439024390244,0.4878048780487805,0.32926829268292684,0.3902439024390244,0.573170731707317,0.5853658536585366,0.4146341463414634,0.3170731707317073
0,675,7,0.15021961581765192,0.24390243902439024,0.4024390243902439,0.573170731707317,0.3780487804878049,0.5853658536585366,0.3048780487804878,0.5487804878048781,0.524390243902439,0.7195121951219512,0.5853658536585366,0.43902439024390244,0.7926829268292683,0.4024390243902439,0.36585365853658536,0.524390243902439,0.4634146341463415,0.5487804878048781,0.25609756097560976,0.5,0.6585365853658537,0.5609756097560976,0.8170731707317073,0.4268292682926829,0.524390243902439,0.6829268292682927,0.3902439024390244,0.2804878048780488,0.35365853658536583,0.7073170731707317,0.43902439024390244
0,675,8,0.14221833889866586,0.4878048780487805,0.3048780487804878,0.7317073170731707,0.25609756097560976,0.5853658536585366,0.36585365853658536,0.3170731707317073,0.4268292682926829,0.5365853658536586,0.4146341463414634,0.23170731707317074,0.7560975609756098,0.524390243902439,0.5,0.5365853658536586,0.4878048780487805,0.7560975609756098,0.6219512195121951,0.5365853658536586,0.43902439024390244,0.45121951219512196,0.6829268292682927,0.36585365853658536,0.47560975609756095,0.5365853658536586,0.35365853658536583,0.4146341463414634,0.6341463414634146,0.7317073170731707,0.5365853658536586
0,675,9,0.15790995609394334,0.43902439024390244,0.43902439024390244,0.8536585365853658,0.2804878048780488,0.6707317073170732,0.3902439024390244,0.45121951219512196,0.34146341463414637,0.5365853658536586,0.4024390243902439,0.3048780487804878,0.6951219512195121,0.3170731707317073,0.5609756097560976,0.5975609756097561,0.36585365853658536,0.6097560975609756,0.7560975609756098,0.36585365853658536,0.43902439024390244,0.5853658536585366,0.4268292682926829,0.6829268292682927,0.5,0.4268292682926829,0.35365853658536583,0.21951219512195122,0.6097560975609756,0.7682926829268293,0.6097560975609756
1,675,0,0.21162431402730467,0.3048780487804878,0.2926829268292683,0.6585365853658537,0.926829268292683,0.4878048780487805,0.4146341463414634,0.6219512195121951,0.2804878048780488,0.3048780487804878,0.6951219512195121,0.3902439024390244,0.7317073170731707,0.7073170731707317,0.1951219512195122,0.3780487804878049,0.8414634146341463,0.4268292682926829,0.3048780487804878,0.2804878048780488,0.7560975609756098,0.3902439024390244,0.6341463414634146,0.7073170731707317,0.926829268292683,0.2804878048780488,0.5487804878048781,0.34146341463414637,0.4146341463414634,0.5365853658536586,0.21951219512195122
1,675,1,0.18945008451595194,0.7439024390243902,0.25609756097560976,0.8658536585365854,0.6707317073170732,0.5121951219512195,0.3170731707317073,0.5975609756097561,0.3780487804878049,0.6463414634146342,0.4878048780487805,0.24390243902439024,0.6219512195121951,0.5487804878048781,0.25609756097560976,0.36585365853658536,0.7195121951219512,0.1951219512195122,0.4146341463414634,0.5,0.6219512195121951,0.1951219512195122,0.47560975609756095,0.4878048780487805,0.8658536585365854,0.3780487804878049,0.5975609756097561,0.3048780487804878,0.7073170731707317,0.6829268292682927,0.34146341463414637
1,675,2,0.18156675962705118,0.7682926829268293,0.4146341463414634,0.8902439024390244,0.6097560975609756,0.7560975609756098,0.3170731707317073,0.4024390243902439,0.5,0.6219512195121951,0.4634146341463415,0.3048780487804878,0.45121951219512196,0.4878048780487805,0.3780487804878049,0.8658536585365854,0.7926829268292683,0.4634146341463415,0.36585365853658536,0.4024390243902439,0.6707317073170732,0.36585365853658536,0.5121951219512195,0.4634146341463415,0.23170731707317074,0.2926829268292683,0.18292682926829268,0.3780487804878049,0.6585365853658537,0.573170731707317,0.4146341463414634
1,675,3,0.1712825029475648,0.8170731707317073,0.7560975609756098,0.36585365853658536,0.6585365853658537,0.7682926829268293,0.5121951219512195,0.3170731707317073,0.524390243902439,0.8536585365853658,0.7317073170731707,0.24390243902439024,0.2682926829268293,0.5365853658536586,0.524390243902439,0.32926829268292684,0.6341463414634146,0.5609756097560976,0.35365853658536583,0.4024390243902439,0.43902439024390244,0.6951219512195121,0.3780487804878049,0.4268292682926829,0.4634146341463415,0.4634146341463415,0.5609756097560976,0.3170731707317073,0.3780487804878049,0.24390243902439024,0.47560975609756095
1,675,4,0.17292436385229812,0.8658536585365854,0.6585365853658537,0.2682926829268293,0.5853658536585366,0.8170731707317073,0.3048780487804878,0.18292682926829268,0.4024390243902439,0.8170731707317073,0.7317073170731707,0.32926829268292684,0.4634146341463415,0.5609756097560976,0.5121951219512195,0.4878048780487805,0.524390243902439,0.5365853658536586,0.4024390243902439,0.4146341463414634,0.5,0.6707317073170732,0.4878048780487805,0.36585365853658536,0.6463414634146342,0.4634146341463415,0.5609756097560976,0.2682926829268293,0.3048780487804878,0.2804878048780488,0.5853658536585366
1,675,5,0.16141845958804193,0.8780487804878049,0.6463414634146342,0.2804878048780488,0.7195121951219512,0.6829268292682927,0.4146341463414634,0.5487804878048781,0.35365853658536583,0.4268292682926829,0.7804878048780488,0.4878048780487805,0.524390243902439,0.4878048780487805,0.4878048780487805,0.4634146341463415,0.35365853658536583,0.4024390243902439,0.6341463414634146,0.4268292682926829,0.36585365853658536,0.6219512195121951,0.3048780487804878,0.35365853658536583,0.5609756097560976,0.34146341463414637,0.6463414634146342,0.7073170731707317,0.5609756097560976,0.17073170731707318,0.36585365853658536
1,675,6,0.15163201016945904,0.5,0.3780487804878049,0.5121951219512195,0.6707317073170732,0.4024390243902439,0.32926829268292684,0.6829268292682927,0.36585365853658536,0.43902439024390244,0.5975609756097561,0.8414634146341463,0.6219512195121951,0.7682926829268293,0.4878048780487805,0.32926829268292684,0.4634146341463415,0.3780487804878049,0.6341463414634146,0.5975609756097561,0.5487804878048781,0.5,0.35365853658536583,0.2804878048780488,0.3902439024390244,0.23170731707317074,0.4634146341463415,0.7804878048780488,0.4268292682926829,0.4024390243902439,0.6219512195121951
1,675,7,0.1668252269752511,0.7317073170731707,0.45121951219512196,0.4634146341463415,0.5487804878048781,0.24390243902439024,0.2804878048780488,0.8048780487804879,0.35365853658536583,0.524390243902439,0.6097560975609756,0.5365853658536586,0.5365853658536586,0.7804878048780488,0.6219512195121951,0.1951219512195122,0.43902439024390244,0.5,0.6097560975609756,0.6463414634146342,0.2682926829268293,0.36585365853658536,0.7073170731707317,0.36585365853658536,0.4024390243902439,0.6707317073170732,0.5487804878048781,0.6585365853658537,0.5365853658536586,0.4146341463414634,0.18292682926829268
1,675,8,0.16750729900842692,0.4878048780487805,0.4634146341463415,0.573170731707317,0.25609756097560976,0.2073170731707317,0.8414634146341463,0.7073170731707317,0.3902439024390244,0.32926829268292684,0.10975609756097561,0.5365853658536586,0.4024390243902439,0.6219512195121951,0.47560975609756095,0.5975609756097561,0.6707317073170732,0.6097560975609756,0.3902439024390244,0.573170731707317,0.3170731707317073,0.36585365853658536,0.573170731707317,0.8292682926829268,0.524390243902439,0.5121951219512195,0.3780487804878049,0.7195121951219512,0.4268292682926829,0.524390243902439,0.5853658536585366
1,675,9,0.15212162077573343,0.43902439024390244,0.4146341463414634,0.7317073170731707,0.3780487804878049,0.32926829268292684,0.7195121951219512,0.4634146341463415,0.43902439024390244,0.35365853658536583,0.4146341463414634,0.5365853658536586,0.3170731707317073,0.6707317073170732,0.5609756097560976,0.5365853658536586,0.6341463414634146,0.43902439024390244,0.24390243902439024,0.5,0.6829268292682927,0.6219512195121951,0.35365853658536583,0.9146341463414634,0.4024390243902439,0.6829268292682927,0.4878048780487805,0.35365853658536583,0.32926829268292684,0.45121951219512196,0.5975609756097561
2,675,0,0.19336095585832774,0.3048780487804878,0.3170731707317073,0.6097560975609756,0.5609756097560976,0.34146341463414637,0.5121951219512195,0.573170731707317,0.2926829268292683,0.6829268292682927,0.45121951219512196,0.7439024390243902,0.2804878048780488,0.24390243902439024,0.4634146341463415,0.7804878048780488,0.6829268292682927,0.2682926829268293,0.1951219512195122,0.7560975609756098,0.7439024390243902,0.524390243902439,0.3902439024390244,0.23170731707317074,0.2682926829268293,0.6219512195121951,0.8414634146341463,0.7682926829268293,0.3902439024390244,0.5853658536585366,0.573170731707317
2,675,1,0.18543002740242162,0.43902439024390244,0.24390243902439024,0.7073170731707317,0.6829268292682927,0.524390243902439,0.4268292682926829,0.35365853658536583,0.34146341463414637,0.7804878048780488,0.36585365853658536,0.5,0.43902439024390244,0.8048780487804879,0.36585365853658536,0.6463414634146342,0.8170731707317073,0.36585365853658536,0.2926829268292683,0.8292682926829268,0.6951219512195121,0.5853658536585366,0.4146341463414634,0.3170731707317073,0.3170731707317073,0.7804878048780488,0.32926829268292684,0.5853658536585366,0.21951219512195122,0.45121951219512196,0.3780487804878049
2,675,2,0.17900954724582616,0.524390243902439,0.23170731707317074,0.7073170731707317,0.35365853658536583,0.5,0.3048780487804878,0.5609756097560976,0.47560975609756095,0.6707317073170732,0.573170731707317,0.1951219512195122,0.524390243902439,0.9146341463414634,0.3170731707317073,0.7073170731707317,0.6463414634146342,0.36585365853658536,0.5121951219512195,0.9146341463414634,0.573170731707317,0.43902439024390244,0.4634146341463415,0.24390243902439024,0.5853658536585366,0.6829268292682927,0.4268292682926829,0.5365853658536586,0.3170731707317073,0.3902439024390244,0.34146341463414637
2,675,3,0.17369667070111391,0.4634146341463415,0.34146341463414637,0.6707317073170732,0.45121951219512196,0.5,0.1951219512195122,0.5487804878048781,0.4878048780487805,0.6951219512195121,0.5609756097560976,0.14634146341463414,0.6097560975609756,0.9146341463414634,0.3902439024390244,0.5609756097560976,0.47560975609756095,0.25609756097560976,0.7926829268292683,0.6829268292682927,0.4024390243902439,0.5,0.24390243902439024,0.3780487804878049,0.5609756097560976,0.573170731707317,0.4146341463414634,0.6707317073170732,0.4146341463414634,0.7195121951219512,0.3780487804878049
2,675,4,0.13638196236648445,0.5,0.5121951219512195,0.6463414634146342,0.4024390243902439,0.6097560975609756,0.34146341463414637,0.4634146341463415,0.4634146341463415,0.47560975609756095,0.6707317073170732,0.24390243902439024,0.6707317073170732,0.7195121951219512,0.5121951219512195,0.36585365853658536,0.524390243902439,0.3170731707317073,0.5975609756097561,0.47560975609756095,0.24390243902439024,0.6829268292682927,0.4878048780487805,0.4268292682926829,0.5975609756097561,0.3170731707317073,0.3170731707317073,0.6829268292682927,0.4634146341463415,0.6463414634146342,0.6219512195121951
2,675,5,0.10490640569564177,0.4146341463414634,0.4146341463414634,0.43902439024390244,0.5365853658536586,0.4634146341463415,0.5975609756097561,0.6341463414634146,0.4268292682926829,0.5,0.524390243902439,0.4268292682926829,0.3902439024390244,0.6707317073170732,0.4878048780487805,0.6585365853658537,0.3170731707317073,0.524390243902439,0.4024390243902439,0.5,0.34146341463414637,0.6585365853658537,0.5609756097560976,0.45121951219512196,0.4878048780487805,0.4024390243902439,0.34146341463414637,0.5365853658536586,0.6951219512195121,0.524390243902439,0.6707317073170732
2,675,6,0.1571547028712247,0.5975609756097561,0.2682926829268293,0.7073170731707317,0.6463414634146342,0.6219512195121951,0.4146341463414634,0.47560975609756095,0.32926829268292684,0.7195121951219512,0.7926829268292683,0.5609756097560976,0.4024390243902439,0.25609756097560976,0.5,0.573170731707317,0.21951219512195122,0.5609756097560976,0.524390243902439,0.5975609756097561,0.3902439024390244,0.524390243902439,0.36585365853658536,0.32926829268292684,0.4268292682926829,0.5,0.7195121951219512,0.25609756097560976,0.6341463414634146,0.36585365853658536,0.7195121951219512
2,675,7,0.147623113974392,0.5487804878048781,0.3048780487804878,0.8048780487804879,0.6463414634146342,0.5365853658536586,0.35365853658536583,0.6341463414634146,0.4146341463414634,0.4878048780487805,0.6341463414634146,0.5853658536585366,0.4024390243902439,0.34146341463414637,0.6707317073170732,0.6707317073170732,0.2682926829268293,0.5365853658536586,0.573170731707317,0.34146341463414637,0.4878048780487805,0.6097560975609756,0.4268292682926829,0.32926829268292684,0.3780487804878049,0.5609756097560976,0.4634146341463415,0.2682926829268293,0.47560975609756095,0.4024390243902439,0.8414634146341463
2,675,8,0.13047450733855614,0.43902439024390244,0.3170731707317073,0.6951219512195121,0.7560975609756098,0.43902439024390244,0.35365853658536583,0.5487804878048781,0.5,0.45121951219512196,0.5487804878048781,0.36585365853658536,0.2682926829268293,0.7195121951219512,0.6707317073170732,0.3902439024390244,0.4024390243902439,0.4024390243902439,0.4878048780487805,0.5,0.573170731707317,0.7073170731707317,0.45121951219512196,0.45121951219512196,0.6707317073170732,0.4024390243902439,0.47560975609756095,0.3048780487804878,0.4878048780487805,0.573170731707317,0.6463414634146342
2,675,9,0.12618661446302887,0.3170731707317073,0.3902439024390244,0.43902439024390244,0.4024390243902439,0.5365853658536586,0.5487804878048781,0.4634146341463415,0.5609756097560976,0.7804878048780488,0.4268292682926829,0.5365853658536586,0.524390243902439,0.5365853658536586,0.6951219512195121,0.3780487804878049,0.6707317073170732,0.4878048780487805,0.524390243902439,0.5,0.3780487804878049,0.7439024390243902,0.2682926829268293,0.5609756097560976,0.5121951219512195,0.3902439024390244,0.6219512195121951,0.3780487804878049,0.43902439024390244,0.6707317073170732,0.3170731707317073
3,675,0,0.19318140727665908,0.3170731707317073,0.4634146341463415,0.4268292682926829,0.5,0.7195121951219512,0.5,0.7804878048780488,0.5121951219512195,0.5975609756097561,0.3048780487804878,0.2682926829268293,0.6707317073170732,0.7073170731707317,0.4146341463414634,0.6341463414634146,0.24390243902439024,0.6341463414634146,0.4268292682926829,0.573170731707317,0.6219512195121951,0.2926829268292683,0.2682926829268293,0.2804878048780488,0.8048780487804879,0.47560975609756095,0.8414634146341463,0.3170731707317073,0.25609756097560976,0.2682926829268293,0.8780487804878049
3,675,1,0.18451881782213403,0.2682926829268293,0.34146341463414637,0.3048780487804878,0.32926829268292684,0.5853658536585366,0.5121951219512195,0.2804878048780488,0.6219512195121951,0.6463414634146342,0.3170731707317073,0.4268292682926829,0.6951219512195121,0.7073170731707317,0.5,0.6829268292682927,0.2926829268292683,0.7560975609756098,0.6463414634146342,0.4024390243902439,0.2804878048780488,0.32926829268292684,0.3780487804878049,0.34146341463414637,0.5,0.8536585365853658,0.8536585365853658,0.4634146341463415,0.3902439024390244,0.4634146341463415,0.8292682926829268
3,675,2,0.15525049641441557,0.4024390243902439,0.4634146341463415,0.2804878048780488,0.34146341463414637,0.5487804878048781,0.3170731707317073,0.3048780487804878,0.43902439024390244,0.3902439024390244,0.6097560975609756,0.6097560975609756,0.7317073170731707,0.7439024390243902,0.7073170731707317,0.3780487804878049,0.4268292682926829,0.6585365853658537,0.2926829268292683,0.6097560975609756,0.36585365853658536,0.32926829268292684,0.35365853658536583,0.6951219512195121,0.5609756097560976,0.7317073170731707,0.5365853658536586,0.7317073170731707,0.6585365853658537,0.4024390243902439,0.3780487804878049
3,675,3,0.17081879312090856,0.4268292682926829,0.2804878048780488,0.36585365853658536,0.3780487804878049,0.34146341463414637,0.4024390243902439,0.3902439024390244,0.45121951219512196,0.8048780487804879,0.7073170731707317,0.5487804878048781,0.5121951219512195,0.7926829268292683,0.8170731707317073,0.2926829268292683,0.6707317073170732,0.4634146341463415,0.3780487804878049,0.47560975609756095,0.3780487804878049,0.3170731707317073,0.43902439024390244,0.8292682926829268,0.43902439024390244,0.8170731707317073,0.4634146341463415,0.5365853658536586,0.573170731707317,0.4268292682926829,0.2804878048780488
3,675,4,0.17876013371418303,0.4268292682926829,0.3780487804878049,0.4146341463414634,0.43902439024390244,0.2804878048780488,0.6463414634146342,0.6585365853658537,0.36585365853658536,0.6097560975609756,0.7560975609756098,0.5121951219512195,0.4024390243902439,0.24390243902439024,0.8048780487804879,0.3170731707317073,0.7682926829268293,0.3170731707317073,0.4024390243902439,0.2804878048780488,0.32926829268292684,0.34146341463414637,0.5609756097560976,0.8292682926829268,0.3780487804878049,0.8048780487804879,0.6097560975609756,0.5609756097560976,0.7439024390243902,0.4634146341463415,0.35365853658536583
3,675,5,0.16027811442586404,0.4634146341463415,0.2804878048780488,0.25609756097560976,0.4024390243902439,0.7439024390243902,0.6097560975609756,0.7195121951219512,0.3048780487804878,0.6097560975609756,0.5121951219512195,0.36585365853658536,0.23170731707317074,0.32926829268292684,0.7195121951219512,0.47560975609756095,0.3902439024390244,0.43902439024390244,0.3780487804878049,0.3902439024390244,0.4024390243902439,0.6219512195121951,0.43902439024390244,0.7073170731707317,0.4878048780487805,0.8536585365853658,0.5121951219512195,0.45121951219512196,0.6707317073170732,0.7073170731707317,0.524390243902439
3,675,6,0.14000509891284063,0.4878048780487805,0.21951219512195122,0.3902439024390244,0.6097560975609756,0.5975609756097561,0.4878048780487805,0.5609756097560976,0.4146341463414634,0.45121951219512196,0.36585365853658536,0.5609756097560976,0.6341463414634146,0.36585365853658536,0.3902439024390244,0.35365853658536583,0.36585365853658536,0.5121951219512195,0.5121951219512195,0.6463414634146342,0.3780487804878049,0.6463414634146342,0.3170731707317073,0.5609756097560976,0.5609756097560976,0.6341463414634146,0.2682926829268293,0.8536585365853658,0.5609756097560976,0.7195121951219512,0.573170731707317
3,675,7,0.13681745670219594,0.36585365853658536,0.32926829268292684,0.5975609756097561,0.47560975609756095,0.4634146341463415,0.524390243902439,0.4268292682926829,0.5121951219512195,0.5487804878048781,0.45121951219512196,0.3048780487804878,0.6219512195121951,0.6341463414634146,0.35365853658536583,0.4024390243902439,0.4878048780487805,0.47560975609756095,0.573170731707317,0.6463414634146342,0.7073170731707317,0.5,0.5487804878048781,0.17073170731707318,0.6463414634146342,0.4878048780487805,0.34146341463414637,0.7926829268292683,0.4146341463414634,0.7560975609756098,0.43902439024390244
3,675,8,0.15425744683748194,0.4878048780487805,0.573170731707317,0.3780487804878049,0.34146341463414637,0.21951219512195122,0.21951219512195122,0.4878048780487805,0.524390243902439,0.5,0.6707317073170732,0.5487804878048781,0.6707317073170732,0.6829268292682927,0.45121951219512196,0.3780487804878049,0.5609756097560976,0.4268292682926829,0.4878048780487805,0.35365853658536583,0.6585365853658537,0.5121951219512195,0.7804878048780488,0.32926829268292684,0.43902439024390244,0.5487804878048781,0.2682926829268293,0.8902439024390244,0.43902439024390244,0.5365853658536586,0.6341463414634146
3,675,9,0.12504213051657642,0.6707317073170732,0.524390243902439,0.2682926829268293,0.4634146341463415,0.5609756097560976,0.45121951219512196,0.6707317073170732,0.4878048780487805,0.24390243902439024,0.7073170731707317,0.47560975609756095,0.5975609756097561,0.18292682926829268,0.4146341463414634,0.4268292682926829,0.5853658536585366,0.3902439024390244,0.6097560975609756,0.43902439024390244,0.4634146341463415,0.6097560975609756,0.5365853658536586,0.47560975609756095,0.5609756097560976,0.6829268292682927,0.4268292682926829,0.5,0.5853658536585366,0.5853658536585366,0.4024390243902439
4,675,0,0.14144939655804456,0.3048780487804878,0.35365853658536583,0.6829268292682927,0.4146341463414634,0.5487804878048781,0.4878048780487805,0.45121951219512196,0.7439024390243902,0.8048780487804879,0.47560975609756095,0.4146341463414634,0.4024390243902439,0.7073170731707317,0.3170731707317073,0.4146341463414634,0.3780487804878049,0.7317073170731707,0.524390243902439,0.47560975609756095,0.5609756097560976,0.3170731707317073,0.6585365853658537,0.5609756097560976,0.7073170731707317,0.4878048780487805,0.4268292682926829,0.3780487804878049,0.34146341463414637,0.5487804878048781,0.3780487804878049
4,675,1,0.15176272744388075,0.45121951219512196,0.5365853658536586,0.6585365853658537,0.32926829268292684,0.4634146341463415,0.3048780487804878,0.4634146341463415,0.7926829268292683,0.6585365853658537,0.6707317073170732,0.3902439024390244,0.4146341463414634,0.524390243902439,0.6097560975609756,0.35365853658536583,0.7073170731707317,0.5,0.45121951219512196,0.45121951219512196,0.2926829268292683,0.7439024390243902,0.5487804878048781,0.5121951219512195,0.3902439024390244,0.25609756097560976,0.3170731707317073,0.3902439024390244,0.7195121951219512,0.35365853658536583,0.7439024390243902
4,675,2,0.14353680985815243,0.45121951219512196,0.5609756097560976,0.6219512195121951,0.45121951219512196,0.47560975609756095,0.3048780487804878,0.35365853658536583,0.7804878048780488,0.5975609756097561,0.6341463414634146,0.2926829268292683,0.36585365853658536,0.4146341463414634,0.45121951219512196,0.4268292682926829,0.7073170731707317,0.5609756097560976,0.4146341463414634,0.4024390243902439,0.32926829268292684,0.6219512195121951,0.43902439024390244,0.35365853658536583,0.43902439024390244,0.573170731707317,0.5,0.2926829268292683,0.6951219512195121,0.8170731707317073,0.6707317073170732
4,675,3,0.15499483465771713,0.5609756097560976,0.5853658536585366,0.5121951219512195,0.573170731707317,0.4146341463414634,0.36585365853658536,0.4878048780487805,0.5487804878048781,0.6463414634146342,0.34146341463414637,0.24390243902439024,0.21951219512195122,0.5121951219512195,0.5,0.3902439024390244,0.6097560975609756,0.4146341463414634,0.5487804878048781,0.34146341463414637,0.5,0.7926829268292683,0.3780487804878049,0.6097560975609756,0.3048780487804878,0.5609756097560976,0.6707317073170732,0.2804878048780488,0.4634146341463415,0.8048780487804879,0.8170731707317073
4,675,4,0.15428958045866945,0.45121951219512196,0.4146341463414634,0.2682926829268293,0.5121951219512195,0.3170731707317073,0.6585365853658537,0.4634146341463415,0.36585365853658536,0.5,0.47560975609756095,0.3048780487804878,0.4268292682926829,0.4268292682926829,0.5487804878048781,0.6951219512195121,0.5365853658536586,0.35365853658536583,0.6951219512195121,0.3170731707317073,0.5487804878048781,0.8414634146341463,0.2926829268292683,0.5121951219512195,0.4634146341463415,0.5487804878048781,0.6707317073170732,0.3170731707317073,0.5121951219512195,0.7439024390243902,0.8170731707317073
4,675,5,0.1650025988414422,0.5,0.43902439024390244,0.47560975609756095,0.45121951219512196,0.3780487804878049,0.6341463414634146,0.23170731707317074,0.4634146341463415,0.524390243902439,0.14634146341463414,0.7439024390243902,0.524390243902439,0.5365853658536586,0.3902439024390244,0.8170731707317073,0.4024390243902439,0.4634146341463415,0.6585365853658537,0.6463414634146342,0.3170731707317073,0.8048780487804879,0.3780487804878049,0.4146341463414634,0.5975609756097561,0.5365853658536586,0.7073170731707317,0.2926829268292683,0.3170731707317073,0.7560975609756098,0.45121951219512196
4,675,6,0.14395066024085995,0.2926829268292683,0.43902439024390244,0.5609756097560976,0.35365853658536583,0.4146341463414634,0.5853658536585366,0.35365853658536583,0.5487804878048781,0.47560975609756095,0.5121951219512195,0.8414634146341463,0.5609756097560976,0.573170731707317,0.6829268292682927,0.8048780487804879,0.2926829268292683,0.4024390243902439,0.6951219512195121,0.5487804878048781,0.3902439024390244,0.6707317073170732,0.6219512195121951,0.35365853658536583,0.4878048780487805,0.47560975609756095,0.3902439024390244,0.3170731707317073,0.5975609756097561,0.4146341463414634,0.34146341463414637
4,675,7,0.1591607475646495,0.5365853658536586,0.524390243902439,0.5609756097560976,0.35365853658536583,0.4634146341463415,0.4146341463414634,0.3902439024390244,0.5121951219512195,0.3170731707317073,0.3780487804878049,0.8780487804878049,0.3902439024390244,0.5853658536585366,0.6707317073170732,0.6097560975609756,0.3780487804878049,0.5609756097560976,0.7682926829268293,0.4878048780487805,0.25609756097560976,0.5121951219512195,0.7560975609756098,0.24390243902439024,0.6951219512195121,0.4268292682926829,0.3048780487804878,0.6829268292682927,0.5609756097560976,0.25609756097560976,0.524390243902439
4,675,8,0.14405393706407515,0.5609756097560976,0.3902439024390244,0.5487804878048781,0.4146341463414634,0.5121951219512195,0.5853658536585366,0.7804878048780488,0.6219512195121951,0.43902439024390244,0.4146341463414634,0.7804878048780488,0.34146341463414637,0.524390243902439,0.23170731707317074,0.36585365853658536,0.5609756097560976,0.5853658536585366,0.7926829268292683,0.4878048780487805,0.25609756097560976,0.524390243902439,0.5609756097560976,0.4634146341463415,0.4146341463414634,0.5975609756097561,0.32926829268292684,0.5487804878048781,0.6219512195121951,0.5,0.24390243902439024
4,675,9,0.126108017996691,0.43902439024390244,0.4878048780487805,0.4146341463414634,0.5609756097560976,0.5487804878048781,0.6463414634146342,0.7073170731707317,0.32926829268292684,0.45121951219512196,0.36585365853658536,0.3902439024390244,0.5,0.4268292682926829,0.5853658536585366,0.36585365853658536,0.4634146341463415,0.43902439024390244,0.7804878048780488,0.35365853658536583,0.524390243902439,0.24390243902439024,0.6829268292682927,0.6707317073170732,0.5121951219512195,0.34146341463414637,0.5609756097560976,0.43902439024390244,0.5121951219512195,0.6707317073170732,0.5853658536585366
0,700,0,0.18003128377318653,0.6463414634146342,0.2682926829268293,0.6707317073170732,0.34146341463414637,0.15853658536585366,0.4146341463414634,0.32926829268292684,0.43902439024390244,0.43902439024390244,0.573170731707317,0.4878048780487805,0.6829268292682927,0.8780487804878049,0.8414634146341463,0.7073170731707317,0.7439024390243902,0.3902439024390244,0.3170731707317073,0.3048780487804878,0.573170731707317,0.32926829268292684,0.6585365853658537,0.4634146341463415,0.3170731707317073,0.6097560975609756,0.6097560975609756,0.34146341463414637,0.6707317073170732,0.35365853658536583,0.43902439024390244
0,700,1,0.17041201195095465,0.7804878048780488,0.2682926829268293,0.7560975609756098,0.47560975609756095,0.36585365853658536,0.2926829268292683,0.3902439024390244,0.6097560975609756,0.36585365853658536,0.45121951219512196,0.3902439024390244,0.7195121951219512,0.7073170731707317,0.7926829268292683,0.43902439024390244,0.7439024390243902,0.2926829268292683,0.32926829268292684,0.4634146341463415,0.6585365853658537,0.4634146341463415,0.524390243902439,0.4146341463414634,0.3170731707317073,0.6463414634146342,0.7804878048780488,0.32926829268292684,0.524390243902439,0.3780487804878049,0.32926829268292684
0,700,2,0.16147987045561954,0.4146341463414634,0.5365853658536586,0.5365853658536586,0.6219512195121951,0.7317073170731707,0.4878048780487805,0.5975609756097561,0.6707317073170732,0.5609756097560976,0.2804878048780488,0.43902439024390244,0.5365853658536586,0.3048780487804878,0.43902439024390244,0.35365853658536583,0.34146341463414637,0.4268292682926829,0.24390243902439024,0.6951219512195121,0.6585365853658537,0.6463414634146342,0.6341463414634146,0.32926829268292684,0.34146341463414637,0.7804878048780488,0.8658536585365854,0.4024390243902439,0.4878048780487805,0.35365853658536583,0.2804878048780488
0,700,3,0.15367789270266696,0.5121951219512195,0.7804878048780488,0.5975609756097561,0.4634146341463415,0.7926829268292683,0.2682926829268293,0.5853658536585366,0.6707317073170732,0.4878048780487805,0.3048780487804878,0.4878048780487805,0.23170731707317074,0.36585365853658536,0.5365853658536586,0.45121951219512196,0.45121951219512196,0.4878048780487805,0.3048780487804878,0.7560975609756098,0.2926829268292683,0.5853658536585366,0.6829268292682927,0.4146341463414634,0.32926829268292684,0.6829268292682927,0.573170731707317,0.5365853658536586,0.6097560975609756,0.34146341463414637,0.4146341463414634
0,700,4,0.1507795856288092,0.45121951219512196,0.6341463414634146,0.4878048780487805,0.6951219512195121,0.8536585365853658,0.2926829268292683,0.6097560975609756,0.5975609756097561,0.5,0.3902439024390244,0.4146341463414634,0.35365853658536583,0.4024390243902439,0.23170731707317074,0.5853658536585366,0.3048780487804878,0.5121951219512195,0.524390243902439,0.7926829268292683,0.2804878048780488,0.6585365853658537,0.6341463414634146,0.6097560975609756,0.3780487804878049,0.45121951219512196,0.47560975609756095,0.6341463414634146,0.4878048780487805,0.3048780487804878,0.45121951219512196
0,700,5,0.13469952459984466,0.3170731707317073,0.5853658536585366,0.6341463414634146,0.6097560975609756,0.3048780487804878,0.6341463414634146,0.6341463414634146,0.47560975609756095,0.3170731707317073,0.43902439024390244,0.47560975609756095,0.3048780487804878,0.5121951219512195,0.47560975609756095,0.47560975609756095,0.5853658536585366,0.524390243902439,0.36585365853658536,0.524390243902439,0.3902439024390244,0.9146341463414634,0.6219512195121951,0.4634146341463415,0.4146341463414634,0.43902439024390244,0.34146341463414637,0.6097560975609756,0.5365853658536586,0.3902439024390244,0.6829268292682927
0,700,6,0.141519473053083,0.3780487804878049,0.5975609756097561,0.6341463414634146,0.45121951219512196,0.36585365853658536,0.5853658536585366,0.3780487804878049,0.43902439024390244,0.6219512195121951,0.8292682926829268,0.3902439024390244,0.5121951219512195,0.34146341463414637,0.4024390243902439,0.5609756097560976,0.4634146341463415,0.45121951219512196,0.4878048780487805,0.5121951219512195,0.5,0.43902439024390244,0.3048780487804878,0.5,0.6585365853658537,0.5,0.9390243902439024,0.573170731707317,0.24390243902439024,0.5,0.43902439024390244
0,700,7,0.17989355038620267,0.43902439024390244,0.5853658536585366,0.7682926829268293,0.5365853658536586,0.6219512195121951,0.6707317073170732,0.25609756097560976,0.34146341463414637,0.6097560975609756,0.8658536585365854,0.45121951219512196,0.23170731707317074,0.4024390243902439,0.43902439024390244,0.34146341463414637,0.5609756097560976,0.21951219512195122,0.2926829268292683,0.23170731707317074,0.524390243902439,0.34146341463414637,0.7804878048780488,0.45121951219512196,0.7804878048780488,0.5,0.7926829268292683,0.4146341463414634,0.4268292682926829,0.4878048780487805,0.6341463414634146
0,700,8,0.1422531920639725,0.2804878048780488,0.5,0.4268292682926829,0.4146341463414634,0.6707317073170732,0.6341463414634146,0.3170731707317073,0.3780487804878049,0.6097560975609756,0.7560975609756098,0.35365853658536583,0.4634146341463415,0.43902439024390244,0.524390243902439,0.4146341463414634,0.3170731707317073,0.4634146341463415,0.6951219512195121,0.43902439024390244,0.6097560975609756,0.43902439024390244,0.6585365853658537,0.34146341463414637,0.7804878048780488,0.3902439024390244,0.6585365853658537,0.2926829268292683,0.4878048780487805,0.5609756097560976,0.6829268292682927
0,700,9,0.14708483282377396,0.5121951219512195,0.3170731707317073,0.2804878048780488,0.573170731707317,0.4146341463414634,0.3902439024390244,0.4634146341463415,0.6219512195121951,0.6219512195121951,0.6463414634146342,0.3780487804878049,0.7682926829268293,0.45121951219512196,0.3170731707317073,0.5609756097560976,0.34146341463414637,0.524390243902439,0.5853658536585366,0.6463414634146342,0.25609756097560976,0.524390243902439,0.8780487804878049,0.34146341463414637,0.6585365853658537,0.43902439024390244,0.5121951219512195,0.3170731707317073,0.5,0.6341463414634146,0.524390243902439
1,700,0,0.1793691989667497,0.7439024390243902,0.8902439024390244,0.5853658536585366,0.25609756097560976,0.2682926829268293,0.4146341463414634,0.4024390243902439,0.47560975609756095,0.8170731707317073,0.5,0.3170731707317073,0.2804878048780488,0.7195121951219512,0.8658536585365854,0.4024390243902439,0.2926829268292683,0.4268292682926829,0.2926829268292683,0.3902439024390244,0.5,0.47560975609756095,0.6341463414634146,0.43902439024390244,0.6585365853658537,0.6829268292682927,0.4634146341463415,0.6219512195121951,0.34146341463414637,0.3780487804878049,0.4634146341463415
1,700,1,0.1834680340877522,0.8414634146341463,0.8780487804878049,0.4634146341463415,0.3170731707317073,0.5121951219512195,0.36585365853658536,0.2926829268292683,0.43902439024390244,0.6463414634146342,0.6097560975609756,0.32926829268292684,0.4878048780487805,0.8048780487804879,0.9146341463414634,0.34146341463414637,0.4146341463414634,0.47560975609756095,0.5853658536585366,0.6463414634146342,0.4146341463414634,0.34146341463414637,0.524390243902439,0.3170731707317073,0.7073170731707317,0.3902439024390244,0.5853658536585366,0.3902439024390244,0.21951219512195122,0.43902439024390244,0.3048780487804878
1,700,2,0.15133748348769338,0.7804878048780488,0.32926829268292684,0.2682926829268293,0.4146341463414634,0.5609756097560976,0.4024390243902439,0.7804878048780488,0.4146341463414634,0.5609756097560976,0.5487804878048781,0.5975609756097561,0.6219512195121951,0.573170731707317,0.8048780487804879,0.36585365853658536,0.4268292682926829,0.2682926829268293,0.6707317073170732,0.7439024390243902,0.3048780487804878,0.3902439024390244,0.4878048780487805,0.5121951219512195,0.6097560975609756,0.36585365853658536,0.5,0.3048780487804878,0.4268292682926829,0.4878048780487805,0.47560975609756095
1,700,3,0.1755419923458203,0.524390243902439,0.2073170731707317,0.5975609756097561,0.3902439024390244,0.6463414634146342,0.4146341463414634,0.8048780487804879,0.3780487804878049,0.4024390243902439,0.7073170731707317,0.5975609756097561,0.7073170731707317,0.8048780487804879,0.5975609756097561,0.35365853658536583,0.3048780487804878,0.3048780487804878,0.5853658536585366,0.8170731707317073,0.4878048780487805,0.36585365853658536,0.18292682926829268,0.5609756097560976,0.3902439024390244,0.7439024390243902,0.35365853658536583,0.5975609756097561,0.4024390243902439,0.32926829268292684,0.43902439024390244
1,700,4,0.1631292253405934,0.524390243902439,0.25609756097560976,0.47560975609756095,0.6829268292682927,0.5609756097560976,0.5121951219512195,0.8048780487804879,0.3902439024390244,0.4634146341463415,0.32926829268292684,0.5365853658536586,0.5365853658536586,0.7926829268292683,0.5609756097560976,0.24390243902439024,0.4268292682926829,0.7195121951219512,0.6219512195121951,0.5975609756097561,0.5853658536585366,0.36585365853658536,0.25609756097560976,0.4146341463414634,0.2804878048780488,0.6341463414634146,0.2682926829268293,0.7439024390243902,0.6219512195121951,0.5,0.2926829268292683
1,700,5,0.15803548072115267,0.1951219512195122,0.4878048780487805,0.5,0.6951219512195121,0.524390243902439,0.3048780487804878,0.8780487804878049,0.43902439024390244,0.524390243902439,0.3780487804878049,0.7682926829268293,0.43902439024390244,0.6585365853658537,0.3902439024390244,0.5,0.3780487804878049,0.5853658536585366,0.4634146341463415,0.36585365853658536,0.6219512195121951,0.6219512195121951,0.2926829268292683,0.5,0.25609756097560976,0.573170731707317,0.5365853658536586,0.6341463414634146,0.6951219512195121,0.5487804878048781,0.24390243902439024
1,700,6,0.15595140515360323,0.25609756097560976,0.6219512195121951,0.5,0.3902439024390244,0.3780487804878049,0.5853658536585366,0.36585365853658536,0.8414634146341463,0.4268292682926829,0.7317073170731707,0.5975609756097561,0.43902439024390244,0.573170731707317,0.5487804878048781,0.36585365853658536,0.524390243902439,0.5487804878048781,0.3048780487804878,0.2804878048780488,0.36585365853658536,0.573170731707317,0.6585365853658537,0.4146341463414634,0.7195121951219512,0.32926829268292684,0.6219512195121951,0.7195121951219512,0.5975609756097561,0.524390243902439,0.1951219512195122
1,700,7,0.16049447684255708,0.5365853658536586,0.34146341463414637,0.3170731707317073,0.1951219512195122,0.24390243902439024,0.4878048780487805,0.6585365853658537,0.5609756097560976,0.7073170731707317,0.6585365853658537,0.3780487804878049,0.573170731707317,0.8048780487804879,0.47560975609756095,0.6341463414634146,0.3170731707317073,0.4878048780487805,0.43902439024390244,0.7317073170731707,0.3048780487804878,0.5975609756097561,0.7195121951219512,0.32926829268292684,0.6097560975609756,0.2926829268292683,0.6707317073170732,0.6097560975609756,0.45121951219512196,0.4634146341463415,0.4024390243902439
1,700,8,0.15091104126461422,0.4878048780487805,0.4634146341463415,0.4146341463414634,0.36585365853658536,0.24390243902439024,0.4146341463414634,0.5365853658536586,0.6463414634146342,0.6341463414634146,0.7926829268292683,0.4634146341463415,0.573170731707317,0.8536585365853658,0.47560975609756095,0.36585365853658536,0.6829268292682927,0.4634146341463415,0.34146341463414637,0.6463414634146342,0.36585365853658536,0.524390243902439,0.4878048780487805,0.3048780487804878,0.7560975609756098,0.4146341463414634,0.5975609756097561,0.573170731707317,0.35365853658536583,0.5,0.25609756097560976
1,700,9,0.1397924866429961,0.5,0.5121951219512195,0.4024390243902439,0.4878048780487805,0.4634146341463415,0.4024390243902439,0.7682926829268293,0.3048780487804878,0.4634146341463415,0.6219512195121951,0.5,0.5609756097560976,0.8292682926829268,0.7439024390243902,0.25609756097560976,0.6829268292682927,0.47560975609756095,0.2804878048780488,0.5121951219512195,0.4024390243902439,0.5365853658536586,0.524390243902439,0.45121951219512196,0.7073170731707317,0.34146341463414637,0.4634146341463415,0.32926829268292684,0.4024390243902439,0.5609756097560976,0.5121951219512195
2,700,0,0.19451123938904277,0.7317073170731707,0.4024390243902439,0.5,0.4146341463414634,0.3048780487804878,0.35365853658536583,0.34146341463414637,0.2682926829268293,0.4024390243902439,0.4024390243902439,0.3780487804878049,0.9878048780487805,0.47560975609756095,0.6341463414634146,0.7926829268292683,0.34146341463414637,0.7439024390243902,0.4146341463414634,0.524390243902439,0.2682926829268293,0.8414634146341463,0.2804878048780488,0.4268292682926829,0.2804878048780488,0.6951219512195121,0.4146341463414634,0.6829268292682927,0.6097560975609756,0.32926829268292684,0.7560975609756098
2,700,1,0.176920357811446,0.6463414634146342,0.4634146341463415,0.4024390243902439,0.34146341463414637,0.4146341463414634,0.2682926829268293,0.6463414634146342,0.5365853658536586,0.4634146341463415,0.17073170731707318,0.2926829268292683,1.0,0.35365853658536583,0.524390243902439,0.6585365853658537,0.4268292682926829,0.573170731707317,0.47560975609756095,0.5609756097560976,0.3048780487804878,0.8902439024390244,0.36585365853658536,0.3780487804878049,0.4268292682926829,0.6585365853658537,0.5,0.6951219512195121,0.6829268292682927,0.4268292682926829,0.45121951219512196
2,700,2,0.1841961382085786,0.4878048780487805,0.7926829268292683,0.4024390243902439,0.2926829268292683,0.35365853658536583,0.4878048780487805,0.8780487804878049,0.524390243902439,0.45121951219512196,0.6585365853658537,0.4268292682926829,0.6097560975609756,0.2804878048780488,0.36585365853658536,0.25609756097560976,0.3780487804878049,0.5853658536585366,0.2804878048780488,0.32926829268292684,0.6341463414634146,0.8780487804878049,0.36585365853658536,0.7195121951219512,0.5853658536585366,0.6707317073170732,0.14634146341463414,0.5853658536585366,0.6707317073170732,0.5365853658536586,0.36585365853658536
2,700,3,0.18882102881843732,0.4024390243902439,0.2682926829268293,0.2073170731707317,0.2804878048780488,0.3048780487804878,0.6219512195121951,0.7682926829268293,0.5609756097560976,0.5121951219512195,0.9512195121951219,0.3902439024390244,0.5487804878048781,0.5121951219512195,0.45121951219512196,0.2682926829268293,0.4634146341463415,0.4634146341463415,0.3170731707317073,0.4268292682926829,0.573170731707317,0.4878048780487805,0.4146341463414634,0.8658536585365854,0.6585365853658537,0.6219512195121951,0.2926829268292683,0.4634146341463415,0.32926829268292684,0.8292682926829268,0.7439024390243902
2,700,4,0.15987552167574812,0.4634146341463415,0.34146341463414637,0.6585365853658537,0.18292682926829268,0.2682926829268293,0.4878048780487805,0.5853658536585366,0.5975609756097561,0.34146341463414637,0.9634146341463414,0.45121951219512196,0.4878048780487805,0.5,0.5,0.5121951219512195,0.35365853658536583,0.36585365853658536,0.5,0.47560975609756095,0.2682926829268293,0.5853658536585366,0.4024390243902439,0.7317073170731707,0.6463414634146342,0.5487804878048781,0.5853658536585366,0.5609756097560976,0.32926829268292684,0.7682926829268293,0.5365853658536586
2,700,5,0.16209269949086902,0.6829268292682927,0.24390243902439024,0.7195121951219512,0.45121951219512196,0.5121951219512195,0.47560975609756095,0.6341463414634146,0.25609756097560976,0.4024390243902439,0.9024390243902439,0.7195121951219512,0.34146341463414637,0.5487804878048781,0.4634146341463415,0.6463414634146342,0.25609756097560976,0.25609756097560976,0.6829268292682927,0.4024390243902439,0.43902439024390244,0.6341463414634146,0.3780487804878049,0.5121951219512195,0.36585365853658536,0.36585365853658536,0.573170731707317,0.5853658536585366,0.4146341463414634,0.45121951219512196,0.6829268292682927
2,700,6,0.15422530652109234,0.6829268292682927,0.5487804878048781,0.4146341463414634,0.3780487804878049,0.6341463414634146,0.3048780487804878,0.6219512195121951,0.24390243902439024,0.4878048780487805,0.7804878048780488,0.5975609756097561,0.8048780487804879,0.3170731707317073,0.21951219512195122,0.6341463414634146,0.4268292682926829,0.3902439024390244,0.6219512195121951,0.5609756097560976,0.4146341463414634,0.6585365853658537,0.35365853658536583,0.5121951219512195,0.6707317073170732,0.573170731707317,0.45121951219512196,0.34146341463414637,0.6219512195121951,0.3170731707317073,0.4146341463414634
2,700,7,0.14158951486536578,0.5487804878048781,0.3902439024390244,0.5853658536585366,0.43902439024390244,0.5487804878048781,0.4024390243902439,0.3902439024390244,0.17073170731707318,0.5487804878048781,0.35365853658536583,0.47560975609756095,0.8048780487804879,0.6219512195121951,0.5853658536585366,0.7439024390243902,0.32926829268292684,0.5,0.3170731707317073,0.8414634146341463,0.5121951219512195,0.3902439024390244,0.5,0.3048780487804878,0.5365853658536586,0.5487804878048781,0.5365853658536586,0.47560975609756095,0.5975609756097561,0.5,0.5
2,700,8,0.1335537539544293,0.7073170731707317,0.47560975609756095,0.573170731707317,0.4634146341463415,0.3170731707317073,0.5121951219512195,0.6463414634146342,0.47560975609756095,0.2682926829268293,0.5121951219512195,0.25609756097560976,0.5365853658536586,0.6097560975609756,0.5609756097560976,0.34146341463414637,0.5853658536585366,0.5365853658536586,0.5853658536585366,0.5365853658536586,0.7439024390243902,0.25609756097560976,0.5975609756097561,0.4268292682926829,0.4268292682926829,0.5121951219512195,0.34146341463414637,0.4146341463414634,0.4268292682926829,0.5853658536585366,0.7682926829268293
2,700,9,0.16738887743193648,0.24390243902439024,0.4146341463414634,0.4878048780487805,0.3780487804878049,0.5609756097560976,0.3780487804878049,0.3902439024390244,0.6829268292682927,0.6463414634146342,0.4878048780487805,0.2682926829268293,0.5975609756097561,0.5121951219512195,0.2682926829268293,0.5609756097560976,0.6341463414634146,0.6707317073170732,0.24390243902439024,0.4146341463414634,0.3170731707317073,0.3170731707317073,0.6951219512195121,0.8292682926829268,0.4878048780487805,0.5,0.2804878048780488,0.6219512195121951,0.6097560975609756,0.6707317073170732,0.8292682926829268
3,700,0,0.18734501824069774,0.7804878048780488,0.6219512195121951,0.524390243902439,0.8780487804878049,0.3048780487804878,0.5609756097560976,0.6463414634146342,0.15853658536585366,0.3170731707317073,0.7560975609756098,0.36585365853658536,0.6097560975609756,0.34146341463414637,0.6341463414634146,0.5975609756097561,0.4268292682926829,0.35365853658536583,0.8658536585365854,0.24390243902439024,0.3780487804878049,0.5121951219512195,0.4878048780487805,0.36585365853658536,0.3048780487804878,0.2926829268292683,0.6707317073170732,0.35365853658536583,0.36585365853658536,0.5853658536585366,0.6951219512195121
3,700,1,0.15322561287011052,0.6341463414634146,0.6097560975609756,0.5853658536585366,0.7073170731707317,0.25609756097560976,0.7073170731707317,0.8048780487804879,0.25609756097560976,0.4146341463414634,0.32926829268292684,0.7195121951219512,0.524390243902439,0.4146341463414634,0.32926829268292684,0.7073170731707317,0.3902439024390244,0.2926829268292683,0.6829268292682927,0.5609756097560976,0.34146341463414637,0.5487804878048781,0.5365853658536586,0.36585365853658536,0.43902439024390244,0.4024390243902439,0.6829268292682927,0.4024390243902439,0.4146341463414634,0.47560975609756095,0.4634146341463415
3,700,2,0.1385815225412368,0.47560975609756095,0.5609756097560976,0.5121951219512195,0.5,0.2926829268292683,0.6463414634146342,0.5487804878048781,0.5487804878048781,0.4024390243902439,0.4634146341463415,0.7317073170731707,0.6829268292682927,0.35365853658536583,0.2926829268292683,0.6463414634146342,0.36585365853658536,0.35365853658536583,0.7073170731707317,0.5,0.4634146341463415,0.5853658536585366,0.524390243902439,0.5,0.36585365853658536,0.3780487804878049,0.8292682926829268,0.2682926829268293,0.4268292682926829,0.4268292682926829,0.6463414634146342
3,700,3,0.15617376188860607,0.43902439024390244,0.2682926829268293,0.4146341463414634,0.2682926829268293,0.47560975609756095,0.573170731707317,0.4878048780487805,0.5487804878048781,0.7439024390243902,0.6097560975609756,0.7073170731707317,0.4634146341463415,0.6585365853658537,0.35365853658536583,0.3170731707317073,0.4024390243902439,0.45121951219512196,0.6707317073170732,0.5487804878048781,0.6829268292682927,0.3902439024390244,0.36585365853658536,0.5121951219512195,0.4024390243902439,0.3048780487804878,0.8658536585365854,0.3780487804878049,0.6707317073170732,0.3170731707317073,0.7073170731707317
3,700,4,0.17554199234582032,0.3048780487804878,0.34146341463414637,0.4634146341463415,0.47560975609756095,0.7195121951219512,0.45121951219512196,0.0975609756097561,0.6585365853658537,0.7926829268292683,0.6463414634146342,0.8536585365853658,0.5,0.5609756097560976,0.34146341463414637,0.4024390243902439,0.43902439024390244,0.4634146341463415,0.5365853658536586,0.6585365853658537,0.4146341463414634,0.3170731707317073,0.3048780487804878,0.4878048780487805,0.5121951219512195,0.3780487804878049,0.7926829268292683,0.4268292682926829,0.6463414634146342,0.2682926829268293,0.7439024390243902
3,700,5,0.18110200919778588,0.2804878048780488,0.4146341463414634,0.3048780487804878,0.43902439024390244,0.8536585365853658,0.3048780487804878,0.1951219512195122,0.8170731707317073,0.7682926829268293,0.4634146341463415,0.6829268292682927,0.4146341463414634,0.6219512195121951,0.6097560975609756,0.45121951219512196,0.5853658536585366,0.4878048780487805,0.47560975609756095,0.8170731707317073,0.524390243902439,0.2926829268292683,0.6585365853658537,0.4634146341463415,0.4024390243902439,0.4146341463414634,0.2682926829268293,0.45121951219512196,0.5609756097560976,0.23170731707317074,0.7439024390243902
3,700,6,0.14141434528838037,0.4634146341463415,0.573170731707317,0.3780487804878049,0.4268292682926829,0.6341463414634146,0.36585365853658536,0.4268292682926829,0.5121951219512195,0.8902439024390244,0.34146341463414637,0.4024390243902439,0.6219512195121951,0.6951219512195121,0.7073170731707317,0.5853658536585366,0.7317073170731707,0.4024390243902439,0.35365853658536583,0.35365853658536583,0.524390243902439,0.3170731707317073,0.5975609756097561,0.35365853658536583,0.524390243902439,0.6341463414634146,0.4024390243902439,0.5365853658536586,0.5121951219512195,0.3170731707317073,0.4146341463414634
3,700,7,0.1200254451177287,0.6097560975609756,0.3902439024390244,0.6463414634146342,0.3780487804878049,0.3780487804878049,0.5121951219512195,0.4024390243902439,0.5975609756097561,0.5975609756097561,0.5853658536585366,0.45121951219512196,0.36585365853658536,0.45121951219512196,0.6829268292682927,0.6707317073170732,0.2804878048780488,0.3902439024390244,0.4878048780487805,0.5365853658536586,0.4024390243902439,0.5609756097560976,0.7682926829268293,0.5609756097560976,0.36585365853658536,0.5121951219512195,0.5975609756097561,0.5487804878048781,0.2682926829268293,0.524390243902439,0.47560975609756095
3,700,8,0.12027300559756104,0.7439024390243902,0.5121951219512195,0.5609756097560976,0.4024390243902439,0.35365853658536583,0.6097560975609756,0.4878048780487805,0.3170731707317073,0.25609756097560976,0.5,0.2682926829268293,0.5121951219512195,0.5487804878048781,0.5975609756097561,0.5609756097560976,0.45121951219512196,0.5,0.6097560975609756,0.3780487804878049,0.5975609756097561,0.524390243902439,0.6585365853658537,0.32926829268292684,0.6097560975609756,0.34146341463414637,0.5,0.6341463414634146,0.4634146341463415,0.5975609756097561,0.573170731707317
3,700,9,0.15293415524263346,0.7926829268292683,0.4268292682926829,0.47560975609756095,0.6829268292682927,0.2926829268292683,0.5,0.5487804878048781,0.524390243902439,0.4024390243902439,0.6341463414634146,0.8536585365853658,0.14634146341463414,0.43902439024390244,0.34146341463414637,0.4878048780487805,0.5975609756097561,0.3170731707317073,0.3902439024390244,0.6463414634146342,0.573170731707317,0.4146341463414634,0.4024390243902439,0.4146341463414634,0.7195121951219512,0.5121951219512195,0.6219512195121951,0.45121951219512196,0.5,0.2926829268292683,0.5975609756097561
4,700,0,0.1674184906789496,0.5609756097560976,0.9390243902439024,0.47560975609756095,0.3902439024390244,0.34146341463414637,0.32926829268292684,0.6951219512195121,0.5365853658536586,0.35365853658536583,0.3902439024390244,0.4268292682926829,0.7560975609756098,0.3048780487804878,0.3048780487804878,0.5975609756097561,0.5121951219512195,0.6341463414634146,0.35365853658536583,0.2926829268292683,0.36585365853658536,0.5121951219512195,0.7317073170731707,0.6585365853658537,0.47560975609756095,0.3902439024390244,0.7804878048780488,0.5853658536585366,0.2926829268292683,0.3902439024390244,0.6219512195121951
4,700,1,0.14647690209555705,0.4878048780487805,0.6097560975609756,0.3780487804878049,0.3780487804878049,0.2682926829268293,0.7560975609756098,0.6097560975609756,0.5,0.3048780487804878,0.32926829268292684,0.7073170731707317,0.5975609756097561,0.3780487804878049,0.3048780487804878,0.7560975609756098,0.6097560975609756,0.7073170731707317,0.4146341463414634,0.4634146341463415,0.3048780487804878,0.3780487804878049,0.6463414634146342,0.5975609756097561,0.5609756097560976,0.35365853658536583,0.6829268292682927,0.5365853658536586,0.3902439024390244,0.4146341463414634,0.573170731707317
4,700,2,0.15859911212252087,0.47560975609756095,0.5975609756097561,0.23170731707317074,0.4024390243902439,0.3780487804878049,0.3902439024390244,0.18292682926829268,0.2804878048780488,0.7682926829268293,0.35365853658536583,0.7073170731707317,0.5975609756097561,0.6951219512195121,0.5609756097560976,0.5853658536585366,0.32926829268292684,0.7073170731707317,0.6097560975609756,0.35365853658536583,0.5853658536585366,0.5609756097560976,0.6219512195121951,0.43902439024390244,0.2926829268292683,0.32926829268292684,0.524390243902439,0.6219512195121951,0.6707317073170732,0.45121951219512196,0.6951219512195121
4,700,3,0.15680732944703993,0.25609756097560976,0.5121951219512195,0.2804878048780488,0.4878048780487805,0.6341463414634146,0.32926829268292684,0.6951219512195121,0.6097560975609756,0.6829268292682927,0.43902439024390244,0.8170731707317073,0.4268292682926829,0.5975609756097561,0.573170731707317,0.5365853658536586,0.4878048780487805,0.6585365853658537,0.3170731707317073,0.5853658536585366,0.7439024390243902,0.45121951219512196,0.4024390243902439,0.4024390243902439,0.4146341463414634,0.3170731707317073,0.2926829268292683,0.25609756097560976,0.6097560975609756,0.4268292682926829,0.7560975609756098
4,700,4,0.13115663256017626,0.35365853658536583,0.36585365853658536,0.3048780487804878,0.3780487804878049,0.6951219512195121,0.5,0.5975609756097561,0.5609756097560976,0.6829268292682927,0.25609756097560976,0.524390243902439,0.6097560975609756,0.3902439024390244,0.573170731707317,0.524390243902439,0.3780487804878049,0.5365853658536586,0.5487804878048781,0.7560975609756098,0.5853658536585366,0.45121951219512196,0.4024390243902439,0.524390243902439,0.45121951219512196,0.4268292682926829,0.2804878048780488,0.3902439024390244,0.6829268292682927,0.573170731707317,0.6951219512195121
4,700,5,0.13336803038529088,0.5609756097560976,0.5,0.7073170731707317,0.6463414634146342,0.45121951219512196,0.2926829268292683,0.8170731707317073,0.7439024390243902,0.34146341463414637,0.3902439024390244,0.4634146341463415,0.5487804878048781,0.7073170731707317,0.4268292682926829,0.34146341463414637,0.4268292682926829,0.43902439024390244,0.2926829268292683,0.5365853658536586,0.45121951219512196,0.5,0.4268292682926829,0.4268292682926829,0.6341463414634146,0.5,0.573170731707317,0.5487804878048781,0.32926829268292684,0.3780487804878049,0.5975609756097561
4,700,6,0.1382950488032667,0.45121951219512196,0.5121951219512195,0.6219512195121951,0.8048780487804879,0.45121951219512196,0.5,0.6829268292682927,0.6585365853658537,0.43902439024390244,0.5121951219512195,0.25609756097560976,0.45121951219512196,0.6219512195121951,0.7195121951219512,0.4024390243902439,0.6951219512195121,0.5121951219512195,0.3902439024390244,0.5365853658536586,0.6097560975609756,0.3048780487804878,0.4146341463414634,0.4634146341463415,0.5853658536585366,0.35365853658536583,0.2073170731707317,0.5975609756097561,0.3780487804878049,0.3780487804878049,0.4878048780487805
4,700,7,0.13111882981185963,0.4634146341463415,0.36585365853658536,0.6341463414634146,0.6585365853658537,0.524390243902439,0.5121951219512195,0.47560975609756095,0.2926829268292683,0.6707317073170732,0.5609756097560976,0.3048780487804878,0.34146341463414637,0.24390243902439024,0.4878048780487805,0.5121951219512195,0.5853658536585366,0.7317073170731707,0.524390243902439,0.4268292682926829,0.4634146341463415,0.5,0.5487804878048781,0.6219512195121951,0.4024390243902439,0.43902439024390244,0.5975609756097561,0.5853658536585366,0.7682926829268293,0.5,0.25609756097560976
4,700,8,0.13422023094379767,0.6219512195121951,0.2926829268292683,0.6463414634146342,0.4878048780487805,0.35365853658536583,0.5853658536585366,0.4024390243902439,0.43902439024390244,0.6097560975609756,0.7804878048780488,0.3170731707317073,0.4268292682926829,0.2926829268292683,0.36585365853658536,0.5,0.5487804878048781,0.6951219512195121,0.6219512195121951,0.4634146341463415,0.4146341463414634,0.4268292682926829,0.5121951219512195,0.4146341463414634,0.35365853658536583,0.45121951219512196,0.7073170731707317,0.45121951219512196,0.6707317073170732,0.7195121951219512,0.4268292682926829
4,700,9,0.14674740445357387,0.32926829268292684,0.3780487804878049,0.43902439024390244,0.4146341463414634,0.4268292682926829,0.6097560975609756,0.5121951219512195,0.3902439024390244,0.7073170731707317,0.8902439024390244,0.573170731707317,0.4024390243902439,0.4634146341463415,0.3902439024390244,0.3902439024390244,0.4878048780487805,0.7317073170731707,0.47560975609756095,0.524390243902439,0.34146341463414637,0.3780487804878049,0.34146341463414637,0.43902439024390244,0.6463414634146342,0.43902439024390244,0.8170731707317073,0.5975609756097561,0.2804878048780488,0.6219512195121951,0.5609756097560976
0,725,0,0.20006443538661123,0.6585365853658537,0.8170731707317073,0.32926829268292684,0.6707317073170732,0.524390243902439,0.4146341463414634,0.25609756097560976,0.4878048780487805,0.6097560975609756,0.35365853658536583,0.25609756097560976,0.3170731707317073,0.7439024390243902,0.5975609756097561,0.2804878048780488,0.2682926829268293,0.3780487804878049,0.573170731707317,0.524390243902439,0.7439024390243902,0.43902439024390244,0.34146341463414637,0.8048780487804879,0.2682926829268293,0.47560975609756095,0.2682926829268293,0.2926829268292683,0.5487804878048781,0.9512195121951219,0.8048780487804879
0,725,1,0.19394973090004708,0.7926829268292683,0.5975609756097561,0.4024390243902439,0.3780487804878049,0.6707317073170732,0.36585365853658536,0.5365853658536586,0.25609756097560976,0.6097560975609756,0.3780487804878049,0.2682926829268293,0.2926829268292683,0.6829268292682927,0.5,0.5,0.5853658536585366,0.2926829268292683,0.6341463414634146,0.5,0.7317073170731707,0.47560975609756095,0.2682926829268293,0.573170731707317,0.25609756097560976,0.35365853658536583,0.32926829268292684,0.23170731707317074,0.7317073170731707,0.9390243902439024,0.8658536585365854
0,725,2,0.18633678111003138,0.6951219512195121,0.6951219512195121,0.4268292682926829,0.4024390243902439,0.6219512195121951,0.3170731707317073,0.5609756097560976,0.2926829268292683,0.7195121951219512,0.32926829268292684,0.34146341463414637,0.6829268292682927,0.5,0.6463414634146342,0.524390243902439,0.5609756097560976,0.23170731707317074,0.4024390243902439,0.5365853658536586,0.6951219512195121,0.34146341463414637,0.3780487804878049,0.14634146341463414,0.3780487804878049,0.36585365853658536,0.34146341463414637,0.3902439024390244,0.7926829268292683,0.7439024390243902,0.9390243902439024
0,725,3,0.18110200919778588,0.4024390243902439,0.6951219512195121,0.6219512195121951,0.3048780487804878,0.4268292682926829,0.6585365853658537,0.21951219512195122,0.35365853658536583,0.6707317073170732,0.4024390243902439,0.35365853658536583,0.8902439024390244,0.2804878048780488,0.6341463414634146,0.6707317073170732,0.4268292682926829,0.36585365853658536,0.45121951219512196,0.6341463414634146,0.2804878048780488,0.573170731707317,0.6219512195121951,0.23170731707317074,0.524390243902439,0.1951219512195122,0.5365853658536586,0.7195121951219512,0.8170731707317073,0.4268292682926829,0.6097560975609756
0,725,4,0.14876049445831127,0.4268292682926829,0.8658536585365854,0.6219512195121951,0.4878048780487805,0.4146341463414634,0.6097560975609756,0.32926829268292684,0.43902439024390244,0.4878048780487805,0.2073170731707317,0.5121951219512195,0.6951219512195121,0.5365853658536586,0.5121951219512195,0.6097560975609756,0.5487804878048781,0.15853658536585366,0.4878048780487805,0.45121951219512196,0.5365853658536586,0.4878048780487805,0.6219512195121951,0.36585365853658536,0.5,0.35365853658536583,0.5609756097560976,0.5365853658536586,0.7926829268292683,0.2804878048780488,0.5609756097560976
0,725,5,0.15208902910513428,0.34146341463414637,0.6341463414634146,0.4268292682926829,0.3170731707317073,0.34146341463414637,0.8658536585365854,0.47560975609756095,0.5975609756097561,0.3902439024390244,0.3048780487804878,0.6951219512195121,0.3902439024390244,0.6585365853658537,0.5,0.8048780487804879,0.34146341463414637,0.4146341463414634,0.6463414634146342,0.2926829268292683,0.47560975609756095,0.4634146341463415,0.5365853658536586,0.47560975609756095,0.7073170731707317,0.4146341463414634,0.6707317073170732,0.5365853658536586,0.5487804878048781,0.3170731707317073,0.4146341463414634
0,725,6,0.12543795971340285,0.3780487804878049,0.573170731707317,0.2682926829268293,0.5365853658536586,0.36585365853658536,0.3780487804878049,0.6585365853658537,0.5487804878048781,0.4146341463414634,0.5853658536585366,0.45121951219512196,0.2926829268292683,0.6341463414634146,0.35365853658536583,0.7682926829268293,0.5365853658536586,0.5975609756097561,0.35365853658536583,0.5,0.4878048780487805,0.3170731707317073,0.5609756097560976,0.6707317073170732,0.6585365853658537,0.5853658536585366,0.4634146341463415,0.4878048780487805,0.6585365853658537,0.5,0.4146341463414634
0,725,7,0.15412884535882265,0.43902439024390244,0.6585365853658537,0.25609756097560976,0.3170731707317073,0.5487804878048781,0.6219512195121951,0.5121951219512195,0.8292682926829268,0.5121951219512195,0.5,0.47560975609756095,0.5365853658536586,0.5121951219512195,0.25609756097560976,0.8902439024390244,0.5609756097560976,0.47560975609756095,0.5853658536585366,0.45121951219512196,0.35365853658536583,0.45121951219512196,0.25609756097560976,0.6341463414634146,0.35365853658536583,0.6341463414634146,0.3780487804878049,0.3170731707317073,0.7073170731707317,0.5365853658536586,0.43902439024390244
0,725,8,0.14007589795600683,0.4878048780487805,0.5975609756097561,0.5975609756097561,0.35365853658536583,0.5975609756097561,0.7317073170731707,0.47560975609756095,0.6097560975609756,0.5365853658536586,0.32926829268292684,0.3048780487804878,0.5121951219512195,0.2682926829268293,0.6341463414634146,0.8048780487804879,0.5487804878048781,0.4024390243902439,0.6707317073170732,0.6463414634146342,0.5853658536585366,0.524390243902439,0.34146341463414637,0.5365853658536586,0.4024390243902439,0.35365853658536583,0.3902439024390244,0.25609756097560976,0.5487804878048781,0.34146341463414637,0.6097560975609756
0,725,9,0.14039405182494274,0.5609756097560976,0.32926829268292684,0.4634146341463415,0.4878048780487805,0.4268292682926829,0.7195121951219512,0.5121951219512195,0.3048780487804878,0.3902439024390244,0.6219512195121951,0.36585365853658536,0.7073170731707317,0.7439024390243902,0.6585365853658537,0.7439024390243902,0.6463414634146342,0.4024390243902439,0.5975609756097561,0.573170731707317,0.5,0.4146341463414634,0.2804878048780488,0.3902439024390244,0.3170731707317073,0.2926829268292683,0.6585365853658537,0.5487804878048781,0.5121951219512195,0.3902439024390244,0.43902439024390244
1,725,0,0.20808085037666516,0.6463414634146342,0.9146341463414634,0.45121951219512196,0.3780487804878049,0.34146341463414637,0.6463414634146342,0.1951219512195122,0.7073170731707317,0.23170731707317074,0.4146341463414634,0.7073170731707317,0.3902439024390244,0.18292682926829268,0.25609756097560976,0.7439024390243902,0.36585365853658536,0.3780487804878049,0.2804878048780488,0.2804878048780488,0.9146341463414634,0.7073170731707317,0.43902439024390244,0.6463414634146342,0.5365853658536586,0.5975609756097561,0.4878048780487805,0.5487804878048781,0.7804878048780488,0.21951219512195122,0.6097560975609756
1,725,1,0.1898421858347255,0.6707317073170732,0.8902439024390244,0.36585365853658536,0.5487804878048781,0.4024390243902439,0.524390243902439,0.14634146341463414,0.34146341463414637,0.36585365853658536,0.25609756097560976,0.7073170731707317,0.5,0.2926829268292683,0.2926829268292683,0.6341463414634146,0.4634146341463415,0.2926829268292683,0.2804878048780488,0.4268292682926829,0.7682926829268293,0.7560975609756098,0.4634146341463415,0.35365853658536583,0.6585365853658537,0.7804878048780488,0.6829268292682927,0.7317073170731707,0.5853658536585366,0.3048780487804878,0.5121951219512195
1,725,2,0.18118411060398185,0.6829268292682927,0.9024390243902439,0.2926829268292683,0.3780487804878049,0.3780487804878049,0.524390243902439,0.5,0.5975609756097561,0.15853658536585366,0.6341463414634146,0.8048780487804879,0.3780487804878049,0.34146341463414637,0.5121951219512195,0.23170731707317074,0.32926829268292684,0.24390243902439024,0.6829268292682927,0.524390243902439,0.5121951219512195,0.6829268292682927,0.7195121951219512,0.3780487804878049,0.6341463414634146,0.5,0.24390243902439024,0.5609756097560976,0.7195121951219512,0.4268292682926829,0.524390243902439
1,725,3,0.16997509469850933,0.6585365853658537,0.8170731707317073,0.2804878048780488,0.5,0.6829268292682927,0.2682926829268293,0.5121951219512195,0.7073170731707317,0.2804878048780488,0.7195121951219512,0.5487804878048781,0.36585365853658536,0.6585365853658537,0.5487804878048781,0.4268292682926829,0.5975609756097561,0.4634146341463415,0.25609756097560976,0.3780487804878049,0.4634146341463415,0.8048780487804879,0.35365853658536583,0.4146341463414634,0.5121951219512195,0.3170731707317073,0.36585365853658536,0.6219512195121951,0.7439024390243902,0.5121951219512195,0.21951219512195122
1,725,4,0.15051632993149286,0.573170731707317,0.8048780487804879,0.3902439024390244,0.7560975609756098,0.6097560975609756,0.32926829268292684,0.6585365853658537,0.5975609756097561,0.3170731707317073,0.5365853658536586,0.23170731707317074,0.4878048780487805,0.4878048780487805,0.6341463414634146,0.47560975609756095,0.5975609756097561,0.5975609756097561,0.4268292682926829,0.35365853658536583,0.32926829268292684,0.43902439024390244,0.36585365853658536,0.34146341463414637,0.5853658536585366,0.4024390243902439,0.3170731707317073,0.3902439024390244,0.8048780487804879,0.6585365853658537,0.5
1,725,5,0.15371014748163536,0.24390243902439024,0.8292682926829268,0.524390243902439,0.573170731707317,0.47560975609756095,0.3780487804878049,0.8048780487804879,0.7439024390243902,0.2804878048780488,0.5121951219512195,0.4024390243902439,0.24390243902439024,0.34146341463414637,0.5853658536585366,0.45121951219512196,0.5487804878048781,0.6097560975609756,0.5487804878048781,0.5609756097560976,0.4878048780487805,0.3902439024390244,0.2682926829268293,0.5487804878048781,0.524390243902439,0.3902439024390244,0.6829268292682927,0.7195121951219512,0.524390243902439,0.4024390243902439,0.4024390243902439
1,725,6,0.18118411060398187,0.2073170731707317,0.9146341463414634,0.524390243902439,0.6341463414634146,0.32926829268292684,0.4878048780487805,0.7439024390243902,0.7439024390243902,0.35365853658536583,0.2804878048780488,0.3170731707317073,0.5365853658536586,0.3780487804878049,0.17073170731707318,0.2682926829268293,0.6829268292682927,0.2926829268292683,0.6219512195121951,0.4878048780487805,0.5975609756097561,0.34146341463414637,0.524390243902439,0.7682926829268293,0.6341463414634146,0.4878048780487805,0.6219512195121951,0.6219512195121951,0.5,0.5853658536585366,0.34146341463414637
1,725,7,0.1775636558361102,0.34146341463414637,0.4268292682926829,0.6585365853658537,0.8292682926829268,0.2682926829268293,0.47560975609756095,0.7195121951219512,0.5853658536585366,0.7560975609756098,0.1951219512195122,0.4878048780487805,0.6097560975609756,0.6097560975609756,0.17073170731707318,0.5,0.6219512195121951,0.43902439024390244,0.5365853658536586,0.6707317073170732,0.5,0.3048780487804878,0.34146341463414637,0.3048780487804878,0.6585365853658537,0.4634146341463415,0.7926829268292683,0.6463414634146342,0.2804878048780488,0.2804878048780488,0.524390243902439
1,725,8,0.15322561287011052,0.5,0.36585365853658536,0.524390243902439,0.45121951219512196,0.24390243902439024,0.5975609756097561,0.5975609756097561,0.7317073170731707,0.8048780487804879,0.3780487804878049,0.5853658536585366,0.5,0.5609756097560976,0.25609756097560976,0.7926829268292683,0.6219512195121951,0.23170731707317074,0.5121951219512195,0.5609756097560976,0.5487804878048781,0.47560975609756095,0.32926829268292684,0.4024390243902439,0.7195121951219512,0.43902439024390244,0.6097560975609756,0.6097560975609756,0.34146341463414637,0.4024390243902439,0.3048780487804878
1,725,9,0.14453491982829603,0.7804878048780488,0.35365853658536583,0.23170731707317074,0.4024390243902439,0.524390243902439,0.3780487804878049,0.4268292682926829,0.4634146341463415,0.5121951219512195,0.4634146341463415,0.6707317073170732,0.5487804878048781,0.35365853658536583,0.6951219512195121,0.7804878048780488,0.43902439024390244,0.35365853658536583,0.4146341463414634,0.4024390243902439,0.4878048780487805,0.5121951219512195,0.3170731707317073,0.524390243902439,0.6097560975609756,0.32926829268292684,0.7073170731707317,0.6951219512195121,0.7195121951219512,0.43902439024390244,0.4634146341463415
2,725,0,0.1947404807642843,0.45121951219512196,0.6951219512195121,0.3780487804878049,0.573170731707317,0.21951219512195122,0.1951219512195122,0.573170731707317,0.8170731707317073,0.7195121951219512,0.4634146341463415,0.4878048780487805,0.2073170731707317,0.35365853658536583,0.4146341463414634,0.8170731707317073,0.25609756097560976,0.32926829268292684,0.2682926829268293,0.6219512195121951,0.5121951219512195,0.8536585365853658,0.5853658536585366,0.6707317073170732,0.36585365853658536,0.6463414634146342,0.8292682926829268,0.4878048780487805,0.35365853658536583,0.2926829268292683,0.5609756097560976
2,725,1,0.17099283167152302,0.5121951219512195,0.5853658536585366,0.4146341463414634,0.5609756097560976,0.6829268292682927,0.2926829268292683,0.7195121951219512,0.8536585365853658,0.7926829268292683,0.2682926829268293,0.573170731707317,0.7073170731707317,0.2804878048780488,0.24390243902439024,0.5609756097560976,0.5,0.2804878048780488,0.2682926829268293,0.4634146341463415,0.32926829268292684,0.3780487804878049,0.5487804878048781,0.5487804878048781,0.47560975609756095,0.6341463414634146,0.5121951219512195,0.2804878048780488,0.5853658536585366,0.3902439024390244,0.7560975609756098
2,725,2,0.1775636558361102,0.4024390243902439,0.3902439024390244,0.3780487804878049,0.5,0.7317073170731707,0.7560975609756098,0.7560975609756098,0.6951219512195121,0.6829268292682927,0.4146341463414634,0.6097560975609756,0.7804878048780488,0.34146341463414637,0.4024390243902439,0.6463414634146342,0.5853658536585366,0.2073170731707317,0.5121951219512195,0.24390243902439024,0.2926829268292683,0.2804878048780488,0.43902439024390244,0.2926829268292683,0.35365853658536583,0.6951219512195121,0.47560975609756095,0.4024390243902439,0.7560975609756098,0.3048780487804878,0.6707317073170732
2,725,3,0.16409879836738497,0.1951219512195122,0.2926829268292683,0.43902439024390244,0.6829268292682927,0.7317073170731707,0.7317073170731707,0.6585365853658537,0.6341463414634146,0.5609756097560976,0.43902439024390244,0.5975609756097561,0.8414634146341463,0.2682926829268293,0.5609756097560976,0.47560975609756095,0.6341463414634146,0.32926829268292684,0.573170731707317,0.3780487804878049,0.3048780487804878,0.6585365853658537,0.4268292682926829,0.6585365853658537,0.32926829268292684,0.25609756097560976,0.5975609756097561,0.34146341463414637,0.524390243902439,0.4268292682926829,0.45121951219512196
2,725,4,0.14752233586686225,0.2926829268292683,0.3048780487804878,0.5365853658536586,0.524390243902439,0.6585365853658537,0.8292682926829268,0.5,0.5,0.4634146341463415,0.43902439024390244,0.5365853658536586,0.8536585365853658,0.4024390243902439,0.5121951219512195,0.47560975609756095,0.573170731707317,0.4024390243902439,0.43902439024390244,0.45121951219512196,0.35365853658536583,0.7682926829268293,0.4024390243902439,0.6097560975609756,0.4146341463414634,0.2073170731707317,0.7317073170731707,0.4146341463414634,0.45121951219512196,0.45121951219512196,0.5
2,725,5,0.1419741271712563,0.6097560975609756,0.3170731707317073,0.6829268292682927,0.3170731707317073,0.5365853658536586,0.45121951219512196,0.5487804878048781,0.4146341463414634,0.5853658536585366,0.5365853658536586,0.6951219512195121,0.47560975609756095,0.6585365853658537,0.4024390243902439,0.47560975609756095,0.2682926829268293,0.5975609756097561,0.43902439024390244,0.34146341463414637,0.7195121951219512,0.7804878048780488,0.573170731707317,0.5609756097560976,0.4024390243902439,0.36585365853658536,0.2682926829268293,0.6219512195121951,0.24390243902439024,0.573170731707317,0.5365853658536586
2,725,6,0.12247853474519267,0.6463414634146342,0.7073170731707317,0.5853658536585366,0.34146341463414637,0.4268292682926829,0.4268292682926829,0.4878048780487805,0.4268292682926829,0.3780487804878049,0.45121951219512196,0.2926829268292683,0.6097560975609756,0.47560975609756095,0.47560975609756095,0.47560975609756095,0.2926829268292683,0.7560975609756098,0.3902439024390244,0.5365853658536586,0.5853658536585366,0.573170731707317,0.5853658536585366,0.6951219512195121,0.6463414634146342,0.5,0.47560975609756095,0.4634146341463415,0.3902439024390244,0.5975609756097561,0.3048780487804878
2,725,7,0.14590041940144977,0.2926829268292683,0.5487804878048781,0.5853658536585366,0.6707317073170732,0.8292682926829268,0.45121951219512196,0.47560975609756095,0.5487804878048781,0.5121951219512195,0.6829268292682927,0.3902439024390244,0.5487804878048781,0.4268292682926829,0.4146341463414634,0.524390243902439,0.5975609756097561,0.5,0.34146341463414637,0.47560975609756095,0.7073170731707317,0.3048780487804878,0.5853658536585366,0.34146341463414637,0.8536585365853658,0.4268292682926829,0.47560975609756095,0.24390243902439024,0.4146341463414634,0.5,0.32926829268292684
2,725,8,0.17694837592197268,0.2073170731707317,0.6463414634146342,0.4024390243902439,0.8902439024390244,0.8780487804878049,0.2926829268292683,0.45121951219512196,0.6829268292682927,0.5,0.7439024390243902,0.6707317073170732,0.4878048780487805,0.32926829268292684,0.4268292682926829,0.6585365853658537,0.5487804878048781,0.21951219512195122,0.32926829268292684,0.5975609756097561,0.2804878048780488,0.43902439024390244,0.3780487804878049,0.6097560975609756,0.7073170731707317,0.36585365853658536,0.3902439024390244,0.573170731707317,0.36585365853658536,0.4268292682926829,0.5
2,725,9,0.15358108772127968,0.35365853658536583,0.43902439024390244,0.4634146341463415,0.5121951219512195,0.7560975609756098,0.4146341463414634,0.7926829268292683,0.7439024390243902,0.5121951219512195,0.45121951219512196,0.47560975609756095,0.5,0.6585365853658537,0.34146341463414637,0.7439024390243902,0.3048780487804878,0.2804878048780488,0.6463414634146342,0.5853658536585366,0.2682926829268293,0.4024390243902439,0.2682926829268293,0.6341463414634146,0.35365853658536583,0.4268292682926829,0.6219512195121951,0.6097560975609756,0.35365853658536583,0.43902439024390244,0.6463414634146342
3,725,0,0.20386898235652007,0.36585365853658536,0.7073170731707317,0.7682926829268293,0.2682926829268293,0.7317073170731707,0.3048780487804878,0.35365853658536583,0.3780487804878049,0.24390243902439024,0.4024390243902439,0.2804878048780488,0.8536585365853658,0.2926829268292683,0.6829268292682927,0.6951219512195121,0.3780487804878049,0.3170731707317073,0.2804878048780488,0.4878048780487805,0.7560975609756098,0.7195121951219512,0.35365853658536583,0.2804878048780488,0.6951219512195121,0.6341463414634146,0.7073170731707317,0.2682926829268293,0.7317073170731707,0.7317073170731707,0.32926829268292684
3,725,1,0.18330584042049108,0.36585365853658536,0.2682926829268293,0.5609756097560976,0.4268292682926829,0.6341463414634146,0.23170731707317074,0.3170731707317073,0.2682926829268293,0.5609756097560976,0.4634146341463415,0.47560975609756095,0.7682926829268293,0.7439024390243902,0.5975609756097561,0.47560975609756095,0.4878048780487805,0.32926829268292684,0.4146341463414634,0.4146341463414634,0.8414634146341463,0.7439024390243902,0.21951219512195122,0.2926829268292683,0.6463414634146342,0.4878048780487805,0.6951219512195121,0.32926829268292684,0.8658536585365854,0.6707317073170732,0.4024390243902439
3,725,2,0.1705574023126545,0.4146341463414634,0.21951219512195122,0.4878048780487805,0.5365853658536586,0.5,0.43902439024390244,0.4024390243902439,0.2926829268292683,0.5975609756097561,0.3170731707317073,0.47560975609756095,0.8292682926829268,0.6463414634146342,0.5487804878048781,0.6219512195121951,0.36585365853658536,0.3780487804878049,0.47560975609756095,0.2073170731707317,0.6341463414634146,0.21951219512195122,0.2804878048780488,0.6707317073170732,0.6585365853658537,0.45121951219512196,0.573170731707317,0.7804878048780488,0.8292682926829268,0.6585365853658537,0.4878048780487805
3,725,3,0.15712315520396497,0.6341463414634146,0.3048780487804878,0.5487804878048781,0.5975609756097561,0.36585365853658536,0.524390243902439,0.45121951219512196,0.2926829268292683,0.45121951219512196,0.5487804878048781,0.47560975609756095,0.35365853658536583,0.7073170731707317,0.5,0.6341463414634146,0.35365853658536583,0.4024390243902439,0.45121951219512196,0.32926829268292684,0.4146341463414634,0.47560975609756095,0.3170731707317073,0.8170731707317073,0.8170731707317073,0.3780487804878049,0.8048780487804879,0.3780487804878049,0.45121951219512196,0.7926829268292683,0.4268292682926829
3,725,4,0.14484327961426113,0.6219512195121951,0.5121951219512195,0.573170731707317,0.6951219512195121,0.3780487804878049,0.47560975609756095,0.4634146341463415,0.47560975609756095,0.5,0.4024390243902439,0.4878048780487805,0.4268292682926829,0.7195121951219512,0.3902439024390244,0.6341463414634146,0.3170731707317073,0.5,0.4878048780487805,0.25609756097560976,0.6707317073170732,0.524390243902439,0.4268292682926829,0.8902439024390244,0.6829268292682927,0.2682926829268293,0.43902439024390244,0.43902439024390244,0.36585365853658536,0.6707317073170732,0.3048780487804878
3,725,5,0.16434029783339527,0.524390243902439,0.43902439024390244,0.4024390243902439,0.6707317073170732,0.2682926829268293,0.6219512195121951,0.5,0.34146341463414637,0.32926829268292684,0.47560975609756095,0.5487804878048781,0.47560975609756095,0.8536585365853658,0.5975609756097561,0.2682926829268293,0.34146341463414637,0.4878048780487805,0.45121951219512196,0.4634146341463415,0.6341463414634146,0.7804878048780488,0.43902439024390244,0.7682926829268293,0.34146341463414637,0.3048780487804878,0.3902439024390244,0.5853658536585366,0.47560975609756095,0.8780487804878049,0.34146341463414637
3,725,6,0.1546746632051815,0.573170731707317,0.6097560975609756,0.3048780487804878,0.5,0.5853658536585366,0.35365853658536583,0.18292682926829268,0.5121951219512195,0.6219512195121951,0.7560975609756098,0.7195121951219512,0.32926829268292684,0.4634146341463415,0.524390243902439,0.4146341463414634,0.3902439024390244,0.6829268292682927,0.43902439024390244,0.524390243902439,0.2682926829268293,0.6585365853658537,0.5853658536585366,0.3780487804878049,0.5121951219512195,0.5853658536585366,0.5121951219512195,0.43902439024390244,0.36585365853658536,0.8902439024390244,0.3170731707317073
3,725,7,0.15283687918790048,0.4268292682926829,0.4268292682926829,0.2073170731707317,0.4268292682926829,0.5853658536585366,0.36585365853658536,0.6951219512195121,0.5365853658536586,0.47560975609756095,0.4268292682926829,0.524390243902439,0.4878048780487805,0.7560975609756098,0.25609756097560976,0.4024390243902439,0.6341463414634146,0.5,0.4268292682926829,0.5,0.2073170731707317,0.6585365853658537,0.573170731707317,0.3048780487804878,0.6829268292682927,0.7439024390243902,0.6341463414634146,0.524390243902439,0.4878048780487805,0.7804878048780488,0.34146341463414637
3,725,8,0.13381333389605077,0.3780487804878049,0.21951219512195122,0.25609756097560976,0.4024390243902439,0.6829268292682927,0.7317073170731707,0.5853658536585366,0.524390243902439,0.5,0.2804878048780488,0.5853658536585366,0.5365853658536586,0.5975609756097561,0.524390243902439,0.3902439024390244,0.5,0.43902439024390244,0.6219512195121951,0.35365853658536583,0.4024390243902439,0.6341463414634146,0.4268292682926829,0.4146341463414634,0.7195121951219512,0.5121951219512195,0.6951219512195121,0.5609756097560976,0.524390243902439,0.6219512195121951,0.3780487804878049
3,725,9,0.11877990350601685,0.3780487804878049,0.2926829268292683,0.524390243902439,0.3780487804878049,0.3902439024390244,0.6463414634146342,0.5,0.2926829268292683,0.4268292682926829,0.43902439024390244,0.4146341463414634,0.47560975609756095,0.5121951219512195,0.5975609756097561,0.7317073170731707,0.5487804878048781,0.3780487804878049,0.5365853658536586,0.3902439024390244,0.47560975609756095,0.6097560975609756,0.3170731707317073,0.5121951219512195,0.6097560975609756,0.6707317073170732,0.6463414634146342,0.45121951219512196,0.5609756097560976,0.5975609756097561,0.6951219512195121
4,725,0,0.2017423608728058,0.36585365853658536,0.2804878048780488,0.2926829268292683,0.7317073170731707,0.9512195121951219,0.45121951219512196,0.17073170731707318,0.5975609756097561,0.6097560975609756,0.24390243902439024,0.6951219512195121,0.5,0.2804878048780488,0.7317073170731707,0.6585365853658537,0.34146341463414637,0.2926829268292683,0.3902439024390244,0.3902439024390244,0.4634146341463415,0.7926829268292683,0.6097560975609756,0.5487804878048781,0.23170731707317074,0.7195121951219512,0.6097560975609756,0.5975609756097561,0.34146341463414637,0.8048780487804879,0.3048780487804878
4,725,1,0.17162946313353847,0.2926829268292683,0.25609756097560976,0.4634146341463415,0.5121951219512195,0.8902439024390244,0.4024390243902439,0.524390243902439,0.5121951219512195,0.36585365853658536,0.2682926829268293,0.6829268292682927,0.4634146341463415,0.4024390243902439,0.7439024390243902,0.6463414634146342,0.3902439024390244,0.3902439024390244,0.3048780487804878,0.2682926829268293,0.35365853658536583,0.7073170731707317,0.45121951219512196,0.5853658536585366,0.5609756097560976,0.7195121951219512,0.7439024390243902,0.5,0.6463414634146342,0.6951219512195121,0.25609756097560976
4,725,2,0.17073170731707318,0.6219512195121951,0.36585365853658536,0.573170731707317,0.2804878048780488,0.2804878048780488,0.4146341463414634,0.4878048780487805,0.3902439024390244,0.4878048780487805,0.4268292682926829,0.5365853658536586,0.17073170731707318,0.7682926829268293,0.3170731707317073,0.7073170731707317,0.5853658536585366,0.47560975609756095,0.5487804878048781,0.5487804878048781,0.3048780487804878,0.2804878048780488,0.5853658536585366,0.6463414634146342,0.6707317073170732,0.4634146341463415,0.7560975609756098,0.3902439024390244,0.9512195121951219,0.573170731707317,0.3902439024390244
4,725,3,0.18096509074682482,0.34146341463414637,0.5365853658536586,0.6951219512195121,0.5,0.24390243902439024,0.5487804878048781,0.34146341463414637,0.3780487804878049,0.2926829268292683,0.5365853658536586,0.32926829268292684,0.34146341463414637,0.7804878048780488,0.4634146341463415,0.573170731707317,0.32926829268292684,0.47560975609756095,0.6097560975609756,0.6341463414634146,0.4268292682926829,0.23170731707317074,0.524390243902439,0.7926829268292683,0.6341463414634146,0.524390243902439,0.8170731707317073,0.35365853658536583,0.975609756097561,0.3170731707317073,0.45121951219512196
4,725,4,0.18071837612529468,0.6585365853658537,0.6219512195121951,0.6829268292682927,0.4146341463414634,0.43902439024390244,0.4268292682926829,0.3902439024390244,0.3780487804878049,0.3170731707317073,0.5853658536585366,0.3170731707317073,0.4878048780487805,0.8048780487804879,0.4268292682926829,0.2682926829268293,0.3780487804878049,0.6097560975609756,0.7073170731707317,0.524390243902439,0.4024390243902439,0.3780487804878049,0.2804878048780488,0.7682926829268293,0.6219512195121951,0.4146341463414634,0.6829268292682927,0.23170731707317074,0.9634146341463414,0.23170731707317074,0.5853658536585366
4,725,5,0.12650051199892623,0.4878048780487805,0.6707317073170732,0.34146341463414637,0.5121951219512195,0.5365853658536586,0.6097560975609756,0.4268292682926829,0.6707317073170732,0.3170731707317073,0.3902439024390244,0.524390243902439,0.6951219512195121,0.6585365853658537,0.5975609756097561,0.43902439024390244,0.4268292682926829,0.45121951219512196,0.32926829268292684,0.5,0.5853658536585366,0.36585365853658536,0.3902439024390244,0.5487804878048781,0.4634146341463415,0.8658536585365854,0.5,0.4634146341463415,0.4878048780487805,0.3048780487804878,0.43902439024390244
4,725,6,0.12336577971945949,0.3170731707317073,0.524390243902439,0.4268292682926829,0.5365853658536586,0.7073170731707317,0.24390243902439024,0.5609756097560976,0.5365853658536586,0.6341463414634146,0.4878048780487805,0.7560975609756098,0.7073170731707317,0.35365853658536583,0.6707317073170732,0.5,0.3048780487804878,0.6097560975609756,0.45121951219512196,0.47560975609756095,0.47560975609756095,0.573170731707317,0.5121951219512195,0.4146341463414634,0.47560975609756095,0.3170731707317073,0.3902439024390244,0.5853658536585366,0.45121951219512196,0.4634146341463415,0.5365853658536586
4,725,7,0.14715222564876446,0.47560975609756095,0.3902439024390244,0.6829268292682927,0.3902439024390244,0.6463414634146342,0.35365853658536583,0.5,0.3780487804878049,0.524390243902439,0.573170731707317,0.8780487804878049,0.35365853658536583,0.47560975609756095,0.6829268292682927,0.4878048780487805,0.5,0.5853658536585366,0.6219512195121951,0.4024390243902439,0.5609756097560976,0.6707317073170732,0.4878048780487805,0.3780487804878049,0.5487804878048781,0.35365853658536583,0.6341463414634146,0.47560975609756095,0.15853658536585366,0.6097560975609756,0.21951219512195122
4,725,8,0.143121762792146,0.4268292682926829,0.32926829268292684,0.5365853658536586,0.23170731707317074,0.4878048780487805,0.5487804878048781,0.5,0.3780487804878049,0.45121951219512196,0.5,0.7073170731707317,0.3780487804878049,0.4878048780487805,0.5975609756097561,0.6951219512195121,0.4146341463414634,0.6219512195121951,0.6951219512195121,0.4634146341463415,0.36585365853658536,0.6951219512195121,0.524390243902439,0.3048780487804878,0.7560975609756098,0.5487804878048781,0.3902439024390244,0.8048780487804879,0.2926829268292683,0.4268292682926829,0.43902439024390244
4,725,9,0.13100535611703204,0.4634146341463415,0.47560975609756095,0.7317073170731707,0.4878048780487805,0.5121951219512195,0.5,0.34146341463414637,0.47560975609756095,0.4878048780487805,0.45121951219512196,0.7682926829268293,0.2926829268292683,0.4146341463414634,0.5487804878048781,0.32926829268292684,0.5609756097560976,0.5121951219512195,0.7682926829268293,0.43902439024390244,0.4024390243902439,0.4024390243902439,0.6097560975609756,0.4878048780487805,0.4634146341463415,0.7682926829268293,0.34146341463414637,0.7073170731707317,0.36585365853658536,0.4634146341463415,0.4268292682926829
