trajectory,iteration,evaluation_season,league_std_dev,team_0,team_1,team_2,team_3,team_4,team_5,team_6,team_7,team_8,team_9,team_10,team_11,team_12,team_13,team_14,team_15,team_16,team_17,team_18,team_19,team_20,team_21,team_22,team_23,team_24,team_25,team_26,team_27,team_28,team_29
0,0,0,0.1920747838363028,0.4268292682926829,0.926829268292683,0.47560975609756095,0.43902439024390244,0.9024390243902439,0.4634146341463415,0.6463414634146342,0.2926829268292683,0.5609756097560976,0.4268292682926829,0.32926829268292684,0.35365853658536583,0.7439024390243902,0.3170731707317073,0.8658536585365854,0.4024390243902439,0.4634146341463415,0.3048780487804878,0.2926829268292683,0.35365853658536583,0.8170731707317073,0.34146341463414637,0.7926829268292683,0.36585365853658536,0.36585365853658536,0.5,0.573170731707317,0.34146341463414637,0.5121951219512195,0.4024390243902439
0,0,1,0.1689805665920856,0.24390243902439024,0.9390243902439024,0.47560975609756095,0.36585365853658536,0.7926829268292683,0.3170731707317073,0.6585365853658537,0.6585365853658537,0.47560975609756095,0.4146341463414634,0.45121951219512196,0.3170731707317073,0.7073170731707317,0.43902439024390244,0.5609756097560976,0.6341463414634146,0.35365853658536583,0.47560975609756095,0.45121951219512196,0.45121951219512196,0.7195121951219512,0.4146341463414634,0.7804878048780488,0.3780487804878049,0.3048780487804878,0.3780487804878049,0.4024390243902439,0.6585365853658537,0.3170731707317073,0.4634146341463415
0,0,2,0.14866048739191004,0.573170731707317,0.926829268292683,0.4146341463414634,0.524390243902439,0.2926829268292683,0.35365853658536583,0.7317073170731707,0.573170731707317,0.5121951219512195,0.4268292682926829,0.3170731707317073,0.6463414634146342,0.5,0.5853658536585366,0.32926829268292684,0.4268292682926829,0.524390243902439,0.4146341463414634,0.7317073170731707,0.47560975609756095,0.7195121951219512,0.3902439024390244,0.36585365853658536,0.35365853658536583,0.5,0.4878048780487805,0.2804878048780488,0.6585365853658537,0.5365853658536586,0.4268292682926829
0,0,3,0.18317056932213252,0.524390243902439,0.9146341463414634,0.2804878048780488,0.4634146341463415,0.25609756097560976,0.25609756097560976,0.524390243902439,0.6951219512195121,0.5365853658536586,0.4634146341463415,0.5121951219512195,0.7073170731707317,0.4146341463414634,0.8048780487804879,0.25609756097560976,0.2682926829268293,0.6341463414634146,0.6951219512195121,0.6341463414634146,0.5609756097560976,0.32926829268292684,0.3780487804878049,0.24390243902439024,0.5,0.5853658536585366,0.3170731707317073,0.43902439024390244,0.8658536585365854,0.47560975609756095,0.4634146341463415
0,0,4,0.1602471816620083,0.5609756097560976,0.2682926829268293,0.2073170731707317,0.5,0.3780487804878049,0.24390243902439024,0.4024390243902439,0.6219512195121951,0.4878048780487805,0.6829268292682927,0.926829268292683,0.5365853658536586,0.4634146341463415,0.8902439024390244,0.3170731707317073,0.45121951219512196,0.45121951219512196,0.6463414634146342,0.524390243902439,0.3170731707317073,0.4024390243902439,0.45121951219512196,0.4878048780487805,0.5975609756097561,0.5,0.4268292682926829,0.573170731707317,0.6463414634146342,0.5609756097560976,0.47560975609756095
0,0,5,0.14374388398821514,0.45121951219512196,0.45121951219512196,0.5365853658536586,0.6707317073170732,0.4878048780487805,0.6463414634146342,0.43902439024390244,0.3170731707317073,0.43902439024390244,0.5609756097560976,0.5975609756097561,0.34146341463414637,0.15853658536585366,0.7073170731707317,0.5609756097560976,0.4878048780487805,0.573170731707317,0.35365853658536583,0.6463414634146342,0.2926829268292683,0.5,0.5,0.7073170731707317,0.2804878048780488,0.4634146341463415,0.6341463414634146,0.8170731707317073,0.5,0.5121951219512195,0.36585365853658536
0,0,6,0.15251217756939983,0.3170731707317073,0.5,0.3902439024390244,0.7926829268292683,0.21951219512195122,0.4024390243902439,0.6585365853658537,0.25609756097560976,0.5609756097560976,0.5121951219512195,0.6585365853658537,0.3902439024390244,0.3048780487804878,0.8658536585365854,0.3780487804878049,0.5365853658536586,0.5975609756097561,0.2926829268292683,0.45121951219512196,0.5609756097560976,0.6097560975609756,0.6219512195121951,0.6341463414634146,0.45121951219512196,0.47560975609756095,0.7195121951219512,0.4634146341463415,0.4146341463414634,0.5,0.4634146341463415
0,0,7,0.15604673969444002,0.5853658536585366,0.8658536585365854,0.2073170731707317,0.5,0.6219512195121951,0.524390243902439,0.4146341463414634,0.6341463414634146,0.4878048780487805,0.3902439024390244,0.35365853658536583,0.34146341463414637,0.6585365853658537,0.7317073170731707,0.4268292682926829,0.5609756097560976,0.6707317073170732,0.3170731707317073,0.2682926829268293,0.4878048780487805,0.36585365853658536,0.2926829268292683,0.7682926829268293,0.4024390243902439,0.47560975609756095,0.6341463414634146,0.43902439024390244,0.6219512195121951,0.573170731707317,0.3780487804878049
0,0,8,0.13858152254123676,0.5853658536585366,0.45121951219512196,0.35365853658536583,0.4024390243902439,0.34146341463414637,0.2073170731707317,0.36585365853658536,0.6341463414634146,0.6219512195121951,0.4878048780487805,0.5975609756097561,0.5365853658536586,0.5853658536585366,0.7439024390243902,0.5609756097560976,0.4268292682926829,0.6951219512195121,0.3902439024390244,0.4268292682926829,0.43902439024390244,0.4146341463414634,0.4024390243902439,0.4878048780487805,0.524390243902439,0.6219512195121951,0.4268292682926829,0.7682926829268293,0.7804878048780488,0.35365853658536583,0.36585365853658536
0,0,9,0.11530679662022257,0.5121951219512195,0.7560975609756098,0.7073170731707317,0.4268292682926829,0.5609756097560976,0.5121951219512195,0.4878048780487805,0.3170731707317073,0.36585365853658536,0.45121951219512196,0.3780487804878049,0.5121951219512195,0.5365853658536586,0.3048780487804878,0.6829268292682927,0.4146341463414634,0.573170731707317,0.4634146341463415,0.5975609756097561,0.45121951219512196,0.35365853658536583,0.4634146341463415,0.5121951219512195,0.4268292682926829,0.573170731707317,0.5121951219512195,0.5609756097560976,0.7439024390243902,0.3780487804878049,0.4634146341463415
1,0,0,0.19119524485137573,0.47560975609756095,0.4024390243902439,0.45121951219512196,0.3780487804878049,0.45121951219512196,0.7926829268292683,0.34146341463414637,0.9024390243902439,0.7439024390243902,0.25609756097560976,0.32926829268292684,0.34146341463414637,0.5975609756097561,1.0,0.3780487804878049,0.35365853658536583,0.2926829268292683,0.7195121951219512,0.524390243902439,0.3170731707317073,0.6219512195121951,0.3902439024390244,0.4878048780487805,0.43902439024390244,0.36585365853658536,0.8658536585365854,0.4024390243902439,0.5,0.4268292682926829,0.45121951219512196
1,0,1,0.17873239961523182,0.5975609756097561,0.3902439024390244,0.4146341463414634,0.4268292682926829,0.5487804878048781,0.7804878048780488,0.2926829268292683,0.8658536585365854,0.6585365853658537,0.25609756097560976,0.32926829268292684,0.2682926829268293,0.6585365853658537,0.9634146341463414,0.47560975609756095,0.4024390243902439,0.4024390243902439,0.7317073170731707,0.36585365853658536,0.5487804878048781,0.45121951219512196,0.34146341463414637,0.5121951219512195,0.4634146341463415,0.3902439024390244,0.8048780487804879,0.4268292682926829,0.4146341463414634,0.3780487804878049,0.43902439024390244
1,0,2,0.12352641231317658,0.5609756097560976,0.4146341463414634,0.35365853658536583,0.5487804878048781,0.4634146341463415,0.4024390243902439,0.3780487804878049,0.5609756097560976,0.4146341463414634,0.45121951219512196,0.6585365853658537,0.4268292682926829,0.7682926829268293,0.8414634146341463,0.3902439024390244,0.5365853658536586,0.4268292682926829,0.573170731707317,0.5487804878048781,0.47560975609756095,0.2926829268292683,0.524390243902439,0.5121951219512195,0.43902439024390244,0.5609756097560976,0.5975609756097561,0.3170731707317073,0.6829268292682927,0.47560975609756095,0.4024390243902439
1,0,3,0.1502856029132208,0.5365853658536586,0.2682926829268293,0.4024390243902439,0.4878048780487805,0.34146341463414637,0.25609756097560976,0.4634146341463415,0.2682926829268293,0.47560975609756095,0.6219512195121951,0.7926829268292683,0.573170731707317,0.6707317073170732,0.4878048780487805,0.6707317073170732,0.7560975609756098,0.6707317073170732,0.4878048780487805,0.4878048780487805,0.5121951219512195,0.3902439024390244,0.5,0.6219512195121951,0.7073170731707317,0.2926829268292683,0.21951219512195122,0.45121951219512196,0.43902439024390244,0.6219512195121951,0.524390243902439
1,0,4,0.14849365927584876,0.524390243902439,0.3780487804878049,0.3780487804878049,0.47560975609756095,0.2804878048780488,0.2682926829268293,0.573170731707317,0.2926829268292683,0.5,0.5,0.6829268292682927,0.47560975609756095,0.6341463414634146,0.43902439024390244,0.6341463414634146,0.8292682926829268,0.5609756097560976,0.36585365853658536,0.5487804878048781,0.2804878048780488,0.6097560975609756,0.5487804878048781,0.36585365853658536,0.8536585365853658,0.45121951219512196,0.4024390243902439,0.4634146341463415,0.4634146341463415,0.7317073170731707,0.4878048780487805
1,0,5,0.14381284243976541,0.32926829268292684,0.47560975609756095,0.7195121951219512,0.34146341463414637,0.45121951219512196,0.47560975609756095,0.6707317073170732,0.34146341463414637,0.2926829268292683,0.5121951219512195,0.45121951219512196,0.3048780487804878,0.4878048780487805,0.2804878048780488,0.573170731707317,0.8048780487804879,0.5121951219512195,0.5121951219512195,0.5487804878048781,0.3902439024390244,0.6219512195121951,0.5365853658536586,0.45121951219512196,0.7439024390243902,0.47560975609756095,0.4268292682926829,0.4024390243902439,0.5609756097560976,0.8414634146341463,0.4634146341463415
1,0,6,0.13609085859301415,0.5,0.6951219512195121,0.5365853658536586,0.5487804878048781,0.47560975609756095,0.7073170731707317,0.34146341463414637,0.24390243902439024,0.45121951219512196,0.5487804878048781,0.3780487804878049,0.3780487804878049,0.3170731707317073,0.5975609756097561,0.5975609756097561,0.7195121951219512,0.5975609756097561,0.6219512195121951,0.5,0.3170731707317073,0.5487804878048781,0.6219512195121951,0.35365853658536583,0.4268292682926829,0.24390243902439024,0.5487804878048781,0.5975609756097561,0.7073170731707317,0.524390243902439,0.35365853658536583
1,0,7,0.13547018611706163,0.4024390243902439,0.6219512195121951,0.5853658536585366,0.4268292682926829,0.4878048780487805,0.6219512195121951,0.5,0.7560975609756098,0.4024390243902439,0.45121951219512196,0.3048780487804878,0.4878048780487805,0.3048780487804878,0.5365853658536586,0.4024390243902439,0.47560975609756095,0.5609756097560976,0.34146341463414637,0.524390243902439,0.36585365853658536,0.6097560975609756,0.5975609756097561,0.7682926829268293,0.4146341463414634,0.6097560975609756,0.6585365853658537,0.34146341463414637,0.6219512195121951,0.1951219512195122,0.6219512195121951
1,0,8,0.10898555172967621,0.47560975609756095,0.6829268292682927,0.5121951219512195,0.4146341463414634,0.7317073170731707,0.5,0.573170731707317,0.43902439024390244,0.4146341463414634,0.43902439024390244,0.4878048780487805,0.5,0.5975609756097561,0.5121951219512195,0.573170731707317,0.2804878048780488,0.3780487804878049,0.2804878048780488,0.5975609756097561,0.6463414634146342,0.6463414634146342,0.573170731707317,0.3902439024390244,0.35365853658536583,0.573170731707317,0.5121951219512195,0.5487804878048781,0.5121951219512195,0.3780487804878049,0.47560975609756095
1,0,9,0.1246848098385744,0.4878048780487805,0.4878048780487805,0.45121951219512196,0.3170731707317073,0.6463414634146342,0.25609756097560976,0.5487804878048781,0.5853658536585366,0.573170731707317,0.6097560975609756,0.43902439024390244,0.6097560975609756,0.573170731707317,0.6463414634146342,0.4634146341463415,0.5121951219512195,0.47560975609756095,0.47560975609756095,0.4146341463414634,0.34146341463414637,0.4878048780487805,0.47560975609756095,0.6463414634146342,0.1951219512195122,0.47560975609756095,0.7560975609756098,0.6951219512195121,0.5,0.5121951219512195,0.34146341463414637
2,0,0,0.1713982343816798,0.5121951219512195,0.3780487804878049,0.34146341463414637,0.3048780487804878,0.6951219512195121,0.4024390243902439,0.36585365853658536,0.6097560975609756,0.5609756097560976,0.8414634146341463,0.4268292682926829,0.3902439024390244,0.47560975609756095,0.5853658536585366,0.4268292682926829,0.6829268292682927,0.45121951219512196,0.32926829268292684,0.45121951219512196,0.34146341463414637,0.9390243902439024,0.32926829268292684,0.524390243902439,0.36585365853658536,0.9024390243902439,0.36585365853658536,0.4268292682926829,0.35365853658536583,0.5365853658536586,0.6829268292682927
2,0,1,0.1650927067568732,0.5365853658536586,0.2682926829268293,0.4634146341463415,0.4268292682926829,0.5,0.5121951219512195,0.4024390243902439,0.6707317073170732,0.35365853658536583,0.7073170731707317,0.34146341463414637,0.5487804878048781,0.34146341463414637,0.5121951219512195,0.5365853658536586,0.7926829268292683,0.43902439024390244,0.43902439024390244,0.32926829268292684,0.5609756097560976,0.8780487804878049,0.2804878048780488,0.5853658536585366,0.4268292682926829,0.8170731707317073,0.4878048780487805,0.3048780487804878,0.34146341463414637,0.3902439024390244,0.8048780487804879
2,0,2,0.1529665668473722,0.5365853658536586,0.4268292682926829,0.6463414634146342,0.4146341463414634,0.4024390243902439,0.43902439024390244,0.2804878048780488,0.7073170731707317,0.4634146341463415,0.7926829268292683,0.3170731707317073,0.34146341463414637,0.6951219512195121,0.5121951219512195,0.524390243902439,0.7073170731707317,0.573170731707317,0.36585365853658536,0.2682926829268293,0.5853658536585366,0.8780487804878049,0.45121951219512196,0.5121951219512195,0.4878048780487805,0.4268292682926829,0.4634146341463415,0.2926829268292683,0.36585365853658536,0.43902439024390244,0.6829268292682927
2,0,3,0.15652254140752203,0.43902439024390244,0.6707317073170732,0.5487804878048781,0.5487804878048781,0.34146341463414637,0.47560975609756095,0.4268292682926829,0.32926829268292684,0.32926829268292684,0.7682926829268293,0.3902439024390244,0.6829268292682927,0.5975609756097561,0.32926829268292684,0.43902439024390244,0.8292682926829268,0.3780487804878049,0.6341463414634146,0.3048780487804878,0.45121951219512196,0.8414634146341463,0.5853658536585366,0.6341463414634146,0.35365853658536583,0.34146341463414637,0.4634146341463415,0.5609756097560976,0.35365853658536583,0.6341463414634146,0.3170731707317073
2,0,4,0.14906011307900024,0.43902439024390244,0.5365853658536586,0.6829268292682927,0.5365853658536586,0.4634146341463415,0.17073170731707318,0.7073170731707317,0.36585365853658536,0.6097560975609756,0.14634146341463414,0.32926829268292684,0.4634146341463415,0.5,0.5121951219512195,0.5365853658536586,0.7195121951219512,0.5365853658536586,0.47560975609756095,0.4024390243902439,0.6829268292682927,0.9024390243902439,0.45121951219512196,0.5,0.35365853658536583,0.4634146341463415,0.5365853658536586,0.45121951219512196,0.5,0.5487804878048781,0.47560975609756095
2,0,5,0.1540645043644269,0.573170731707317,0.5121951219512195,0.2926829268292683,0.6951219512195121,0.5975609756097561,0.32926829268292684,0.4146341463414634,0.4268292682926829,0.6585365853658537,0.35365853658536583,0.4878048780487805,0.573170731707317,0.6341463414634146,0.2682926829268293,0.5975609756097561,0.5487804878048781,0.5853658536585366,0.35365853658536583,0.8780487804878049,0.34146341463414637,0.3902439024390244,0.4634146341463415,0.32926829268292684,0.2926829268292683,0.5609756097560976,0.6707317073170732,0.7195121951219512,0.6951219512195121,0.43902439024390244,0.3170731707317073
2,0,6,0.13732378790496827,0.5853658536585366,0.6341463414634146,0.3170731707317073,0.6341463414634146,0.2804878048780488,0.4634146341463415,0.524390243902439,0.34146341463414637,0.6829268292682927,0.6341463414634146,0.5487804878048781,0.524390243902439,0.2682926829268293,0.47560975609756095,0.5853658536585366,0.3170731707317073,0.7682926829268293,0.5121951219512195,0.3902439024390244,0.6219512195121951,0.7195121951219512,0.45121951219512196,0.3048780487804878,0.3170731707317073,0.5975609756097561,0.4878048780487805,0.35365853658536583,0.5487804878048781,0.5975609756097561,0.5121951219512195
2,0,7,0.14064100725208287,0.4024390243902439,0.7073170731707317,0.5,0.2926829268292683,0.5487804878048781,0.4878048780487805,0.6219512195121951,0.35365853658536583,0.7560975609756098,0.3780487804878049,0.4024390243902439,0.5365853658536586,0.573170731707317,0.5365853658536586,0.36585365853658536,0.4268292682926829,0.5487804878048781,0.45121951219512196,0.2682926829268293,0.3170731707317073,0.7317073170731707,0.7926829268292683,0.5121951219512195,0.34146341463414637,0.6707317073170732,0.5121951219512195,0.32926829268292684,0.5487804878048781,0.6341463414634146,0.45121951219512196
2,0,8,0.132995805181649,0.3780487804878049,0.43902439024390244,0.7804878048780488,0.4146341463414634,0.7317073170731707,0.4634146341463415,0.3780487804878049,0.5487804878048781,0.43902439024390244,0.2804878048780488,0.34146341463414637,0.6829268292682927,0.5121951219512195,0.524390243902439,0.4268292682926829,0.6219512195121951,0.43902439024390244,0.573170731707317,0.18292682926829268,0.4634146341463415,0.5609756097560976,0.6707317073170732,0.6219512195121951,0.5853658536585366,0.45121951219512196,0.5609756097560976,0.3170731707317073,0.45121951219512196,0.5487804878048781,0.6097560975609756
2,0,9,0.16003048490072438,0.524390243902439,0.1951219512195122,0.7195121951219512,0.573170731707317,0.5,0.2926829268292683,0.573170731707317,0.4634146341463415,0.5121951219512195,0.3048780487804878,0.8170731707317073,0.5853658536585366,0.6097560975609756,0.5,0.6219512195121951,0.524390243902439,0.4024390243902439,0.8292682926829268,0.7195121951219512,0.43902439024390244,0.32926829268292684,0.6097560975609756,0.4634146341463415,0.4878048780487805,0.2926829268292683,0.1951219512195122,0.47560975609756095,0.5975609756097561,0.3048780487804878,0.5365853658536586
3,0,0,0.1791202862278038,0.4878048780487805,0.5365853658536586,0.2682926829268293,0.5121951219512195,0.25609756097560976,0.9634146341463414,0.47560975609756095,0.34146341463414637,0.4024390243902439,0.3902439024390244,0.6585365853658537,0.7317073170731707,0.8902439024390244,0.4268292682926829,0.36585365853658536,0.573170731707317,0.3902439024390244,0.43902439024390244,0.8048780487804879,0.4024390243902439,0.3780487804878049,0.5,0.7439024390243902,0.3048780487804878,0.4268292682926829,0.34146341463414637,0.6951219512195121,0.4634146341463415,0.4878048780487805,0.34146341463414637
3,0,1,0.15775290985310775,0.3170731707317073,0.4268292682926829,0.4878048780487805,0.6585365853658537,0.5,0.9390243902439024,0.2682926829268293,0.4634146341463415,0.45121951219512196,0.4878048780487805,0.7073170731707317,0.6707317073170732,0.6463414634146342,0.35365853658536583,0.4024390243902439,0.43902439024390244,0.3902439024390244,0.4268292682926829,0.7195121951219512,0.3780487804878049,0.45121951219512196,0.4024390243902439,0.8170731707317073,0.2682926829268293,0.4024390243902439,0.3780487804878049,0.6341463414634146,0.4878048780487805,0.5975609756097561,0.4268292682926829
3,0,2,0.13811570097939463,0.45121951219512196,0.18292682926829268,0.5121951219512195,0.47560975609756095,0.4634146341463415,0.6585365853658537,0.5487804878048781,0.6097560975609756,0.43902439024390244,0.32926829268292684,0.5121951219512195,0.4268292682926829,0.8414634146341463,0.4268292682926829,0.32926829268292684,0.3780487804878049,0.5121951219512195,0.573170731707317,0.7560975609756098,0.5975609756097561,0.45121951219512196,0.5,0.7317073170731707,0.36585365853658536,0.524390243902439,0.2804878048780488,0.5365853658536586,0.4268292682926829,0.5975609756097561,0.5609756097560976
3,0,3,0.13236062001185497,0.7317073170731707,0.35365853658536583,0.7682926829268293,0.3902439024390244,0.6829268292682927,0.5365853658536586,0.5365853658536586,0.47560975609756095,0.5121951219512195,0.524390243902439,0.5853658536585366,0.3780487804878049,0.7804878048780488,0.4878048780487805,0.4268292682926829,0.2926829268292683,0.5365853658536586,0.36585365853658536,0.7073170731707317,0.573170731707317,0.5609756097560976,0.2804878048780488,0.5121951219512195,0.4146341463414634,0.5,0.4146341463414634,0.4268292682926829,0.35365853658536583,0.36585365853658536,0.524390243902439
3,0,4,0.12650051199892626,0.5365853658536586,0.5853658536585366,0.47560975609756095,0.32926829268292684,0.7073170731707317,0.6219512195121951,0.35365853658536583,0.35365853658536583,0.4634146341463415,0.5853658536585366,0.6097560975609756,0.5853658536585366,0.24390243902439024,0.6829268292682927,0.3902439024390244,0.6585365853658537,0.5,0.32926829268292684,0.3170731707317073,0.45121951219512196,0.573170731707317,0.4634146341463415,0.34146341463414637,0.6585365853658537,0.573170731707317,0.43902439024390244,0.5,0.6219512195121951,0.4024390243902439,0.6463414634146342
3,0,5,0.12125819343252289,0.6707317073170732,0.5609756097560976,0.5609756097560976,0.45121951219512196,0.3170731707317073,0.35365853658536583,0.573170731707317,0.4268292682926829,0.5,0.4878048780487805,0.25609756097560976,0.5609756097560976,0.5365853658536586,0.6707317073170732,0.5853658536585366,0.6585365853658537,0.35365853658536583,0.5365853658536586,0.36585365853658536,0.5609756097560976,0.45121951219512196,0.43902439024390244,0.32926829268292684,0.7439024390243902,0.4146341463414634,0.5365853658536586,0.5853658536585366,0.6341463414634146,0.5609756097560976,0.3170731707317073
3,0,6,0.10589411388337762,0.3902439024390244,0.6097560975609756,0.5609756097560976,0.6585365853658537,0.5975609756097561,0.4146341463414634,0.43902439024390244,0.5,0.3780487804878049,0.4024390243902439,0.2804878048780488,0.6097560975609756,0.6463414634146342,0.4146341463414634,0.45121951219512196,0.6219512195121951,0.5121951219512195,0.7317073170731707,0.4878048780487805,0.524390243902439,0.3780487804878049,0.4146341463414634,0.3170731707317073,0.5121951219512195,0.5121951219512195,0.5609756097560976,0.5487804878048781,0.4634146341463415,0.6097560975609756,0.45121951219512196
3,0,7,0.11844554702710135,0.4268292682926829,0.3780487804878049,0.573170731707317,0.45121951219512196,0.5365853658536586,0.2073170731707317,0.5,0.6463414634146342,0.43902439024390244,0.4878048780487805,0.573170731707317,0.4268292682926829,0.35365853658536583,0.5121951219512195,0.6951219512195121,0.4634146341463415,0.43902439024390244,0.35365853658536583,0.5487804878048781,0.573170731707317,0.6219512195121951,0.6097560975609756,0.25609756097560976,0.4878048780487805,0.6341463414634146,0.6707317073170732,0.5,0.5609756097560976,0.4024390243902439,0.6707317073170732
3,0,8,0.15257717317327482,0.4268292682926829,0.6707317073170732,0.4024390243902439,0.23170731707317074,0.23170731707317074,0.4024390243902439,0.4024390243902439,0.7317073170731707,0.4268292682926829,0.47560975609756095,0.6585365853658537,0.45121951219512196,0.5487804878048781,0.6585365853658537,0.2073170731707317,0.6707317073170732,0.3048780487804878,0.524390243902439,0.6829268292682927,0.4878048780487805,0.5121951219512195,0.36585365853658536,0.5975609756097561,0.6219512195121951,0.43902439024390244,0.7926829268292683,0.45121951219512196,0.3780487804878049,0.5487804878048781,0.6951219512195121
3,0,9,0.13965056530017178,0.6463414634146342,0.47560975609756095,0.34146341463414637,0.5975609756097561,0.25609756097560976,0.5121951219512195,0.4024390243902439,0.5121951219512195,0.45121951219512196,0.4634146341463415,0.8170731707317073,0.5487804878048781,0.3902439024390244,0.7804878048780488,0.4146341463414634,0.4268292682926829,0.36585365853658536,0.6707317073170732,0.6097560975609756,0.4024390243902439,0.6707317073170732,0.47560975609756095,0.4146341463414634,0.7073170731707317,0.573170731707317,0.36585365853658536,0.3170731707317073,0.3170731707317073,0.5975609756097561,0.47560975609756095
4,0,0,0.16049447684255708,0.3780487804878049,0.45121951219512196,0.35365853658536583,0.5975609756097561,0.8170731707317073,0.2926829268292683,0.5609756097560976,0.45121951219512196,0.43902439024390244,0.5975609756097561,0.2682926829268293,0.4878048780487805,0.35365853658536583,0.43902439024390244,0.9390243902439024,0.4634146341463415,0.5121951219512195,0.3780487804878049,0.4024390243902439,0.573170731707317,0.34146341463414637,0.2804878048780488,0.35365853658536583,0.5365853658536586,0.8170731707317073,0.47560975609756095,0.6585365853658537,0.5121951219512195,0.6219512195121951,0.6463414634146342
4,0,1,0.1575642477447238,0.3780487804878049,0.5365853658536586,0.4878048780487805,0.4878048780487805,0.8536585365853658,0.45121951219512196,0.5975609756097561,0.6707317073170732,0.3780487804878049,0.5853658536585366,0.25609756097560976,0.4878048780487805,0.35365853658536583,0.47560975609756095,0.9024390243902439,0.18292682926829268,0.3902439024390244,0.4268292682926829,0.3902439024390244,0.45121951219512196,0.4024390243902439,0.5121951219512195,0.4146341463414634,0.5853658536585366,0.6463414634146342,0.36585365853658536,0.6097560975609756,0.4634146341463415,0.7926829268292683,0.4634146341463415
4,0,2,0.16388719441299845,0.3170731707317073,0.6585365853658537,0.32926829268292684,0.4634146341463415,0.7195121951219512,0.3780487804878049,0.3902439024390244,0.6829268292682927,0.3048780487804878,0.45121951219512196,0.573170731707317,0.4024390243902439,0.5365853658536586,0.4146341463414634,0.9878048780487805,0.524390243902439,0.5121951219512195,0.36585365853658536,0.4024390243902439,0.35365853658536583,0.47560975609756095,0.3780487804878049,0.3048780487804878,0.7560975609756098,0.6707317073170732,0.4878048780487805,0.7195121951219512,0.3170731707317073,0.6585365853658537,0.4634146341463415
4,0,3,0.16227609690893852,0.6097560975609756,0.6097560975609756,0.45121951219512196,0.3048780487804878,0.7317073170731707,0.5609756097560976,0.4146341463414634,0.5,0.32926829268292684,0.3902439024390244,0.3780487804878049,0.4024390243902439,0.5121951219512195,0.4634146341463415,0.8780487804878049,0.5853658536585366,0.6341463414634146,0.6097560975609756,0.47560975609756095,0.2804878048780488,0.24390243902439024,0.6951219512195121,0.4878048780487805,0.8048780487804879,0.21951219512195122,0.524390243902439,0.4878048780487805,0.3170731707317073,0.7073170731707317,0.3902439024390244
4,0,4,0.13236062001185497,0.573170731707317,0.4268292682926829,0.7317073170731707,0.35365853658536583,0.25609756097560976,0.5121951219512195,0.4878048780487805,0.35365853658536583,0.5121951219512195,0.5975609756097561,0.43902439024390244,0.5609756097560976,0.3780487804878049,0.4024390243902439,0.6097560975609756,0.6097560975609756,0.34146341463414637,0.6463414634146342,0.573170731707317,0.5853658536585366,0.34146341463414637,0.4146341463414634,0.3902439024390244,0.7195121951219512,0.3902439024390244,0.5853658536585366,0.43902439024390244,0.7439024390243902,0.6829268292682927,0.34146341463414637
4,0,5,0.15015359972313547,0.6219512195121951,0.2073170731707317,0.7317073170731707,0.2926829268292683,0.4024390243902439,0.5609756097560976,0.5853658536585366,0.4268292682926829,0.47560975609756095,0.4878048780487805,0.45121951219512196,0.573170731707317,0.47560975609756095,0.4268292682926829,0.34146341463414637,0.524390243902439,0.6707317073170732,0.573170731707317,0.4268292682926829,0.7682926829268293,0.7560975609756098,0.2682926829268293,0.7195121951219512,0.24390243902439024,0.4878048780487805,0.6707317073170732,0.34146341463414637,0.524390243902439,0.5609756097560976,0.4024390243902439
4,0,6,0.15534626109695557,0.5609756097560976,0.36585365853658536,0.5853658536585366,0.4146341463414634,0.4146341463414634,0.8414634146341463,0.7317073170731707,0.6463414634146342,0.34146341463414637,0.5,0.2926829268292683,0.5121951219512195,0.47560975609756095,0.4146341463414634,0.2682926829268293,0.34146341463414637,0.5121951219512195,0.43902439024390244,0.5365853658536586,0.6951219512195121,0.9024390243902439,0.45121951219512196,0.4268292682926829,0.36585365853658536,0.4024390243902439,0.43902439024390244,0.4878048780487805,0.7804878048780488,0.4268292682926829,0.4268292682926829
4,0,7,0.15620550129791427,0.35365853658536583,0.7073170731707317,0.2804878048780488,0.4146341463414634,0.4634146341463415,0.8536585365853658,0.5975609756097561,0.5853658536585366,0.5975609756097561,0.2926829268292683,0.4634146341463415,0.3170731707317073,0.6707317073170732,0.34146341463414637,0.4146341463414634,0.4268292682926829,0.6463414634146342,0.34146341463414637,0.6341463414634146,0.35365853658536583,0.7804878048780488,0.5121951219512195,0.3780487804878049,0.4878048780487805,0.35365853658536583,0.4024390243902439,0.4146341463414634,0.7804878048780488,0.5,0.6341463414634146
4,0,8,0.1295594205999346,0.2804878048780488,0.524390243902439,0.6097560975609756,0.2804878048780488,0.573170731707317,0.6951219512195121,0.5853658536585366,0.34146341463414637,0.43902439024390244,0.4146341463414634,0.43902439024390244,0.7195121951219512,0.5121951219512195,0.45121951219512196,0.573170731707317,0.2926829268292683,0.6829268292682927,0.45121951219512196,0.5975609756097561,0.5487804878048781,0.7317073170731707,0.5853658536585366,0.4024390243902439,0.6219512195121951,0.4268292682926829,0.573170731707317,0.43902439024390244,0.36585365853658536,0.3048780487804878,0.5365853658536586
4,0,9,0.11453031104267218,0.24390243902439024,0.47560975609756095,0.6829268292682927,0.573170731707317,0.4878048780487805,0.4634146341463415,0.5487804878048781,0.4024390243902439,0.5853658536585366,0.573170731707317,0.5365853658536586,0.573170731707317,0.45121951219512196,0.4268292682926829,0.4634146341463415,0.5,0.4268292682926829,0.24390243902439024,0.6341463414634146,0.4878048780487805,0.6829268292682927,0.7682926829268293,0.5365853658536586,0.5365853658536586,0.5609756097560976,0.3902439024390244,0.5365853658536586,0.4146341463414634,0.35365853658536583,0.43902439024390244
0,0,0,0.17023737961273452,0.43902439024390244,0.36585365853658536,0.4634146341463415,0.7682926829268293,0.5121951219512195,0.3780487804878049,0.3780487804878049,0.34146341463414637,0.3902439024390244,0.4268292682926829,0.47560975609756095,0.43902439024390244,0.3902439024390244,0.5365853658536586,0.7926829268292683,0.9512195121951219,0.4268292682926829,0.7317073170731707,0.4634146341463415,0.7682926829268293,0.6097560975609756,0.35365853658536583,0.4634146341463415,0.8170731707317073,0.35365853658536583,0.5853658536585366,0.3170731707317073,0.36585365853658536,0.36585365853658536,0.32926829268292684
0,0,1,0.13392442842236432,0.4268292682926829,0.43902439024390244,0.5365853658536586,0.6341463414634146,0.6463414634146342,0.4268292682926829,0.5609756097560976,0.4878048780487805,0.34146341463414637,0.35365853658536583,0.573170731707317,0.36585365853658536,0.3902439024390244,0.43902439024390244,0.7195121951219512,0.8902439024390244,0.35365853658536583,0.47560975609756095,0.3780487804878049,0.7439024390243902,0.6341463414634146,0.45121951219512196,0.5121951219512195,0.4634146341463415,0.3780487804878049,0.6219512195121951,0.3170731707317073,0.45121951219512196,0.4268292682926829,0.5609756097560976
0,0,2,0.1343678880081885,0.3780487804878049,0.43902439024390244,0.524390243902439,0.5487804878048781,0.524390243902439,0.4634146341463415,0.4878048780487805,0.4024390243902439,0.4878048780487805,0.5365853658536586,0.5975609756097561,0.47560975609756095,0.34146341463414637,0.4878048780487805,0.8048780487804879,0.8292682926829268,0.573170731707317,0.47560975609756095,0.32926829268292684,0.8414634146341463,0.5121951219512195,0.3170731707317073,0.4878048780487805,0.34146341463414637,0.3902439024390244,0.6585365853658537,0.43902439024390244,0.3780487804878049,0.4878048780487805,0.43902439024390244
0,0,3,0.14453491982829605,0.5609756097560976,0.47560975609756095,0.3902439024390244,0.4878048780487805,0.6219512195121951,0.5487804878048781,0.2926829268292683,0.4878048780487805,0.524390243902439,0.36585365853658536,0.4878048780487805,0.4634146341463415,0.6951219512195121,0.3902439024390244,0.8414634146341463,0.8048780487804879,0.2804878048780488,0.21951219512195122,0.43902439024390244,0.6585365853658537,0.3780487804878049,0.32926829268292684,0.573170731707317,0.5365853658536586,0.5609756097560976,0.5365853658536586,0.6829268292682927,0.35365853658536583,0.5487804878048781,0.4634146341463415
0,0,4,0.17197572333044783,0.5365853658536586,0.25609756097560976,0.32926829268292684,0.4634146341463415,0.6707317073170732,0.6341463414634146,0.7804878048780488,0.573170731707317,0.45121951219512196,0.6829268292682927,0.36585365853658536,0.4024390243902439,0.6707317073170732,0.17073170731707318,0.7317073170731707,0.3780487804878049,0.4146341463414634,0.4878048780487805,0.36585365853658536,0.3780487804878049,0.7195121951219512,0.7804878048780488,0.43902439024390244,0.4024390243902439,0.35365853658536583,0.43902439024390244,0.7439024390243902,0.18292682926829268,0.524390243902439,0.6707317073170732
0,0,5,0.1349936287154825,0.5975609756097561,0.4634146341463415,0.2682926829268293,0.5609756097560976,0.47560975609756095,0.4878048780487805,0.47560975609756095,0.7926829268292683,0.4634146341463415,0.32926829268292684,0.6707317073170732,0.4024390243902439,0.5,0.4878048780487805,0.4024390243902439,0.47560975609756095,0.2926829268292683,0.6341463414634146,0.6829268292682927,0.4024390243902439,0.7317073170731707,0.7317073170731707,0.3902439024390244,0.34146341463414637,0.6097560975609756,0.2926829268292683,0.47560975609756095,0.5853658536585366,0.5,0.47560975609756095
0,0,6,0.1653927119230097,0.6097560975609756,0.43902439024390244,0.4146341463414634,0.36585365853658536,0.35365853658536583,0.6951219512195121,0.35365853658536583,0.6341463414634146,0.34146341463414637,0.5487804878048781,0.6097560975609756,0.3170731707317073,0.4146341463414634,0.8536585365853658,0.6097560975609756,0.8048780487804879,0.5609756097560976,0.4268292682926829,0.2073170731707317,0.5853658536585366,0.7804878048780488,0.4878048780487805,0.4024390243902439,0.2804878048780488,0.5609756097560976,0.23170731707317074,0.4024390243902439,0.6097560975609756,0.4268292682926829,0.6707317073170732
0,0,7,0.16212328013438057,0.24390243902439024,0.3780487804878049,0.7439024390243902,0.5121951219512195,0.5609756097560976,0.6463414634146342,0.4634146341463415,0.6463414634146342,0.4024390243902439,0.4024390243902439,0.34146341463414637,0.4878048780487805,0.6341463414634146,0.6829268292682927,0.18292682926829268,0.8414634146341463,0.4634146341463415,0.2926829268292683,0.21951219512195122,0.6585365853658537,0.7317073170731707,0.6707317073170732,0.5121951219512195,0.5487804878048781,0.3170731707317073,0.4268292682926829,0.4146341463414634,0.573170731707317,0.4634146341463415,0.5365853658536586
0,0,8,0.1617865751392878,0.5365853658536586,0.3902439024390244,0.7439024390243902,0.5609756097560976,0.8048780487804879,0.7560975609756098,0.4268292682926829,0.5609756097560976,0.3902439024390244,0.32926829268292684,0.573170731707317,0.45121951219512196,0.7073170731707317,0.47560975609756095,0.23170731707317074,0.7317073170731707,0.7439024390243902,0.3048780487804878,0.4634146341463415,0.4268292682926829,0.3170731707317073,0.24390243902439024,0.43902439024390244,0.5853658536585366,0.2804878048780488,0.5,0.4878048780487805,0.7073170731707317,0.3780487804878049,0.45121951219512196
0,0,9,0.12739865934045377,0.6463414634146342,0.47560975609756095,0.6585365853658537,0.5,0.5975609756097561,0.3170731707317073,0.6951219512195121,0.4878048780487805,0.5487804878048781,0.4146341463414634,0.4268292682926829,0.43902439024390244,0.6829268292682927,0.24390243902439024,0.4878048780487805,0.7073170731707317,0.6585365853658537,0.35365853658536583,0.45121951219512196,0.36585365853658536,0.5,0.4268292682926829,0.5487804878048781,0.5121951219512195,0.1951219512195122,0.573170731707317,0.4146341463414634,0.5487804878048781,0.5,0.6219512195121951
1,0,0,0.1789818517947057,0.3780487804878049,0.45121951219512196,0.4634146341463415,0.6707317073170732,0.7317073170731707,0.4024390243902439,0.8414634146341463,0.35365853658536583,0.2926829268292683,0.3048780487804878,0.6219512195121951,0.32926829268292684,0.7195121951219512,0.3902439024390244,0.36585365853658536,0.3048780487804878,0.3902439024390244,0.5609756097560976,0.6463414634146342,0.5975609756097561,0.8414634146341463,0.45121951219512196,0.35365853658536583,0.9390243902439024,0.34146341463414637,0.5487804878048781,0.5975609756097561,0.4146341463414634,0.34146341463414637,0.35365853658536583
1,0,1,0.16024718166200833,0.4024390243902439,0.5365853658536586,0.3780487804878049,0.573170731707317,0.6585365853658537,0.4146341463414634,0.8048780487804879,0.4024390243902439,0.3780487804878049,0.35365853658536583,0.524390243902439,0.3902439024390244,0.7317073170731707,0.3780487804878049,0.36585365853658536,0.43902439024390244,0.2804878048780488,0.5609756097560976,0.6097560975609756,0.4634146341463415,0.8292682926829268,0.5365853658536586,0.2804878048780488,0.9146341463414634,0.4268292682926829,0.6585365853658537,0.4146341463414634,0.4024390243902439,0.5365853658536586,0.35365853658536583
1,0,2,0.11961170570965102,0.36585365853658536,0.47560975609756095,0.5365853658536586,0.3780487804878049,0.5121951219512195,0.4146341463414634,0.5853658536585366,0.4146341463414634,0.32926829268292684,0.4268292682926829,0.5121951219512195,0.4268292682926829,0.6829268292682927,0.5,0.4146341463414634,0.5609756097560976,0.5365853658536586,0.6219512195121951,0.6585365853658537,0.6097560975609756,0.8048780487804879,0.47560975609756095,0.4634146341463415,0.5365853658536586,0.4146341463414634,0.4268292682926829,0.5487804878048781,0.5365853658536586,0.6463414634146342,0.18292682926829268
1,0,3,0.15505878961594025,0.5,0.3780487804878049,0.6829268292682927,0.6097560975609756,0.4268292682926829,0.24390243902439024,0.4268292682926829,0.34146341463414637,0.3902439024390244,0.5,0.5487804878048781,0.32926829268292684,0.3902439024390244,0.5609756097560976,0.5,0.7195121951219512,0.7073170731707317,0.8292682926829268,0.573170731707317,0.5975609756097561,0.7682926829268293,0.5853658536585366,0.5487804878048781,0.5487804878048781,0.6219512195121951,0.25609756097560976,0.32926829268292684,0.3048780487804878,0.524390243902439,0.25609756097560976
1,0,4,0.1367449706273321,0.5121951219512195,0.5487804878048781,0.6097560975609756,0.45121951219512196,0.4146341463414634,0.6463414634146342,0.3780487804878049,0.45121951219512196,0.4878048780487805,0.45121951219512196,0.4146341463414634,0.7317073170731707,0.25609756097560976,0.43902439024390244,0.6707317073170732,0.6829268292682927,0.6219512195121951,0.4878048780487805,0.35365853658536583,0.5853658536585366,0.45121951219512196,0.5365853658536586,0.2926829268292683,0.6829268292682927,0.6585365853658537,0.43902439024390244,0.24390243902439024,0.7439024390243902,0.35365853658536583,0.4024390243902439
1,0,5,0.13202310831926203,0.4268292682926829,0.4146341463414634,0.4024390243902439,0.573170731707317,0.47560975609756095,0.4268292682926829,0.7195121951219512,0.43902439024390244,0.5609756097560976,0.4878048780487805,0.36585365853658536,0.6707317073170732,0.35365853658536583,0.6219512195121951,0.7195121951219512,0.24390243902439024,0.524390243902439,0.35365853658536583,0.3048780487804878,0.2804878048780488,0.6463414634146342,0.6585365853658537,0.4024390243902439,0.4268292682926829,0.524390243902439,0.6951219512195121,0.5,0.5609756097560976,0.6219512195121951,0.5975609756097561
1,0,6,0.14549211518840066,0.43902439024390244,0.3902439024390244,0.6097560975609756,0.6829268292682927,0.7195121951219512,0.43902439024390244,0.573170731707317,0.4878048780487805,0.7317073170731707,0.25609756097560976,0.32926829268292684,0.6585365853658537,0.7317073170731707,0.4634146341463415,0.5,0.7317073170731707,0.34146341463414637,0.5,0.3780487804878049,0.5121951219512195,0.3170731707317073,0.5487804878048781,0.5853658536585366,0.5121951219512195,0.2804878048780488,0.6341463414634146,0.524390243902439,0.32926829268292684,0.25609756097560976,0.5365853658536586
1,0,7,0.11047640781865234,0.4024390243902439,0.4268292682926829,0.5609756097560976,0.36585365853658536,0.5609756097560976,0.5121951219512195,0.6951219512195121,0.5,0.7926829268292683,0.5975609756097561,0.5975609756097561,0.3780487804878049,0.6341463414634146,0.4024390243902439,0.5121951219512195,0.5,0.524390243902439,0.3780487804878049,0.3902439024390244,0.47560975609756095,0.47560975609756095,0.7195121951219512,0.45121951219512196,0.4878048780487805,0.34146341463414637,0.5975609756097561,0.5,0.4024390243902439,0.4146341463414634,0.4024390243902439
1,0,8,0.11374852503766848,0.524390243902439,0.6463414634146342,0.4878048780487805,0.6097560975609756,0.47560975609756095,0.7195121951219512,0.4634146341463415,0.5609756097560976,0.5,0.6219512195121951,0.47560975609756095,0.3048780487804878,0.5487804878048781,0.4024390243902439,0.5121951219512195,0.4268292682926829,0.32926829268292684,0.43902439024390244,0.7073170731707317,0.3902439024390244,0.34146341463414637,0.6829268292682927,0.5487804878048781,0.2804878048780488,0.34146341463414637,0.5487804878048781,0.524390243902439,0.5121951219512195,0.5121951219512195,0.5609756097560976
1,0,9,0.1275542133170037,0.4268292682926829,0.6341463414634146,0.43902439024390244,0.7317073170731707,0.6951219512195121,0.6951219512195121,0.45121951219512196,0.5609756097560976,0.3780487804878049,0.32926829268292684,0.5609756097560976,0.47560975609756095,0.35365853658536583,0.5487804878048781,0.5853658536585366,0.573170731707317,0.6707317073170732,0.3170731707317073,0.7073170731707317,0.45121951219512196,0.2682926829268293,0.4024390243902439,0.34146341463414637,0.5365853658536586,0.5975609756097561,0.4146341463414634,0.4024390243902439,0.43902439024390244,0.4268292682926829,0.5853658536585366
2,0,0,0.16676578452655297,0.25609756097560976,0.45121951219512196,0.3780487804878049,0.2926829268292683,0.4268292682926829,0.4024390243902439,0.3048780487804878,0.9512195121951219,0.4634146341463415,0.8170731707317073,0.36585365853658536,0.43902439024390244,0.6341463414634146,0.573170731707317,0.6707317073170732,0.5609756097560976,0.47560975609756095,0.36585365853658536,0.2804878048780488,0.7804878048780488,0.3902439024390244,0.5,0.4268292682926829,0.3780487804878049,0.4878048780487805,0.7926829268292683,0.4878048780487805,0.6097560975609756,0.5487804878048781,0.4878048780487805
2,0,1,0.16166396309049744,0.4878048780487805,0.5609756097560976,0.4146341463414634,0.7073170731707317,0.3780487804878049,0.25609756097560976,0.4024390243902439,0.8414634146341463,0.3902439024390244,0.6951219512195121,0.5365853658536586,0.524390243902439,0.6585365853658537,0.23170731707317074,0.6707317073170732,0.5975609756097561,0.4146341463414634,0.5,0.3048780487804878,0.7073170731707317,0.35365853658536583,0.2926829268292683,0.4268292682926829,0.3780487804878049,0.4024390243902439,0.8658536585365854,0.4634146341463415,0.6341463414634146,0.4268292682926829,0.47560975609756095
2,0,2,0.14277496857570857,0.4878048780487805,0.32926829268292684,0.45121951219512196,0.7439024390243902,0.4268292682926829,0.4146341463414634,0.5365853658536586,0.7195121951219512,0.3780487804878049,0.7926829268292683,0.45121951219512196,0.47560975609756095,0.6829268292682927,0.5365853658536586,0.3902439024390244,0.2073170731707317,0.573170731707317,0.5609756097560976,0.47560975609756095,0.6951219512195121,0.3170731707317073,0.34146341463414637,0.45121951219512196,0.3780487804878049,0.5,0.8048780487804879,0.43902439024390244,0.47560975609756095,0.5,0.4634146341463415
2,0,3,0.13965056530017178,0.43902439024390244,0.35365853658536583,0.4878048780487805,0.6951219512195121,0.3902439024390244,0.5975609756097561,0.5487804878048781,0.34146341463414637,0.7926829268292683,0.5609756097560976,0.6463414634146342,0.2926829268292683,0.47560975609756095,0.6341463414634146,0.4268292682926829,0.36585365853658536,0.6219512195121951,0.5853658536585366,0.2804878048780488,0.4268292682926829,0.32926829268292684,0.4146341463414634,0.5,0.5365853658536586,0.4878048780487805,0.5487804878048781,0.34146341463414637,0.3902439024390244,0.6951219512195121,0.7926829268292683
2,0,4,0.11927968090342447,0.45121951219512196,0.4146341463414634,0.5975609756097561,0.6707317073170732,0.4634146341463415,0.6585365853658537,0.34146341463414637,0.47560975609756095,0.6951219512195121,0.47560975609756095,0.6829268292682927,0.47560975609756095,0.45121951219512196,0.5,0.3170731707317073,0.2926829268292683,0.6585365853658537,0.5365853658536586,0.524390243902439,0.5365853658536586,0.5609756097560976,0.2682926829268293,0.43902439024390244,0.4024390243902439,0.5853658536585366,0.6707317073170732,0.32926829268292684,0.4268292682926829,0.5487804878048781,0.5487804878048781
2,0,5,0.14453491982829603,0.4146341463414634,0.9024390243902439,0.6463414634146342,0.4634146341463415,0.45121951219512196,0.5975609756097561,0.4268292682926829,0.5487804878048781,0.5365853658536586,0.25609756097560976,0.25609756097560976,0.524390243902439,0.5121951219512195,0.6463414634146342,0.5,0.3902439024390244,0.7195121951219512,0.4268292682926829,0.6097560975609756,0.45121951219512196,0.6219512195121951,0.2926829268292683,0.43902439024390244,0.4268292682926829,0.6951219512195121,0.2682926829268293,0.5487804878048781,0.35365853658536583,0.47560975609756095,0.5975609756097561
2,0,6,0.14732057283303396,0.5853658536585366,0.5121951219512195,0.7439024390243902,0.5365853658536586,0.4146341463414634,0.4146341463414634,0.7439024390243902,0.4024390243902439,0.2682926829268293,0.4268292682926829,0.45121951219512196,0.3170731707317073,0.5121951219512195,0.7073170731707317,0.8536585365853658,0.4024390243902439,0.4878048780487805,0.3170731707317073,0.3048780487804878,0.5,0.4878048780487805,0.3780487804878049,0.4024390243902439,0.5365853658536586,0.2926829268292683,0.5365853658536586,0.7560975609756098,0.5975609756097561,0.5975609756097561,0.5121951219512195
2,0,7,0.10594091791389869,0.6097560975609756,0.5,0.45121951219512196,0.4146341463414634,0.36585365853658536,0.45121951219512196,0.5853658536585366,0.3780487804878049,0.524390243902439,0.573170731707317,0.524390243902439,0.5365853658536586,0.35365853658536583,0.573170731707317,0.3902439024390244,0.5609756097560976,0.573170731707317,0.4878048780487805,0.4878048780487805,0.5365853658536586,0.2682926829268293,0.4146341463414634,0.573170731707317,0.7073170731707317,0.3170731707317073,0.6585365853658537,0.573170731707317,0.4634146341463415,0.6951219512195121,0.45121951219512196
2,0,8,0.12191056232836402,0.6585365853658537,0.4146341463414634,0.5121951219512195,0.573170731707317,0.3170731707317073,0.3780487804878049,0.5487804878048781,0.45121951219512196,0.3780487804878049,0.6585365853658537,0.25609756097560976,0.43902439024390244,0.6219512195121951,0.43902439024390244,0.8292682926829268,0.4878048780487805,0.4878048780487805,0.43902439024390244,0.4878048780487805,0.43902439024390244,0.43902439024390244,0.573170731707317,0.5609756097560976,0.5487804878048781,0.4146341463414634,0.4024390243902439,0.36585365853658536,0.524390243902439,0.7195121951219512,0.6341463414634146
2,0,9,0.11225696422164713,0.5609756097560976,0.6097560975609756,0.5487804878048781,0.6707317073170732,0.36585365853658536,0.6951219512195121,0.4146341463414634,0.5853658536585366,0.5365853658536586,0.43902439024390244,0.34146341463414637,0.6585365853658537,0.45121951219512196,0.4024390243902439,0.4146341463414634,0.47560975609756095,0.5365853658536586,0.2682926829268293,0.45121951219512196,0.3902439024390244,0.4634146341463415,0.6463414634146342,0.6097560975609756,0.524390243902439,0.47560975609756095,0.32926829268292684,0.6829268292682927,0.45121951219512196,0.5853658536585366,0.4146341463414634
3,0,0,0.19412856886418442,0.32926829268292684,0.32926829268292684,0.43902439024390244,0.34146341463414637,0.8658536585365854,0.5975609756097561,0.5487804878048781,0.8170731707317073,0.4634146341463415,0.32926829268292684,0.4268292682926829,0.4268292682926829,0.24390243902439024,0.7560975609756098,0.32926829268292684,0.5121951219512195,0.3048780487804878,0.36585365853658536,0.975609756097561,0.35365853658536583,0.4146341463414634,0.8048780487804879,0.5609756097560976,0.573170731707317,0.4268292682926829,0.3902439024390244,0.3780487804878049,0.5,0.34146341463414637,0.8536585365853658
3,0,1,0.17415271788103104,0.45121951219512196,0.5,0.36585365853658536,0.32926829268292684,0.8536585365853658,0.47560975609756095,0.4878048780487805,0.4146341463414634,0.524390243902439,0.2682926829268293,0.47560975609756095,0.4146341463414634,0.524390243902439,0.7195121951219512,0.32926829268292684,0.5365853658536586,0.45121951219512196,0.4024390243902439,0.9512195121951219,0.32926829268292684,0.4268292682926829,0.8292682926829268,0.43902439024390244,0.5365853658536586,0.45121951219512196,0.4146341463414634,0.5853658536585366,0.3902439024390244,0.25609756097560976,0.8658536585365854
3,0,2,0.1601233908504376,0.3902439024390244,0.47560975609756095,0.524390243902439,0.47560975609756095,0.7560975609756098,0.573170731707317,0.5,0.3170731707317073,0.36585365853658536,0.2804878048780488,0.3048780487804878,0.5975609756097561,0.5609756097560976,0.8048780487804879,0.4146341463414634,0.6341463414634146,0.45121951219512196,0.43902439024390244,0.9512195121951219,0.4268292682926829,0.4268292682926829,0.5365853658536586,0.2926829268292683,0.4878048780487805,0.3780487804878049,0.4146341463414634,0.45121951219512196,0.36585365853658536,0.5853658536585366,0.8170731707317073
3,0,3,0.11252161754979444,0.43902439024390244,0.5853658536585366,0.573170731707317,0.3902439024390244,0.3902439024390244,0.6341463414634146,0.6951219512195121,0.4268292682926829,0.3780487804878049,0.4634146341463415,0.35365853658536583,0.524390243902439,0.524390243902439,0.5609756097560976,0.5609756097560976,0.5487804878048781,0.5975609756097561,0.4268292682926829,0.45121951219512196,0.573170731707317,0.4268292682926829,0.2682926829268293,0.45121951219512196,0.5975609756097561,0.3780487804878049,0.4146341463414634,0.5121951219512195,0.4634146341463415,0.5609756097560976,0.8292682926829268
3,0,4,0.11965314402917224,0.5487804878048781,0.6585365853658537,0.45121951219512196,0.5121951219512195,0.3902439024390244,0.5853658536585366,0.25609756097560976,0.4146341463414634,0.6341463414634146,0.35365853658536583,0.4634146341463415,0.5853658536585366,0.4146341463414634,0.5609756097560976,0.6219512195121951,0.35365853658536583,0.7317073170731707,0.4878048780487805,0.4634146341463415,0.5365853658536586,0.5609756097560976,0.5975609756097561,0.36585365853658536,0.34146341463414637,0.35365853658536583,0.5,0.5365853658536586,0.7804878048780488,0.5,0.43902439024390244
3,0,5,0.13557992302133948,0.2682926829268293,0.36585365853658536,0.32926829268292684,0.573170731707317,0.4878048780487805,0.524390243902439,0.4268292682926829,0.3780487804878049,0.524390243902439,0.4878048780487805,0.5975609756097561,0.4024390243902439,0.5975609756097561,0.4878048780487805,0.7317073170731707,0.5121951219512195,0.2926829268292683,0.5,0.3902439024390244,0.5365853658536586,0.4146341463414634,0.6829268292682927,0.4268292682926829,0.4024390243902439,0.8658536585365854,0.5609756097560976,0.32926829268292684,0.6097560975609756,0.7073170731707317,0.5853658536585366
3,0,6,0.15825490924398378,0.25609756097560976,0.2926829268292683,0.36585365853658536,0.36585365853658536,0.5609756097560976,0.45121951219512196,0.4146341463414634,0.573170731707317,0.6951219512195121,0.6585365853658537,0.6219512195121951,0.573170731707317,0.3902439024390244,0.524390243902439,0.3170731707317073,0.5853658536585366,0.35365853658536583,0.6097560975609756,0.5609756097560976,0.5121951219512195,0.36585365853658536,0.7682926829268293,0.5121951219512195,0.43902439024390244,0.8414634146341463,0.5487804878048781,0.24390243902439024,0.23170731707317074,0.7195121951219512,0.6463414634146342
3,0,7,0.12728186910107803,0.47560975609756095,0.2682926829268293,0.47560975609756095,0.4634146341463415,0.5365853658536586,0.43902439024390244,0.4878048780487805,0.7317073170731707,0.6463414634146342,0.5365853658536586,0.6219512195121951,0.43902439024390244,0.4024390243902439,0.36585365853658536,0.36585365853658536,0.5853658536585366,0.45121951219512196,0.5,0.6463414634146342,0.6951219512195121,0.23170731707317074,0.6707317073170732,0.4634146341463415,0.6219512195121951,0.43902439024390244,0.4878048780487805,0.4268292682926829,0.43902439024390244,0.34146341463414637,0.7439024390243902
3,0,8,0.13732378790496827,0.4268292682926829,0.6829268292682927,0.47560975609756095,0.45121951219512196,0.6463414634146342,0.45121951219512196,0.43902439024390244,0.5853658536585366,0.5975609756097561,0.32926829268292684,0.4146341463414634,0.4146341463414634,0.45121951219512196,0.573170731707317,0.6097560975609756,0.4878048780487805,0.6219512195121951,0.34146341463414637,0.5609756097560976,0.9024390243902439,0.4268292682926829,0.3048780487804878,0.5609756097560976,0.5975609756097561,0.3048780487804878,0.4268292682926829,0.4268292682926829,0.45121951219512196,0.2926829268292683,0.7439024390243902
3,0,9,0.13466271642192013,0.8414634146341463,0.6707317073170732,0.5365853658536586,0.4634146341463415,0.5,0.3780487804878049,0.34146341463414637,0.573170731707317,0.45121951219512196,0.43902439024390244,0.32926829268292684,0.4878048780487805,0.36585365853658536,0.5,0.7073170731707317,0.47560975609756095,0.4634146341463415,0.4024390243902439,0.45121951219512196,0.524390243902439,0.6341463414634146,0.36585365853658536,0.35365853658536583,0.43902439024390244,0.7682926829268293,0.35365853658536583,0.36585365853658536,0.4878048780487805,0.7439024390243902,0.5853658536585366
4,0,0,0.18545675990849317,0.5853658536585366,0.34146341463414637,0.4146341463414634,0.2926829268292683,0.9390243902439024,0.3170731707317073,0.4024390243902439,0.32926829268292684,0.3170731707317073,0.5487804878048781,0.5609756097560976,0.4024390243902439,0.524390243902439,0.4634146341463415,0.7926829268292683,0.47560975609756095,0.9634146341463414,0.7073170731707317,0.3170731707317073,0.6097560975609756,0.6463414634146342,0.25609756097560976,0.7560975609756098,0.4146341463414634,0.4024390243902439,0.3170731707317073,0.3170731707317073,0.4634146341463415,0.6097560975609756,0.5121951219512195
4,0,1,0.12821321227124824,0.47560975609756095,0.3780487804878049,0.4146341463414634,0.4878048780487805,0.8170731707317073,0.43902439024390244,0.5487804878048781,0.4634146341463415,0.3780487804878049,0.47560975609756095,0.524390243902439,0.32926829268292684,0.5121951219512195,0.3902439024390244,0.6219512195121951,0.43902439024390244,0.8048780487804879,0.6585365853658537,0.3902439024390244,0.3048780487804878,0.6829268292682927,0.4146341463414634,0.6585365853658537,0.573170731707317,0.4024390243902439,0.36585365853658536,0.5487804878048781,0.4146341463414634,0.5975609756097561,0.4878048780487805
4,0,2,0.15993752498297562,0.47560975609756095,0.34146341463414637,0.7682926829268293,0.5609756097560976,0.8170731707317073,0.5121951219512195,0.36585365853658536,0.5365853658536586,0.4268292682926829,0.36585365853658536,0.34146341463414637,0.34146341463414637,0.5,0.6219512195121951,0.36585365853658536,0.2073170731707317,0.9390243902439024,0.6829268292682927,0.4634146341463415,0.5365853658536586,0.6585365853658537,0.3780487804878049,0.6463414634146342,0.3902439024390244,0.4268292682926829,0.3902439024390244,0.524390243902439,0.5609756097560976,0.524390243902439,0.32926829268292684
4,0,3,0.15416100578595593,0.5975609756097561,0.5,0.8292682926829268,0.524390243902439,0.6219512195121951,0.3048780487804878,0.4878048780487805,0.524390243902439,0.5,0.3902439024390244,0.23170731707317074,0.6951219512195121,0.5365853658536586,0.6341463414634146,0.35365853658536583,0.21951219512195122,0.5487804878048781,0.7317073170731707,0.2682926829268293,0.5121951219512195,0.6219512195121951,0.5609756097560976,0.6463414634146342,0.35365853658536583,0.4146341463414634,0.4634146341463415,0.5975609756097561,0.36585365853658536,0.6951219512195121,0.2682926829268293
4,0,4,0.15335497178962174,0.5365853658536586,0.7073170731707317,0.7804878048780488,0.6219512195121951,0.3902439024390244,0.3780487804878049,0.5,0.8414634146341463,0.5609756097560976,0.3170731707317073,0.18292682926829268,0.6951219512195121,0.35365853658536583,0.47560975609756095,0.4146341463414634,0.14634146341463414,0.4146341463414634,0.573170731707317,0.4878048780487805,0.5975609756097561,0.6097560975609756,0.47560975609756095,0.4878048780487805,0.43902439024390244,0.5121951219512195,0.524390243902439,0.5365853658536586,0.5121951219512195,0.6219512195121951,0.3048780487804878
4,0,5,0.15021961581765192,0.34146341463414637,0.45121951219512196,0.5121951219512195,0.3902439024390244,0.5609756097560976,0.5609756097560976,0.3170731707317073,0.7439024390243902,0.5121951219512195,0.4878048780487805,0.7804878048780488,0.6829268292682927,0.2926829268292683,0.4146341463414634,0.34146341463414637,0.5121951219512195,0.2926829268292683,0.6707317073170732,0.45121951219512196,0.6829268292682927,0.5853658536585366,0.47560975609756095,0.3048780487804878,0.5487804878048781,0.4268292682926829,0.5609756097560976,0.15853658536585366,0.6463414634146342,0.6829268292682927,0.6097560975609756
4,0,6,0.16092632899273362,0.25609756097560976,0.3048780487804878,0.3780487804878049,0.4024390243902439,0.32926829268292684,0.6097560975609756,0.5487804878048781,0.5487804878048781,0.3170731707317073,0.7073170731707317,0.9024390243902439,0.5121951219512195,0.573170731707317,0.45121951219512196,0.524390243902439,0.524390243902439,0.5365853658536586,0.2804878048780488,0.43902439024390244,0.7317073170731707,0.8536585365853658,0.45121951219512196,0.4146341463414634,0.4268292682926829,0.6341463414634146,0.6219512195121951,0.25609756097560976,0.5853658536585366,0.3780487804878049,0.5
4,0,7,0.15499483465771716,0.6951219512195121,0.524390243902439,0.45121951219512196,0.2804878048780488,0.4146341463414634,0.573170731707317,0.3780487804878049,0.25609756097560976,0.43902439024390244,0.4146341463414634,0.9146341463414634,0.4268292682926829,0.524390243902439,0.25609756097560976,0.573170731707317,0.7195121951219512,0.4634146341463415,0.25609756097560976,0.4024390243902439,0.5609756097560976,0.7439024390243902,0.47560975609756095,0.47560975609756095,0.5365853658536586,0.3902439024390244,0.5,0.4634146341463415,0.7926829268292683,0.5853658536585366,0.5121951219512195
4,0,8,0.15396794245938178,0.3170731707317073,0.4268292682926829,0.3902439024390244,0.6219512195121951,0.6585365853658537,0.43902439024390244,0.43902439024390244,0.4634146341463415,0.8414634146341463,0.524390243902439,0.6463414634146342,0.4634146341463415,0.45121951219512196,0.2682926829268293,0.7804878048780488,0.6097560975609756,0.7560975609756098,0.6707317073170732,0.4146341463414634,0.3170731707317073,0.6829268292682927,0.5365853658536586,0.5853658536585366,0.35365853658536583,0.34146341463414637,0.35365853658536583,0.3170731707317073,0.573170731707317,0.3048780487804878,0.45121951219512196
4,0,9,0.18433065669449064,0.43902439024390244,0.5,0.573170731707317,0.6219512195121951,0.8292682926829268,0.3780487804878049,0.7317073170731707,0.35365853658536583,0.5975609756097561,0.5975609756097561,0.3048780487804878,0.2682926829268293,0.4146341463414634,0.7439024390243902,0.6341463414634146,0.2682926829268293,0.7560975609756098,0.7073170731707317,0.573170731707317,0.2804878048780488,0.18292682926829268,0.6707317073170732,0.7317073170731707,0.18292682926829268,0.3902439024390244,0.4634146341463415,0.6585365853658537,0.34146341463414637,0.3048780487804878,0.5
5,0,0,0.18219365265349363,0.6219512195121951,0.32926829268292684,0.34146341463414637,0.3902439024390244,0.47560975609756095,0.5365853658536586,0.5,0.32926829268292684,0.4146341463414634,0.7926829268292683,0.5,0.5,0.4024390243902439,0.7804878048780488,0.3048780487804878,0.7804878048780488,0.8902439024390244,0.45121951219512196,0.25609756097560976,0.3902439024390244,0.3048780487804878,0.4024390243902439,0.4878048780487805,0.3048780487804878,0.926829268292683,0.32926829268292684,0.5121951219512195,0.7439024390243902,0.5365853658536586,0.4634146341463415
5,0,1,0.14623980208703674,0.4024390243902439,0.43902439024390244,0.4268292682926829,0.6219512195121951,0.32926829268292684,0.4024390243902439,0.4146341463414634,0.43902439024390244,0.4634146341463415,0.8780487804878049,0.3780487804878049,0.35365853658536583,0.4268292682926829,0.573170731707317,0.524390243902439,0.7439024390243902,0.7317073170731707,0.4024390243902439,0.45121951219512196,0.6341463414634146,0.5853658536585366,0.2682926829268293,0.43902439024390244,0.5,0.7439024390243902,0.45121951219512196,0.2682926829268293,0.7073170731707317,0.5121951219512195,0.4878048780487805
5,0,2,0.1259113121867347,0.5609756097560976,0.6707317073170732,0.4634146341463415,0.36585365853658536,0.43902439024390244,0.34146341463414637,0.47560975609756095,0.3902439024390244,0.35365853658536583,0.7682926829268293,0.4878048780487805,0.6097560975609756,0.4878048780487805,0.5487804878048781,0.4634146341463415,0.4268292682926829,0.6829268292682927,0.6219512195121951,0.2926829268292683,0.4024390243902439,0.5853658536585366,0.2926829268292683,0.573170731707317,0.7317073170731707,0.6341463414634146,0.5975609756097561,0.4146341463414634,0.3902439024390244,0.524390243902439,0.4024390243902439
5,0,3,0.1250817698044691,0.24390243902439024,0.6463414634146342,0.5121951219512195,0.3780487804878049,0.32926829268292684,0.4634146341463415,0.7073170731707317,0.524390243902439,0.4634146341463415,0.6951219512195121,0.8536585365853658,0.5487804878048781,0.5853658536585366,0.3902439024390244,0.5365853658536586,0.4268292682926829,0.4634146341463415,0.4878048780487805,0.5121951219512195,0.5365853658536586,0.6341463414634146,0.5,0.5121951219512195,0.35365853658536583,0.3048780487804878,0.47560975609756095,0.4634146341463415,0.3780487804878049,0.524390243902439,0.5487804878048781
5,0,4,0.10551893426677675,0.32926829268292684,0.4878048780487805,0.4878048780487805,0.7073170731707317,0.4878048780487805,0.5487804878048781,0.573170731707317,0.5121951219512195,0.34146341463414637,0.47560975609756095,0.5365853658536586,0.5609756097560976,0.4268292682926829,0.6707317073170732,0.4634146341463415,0.3170731707317073,0.5487804878048781,0.6341463414634146,0.573170731707317,0.6463414634146342,0.35365853658536583,0.573170731707317,0.34146341463414637,0.4878048780487805,0.43902439024390244,0.4146341463414634,0.4146341463414634,0.45121951219512196,0.6829268292682927,0.5121951219512195
5,0,5,0.14018202947618735,0.4024390243902439,0.4024390243902439,0.6585365853658537,0.5121951219512195,0.45121951219512196,0.4878048780487805,0.2682926829268293,0.6829268292682927,0.45121951219512196,0.4878048780487805,0.6585365853658537,0.6219512195121951,0.4634146341463415,0.6707317073170732,0.3170731707317073,0.2682926829268293,0.36585365853658536,0.6463414634146342,0.3048780487804878,0.524390243902439,0.3170731707317073,0.6097560975609756,0.6951219512195121,0.3048780487804878,0.573170731707317,0.5121951219512195,0.7926829268292683,0.5121951219512195,0.5609756097560976,0.47560975609756095
5,0,6,0.14148443914412853,0.36585365853658536,0.3048780487804878,0.6341463414634146,0.6707317073170732,0.3780487804878049,0.6463414634146342,0.6097560975609756,0.5853658536585366,0.6219512195121951,0.3780487804878049,0.32926829268292684,0.7073170731707317,0.3170731707317073,0.6219512195121951,0.43902439024390244,0.5365853658536586,0.6341463414634146,0.45121951219512196,0.47560975609756095,0.7560975609756098,0.34146341463414637,0.3170731707317073,0.4268292682926829,0.6341463414634146,0.47560975609756095,0.35365853658536583,0.4024390243902439,0.573170731707317,0.7073170731707317,0.3048780487804878
5,0,7,0.11509163166950497,0.6463414634146342,0.6097560975609756,0.4146341463414634,0.5121951219512195,0.2804878048780488,0.7682926829268293,0.45121951219512196,0.4634146341463415,0.5975609756097561,0.2804878048780488,0.4268292682926829,0.4878048780487805,0.47560975609756095,0.5,0.4634146341463415,0.4268292682926829,0.5609756097560976,0.4634146341463415,0.4146341463414634,0.7195121951219512,0.3780487804878049,0.4268292682926829,0.3902439024390244,0.6219512195121951,0.5365853658536586,0.6219512195121951,0.6097560975609756,0.5487804878048781,0.5487804878048781,0.35365853658536583
5,0,8,0.1540645043644269,0.5,0.573170731707317,0.5121951219512195,0.5,0.32926829268292684,0.2804878048780488,0.5487804878048781,0.1951219512195122,0.573170731707317,0.6097560975609756,0.7195121951219512,0.25609756097560976,0.5,0.5853658536585366,0.5975609756097561,0.4146341463414634,0.7195121951219512,0.35365853658536583,0.6341463414634146,0.7317073170731707,0.6585365853658537,0.7195121951219512,0.45121951219512196,0.5609756097560976,0.3170731707317073,0.573170731707317,0.6097560975609756,0.2073170731707317,0.36585365853658536,0.4024390243902439
5,0,9,0.12909944487358055,0.524390243902439,0.4146341463414634,0.45121951219512196,0.3170731707317073,0.34146341463414637,0.573170731707317,0.4634146341463415,0.3170731707317073,0.573170731707317,0.36585365853658536,0.6463414634146342,0.4878048780487805,0.45121951219512196,0.5,0.6951219512195121,0.7317073170731707,0.573170731707317,0.36585365853658536,0.5853658536585366,0.5609756097560976,0.7195121951219512,0.7804878048780488,0.25609756097560976,0.5487804878048781,0.4024390243902439,0.524390243902439,0.5121951219512195,0.43902439024390244,0.3780487804878049,0.5
6,0,0,0.17457918015833132,0.7195121951219512,0.47560975609756095,0.47560975609756095,0.2682926829268293,0.5,0.4268292682926829,0.35365853658536583,0.8048780487804879,0.36585365853658536,0.32926829268292684,0.5121951219512195,0.34146341463414637,0.35365853658536583,0.8170731707317073,0.5853658536585366,0.4024390243902439,0.43902439024390244,0.4024390243902439,0.6585365853658537,0.9878048780487805,0.6463414634146342,0.573170731707317,0.4878048780487805,0.32926829268292684,0.7317073170731707,0.32926829268292684,0.43902439024390244,0.25609756097560976,0.524390243902439,0.4634146341463415
6,0,1,0.1471859104896884,0.7439024390243902,0.3170731707317073,0.3902439024390244,0.45121951219512196,0.5487804878048781,0.36585365853658536,0.4634146341463415,0.8170731707317073,0.43902439024390244,0.524390243902439,0.5121951219512195,0.3048780487804878,0.43902439024390244,0.6219512195121951,0.6463414634146342,0.4878048780487805,0.4146341463414634,0.3048780487804878,0.7317073170731707,0.8780487804878049,0.4634146341463415,0.4268292682926829,0.4024390243902439,0.524390243902439,0.6341463414634146,0.3780487804878049,0.5853658536585366,0.35365853658536583,0.3780487804878049,0.45121951219512196
6,0,2,0.12388707413853947,0.5853658536585366,0.6219512195121951,0.5365853658536586,0.3902439024390244,0.5121951219512195,0.4146341463414634,0.35365853658536583,0.6463414634146342,0.36585365853658536,0.2926829268292683,0.45121951219512196,0.5487804878048781,0.47560975609756095,0.5853658536585366,0.7317073170731707,0.4146341463414634,0.6585365853658537,0.45121951219512196,0.4634146341463415,0.7926829268292683,0.6097560975609756,0.4024390243902439,0.47560975609756095,0.5609756097560976,0.4146341463414634,0.4634146341463415,0.6097560975609756,0.5365853658536586,0.3902439024390244,0.24390243902439024
6,0,3,0.14099305037418397,0.524390243902439,0.5365853658536586,0.3780487804878049,0.32926829268292684,0.2926829268292683,0.5,0.5975609756097561,0.17073170731707318,0.6341463414634146,0.5121951219512195,0.6951219512195121,0.5853658536585366,0.5365853658536586,0.573170731707317,0.6707317073170732,0.3048780487804878,0.7682926829268293,0.5853658536585366,0.5,0.5365853658536586,0.6707317073170732,0.5365853658536586,0.3902439024390244,0.4024390243902439,0.23170731707317074,0.45121951219512196,0.6219512195121951,0.6097560975609756,0.4878048780487805,0.36585365853658536
6,0,4,0.14725325705486422,0.47560975609756095,0.524390243902439,0.43902439024390244,0.2682926829268293,0.2926829268292683,0.6829268292682927,0.5,0.6707317073170732,0.9146341463414634,0.5121951219512195,0.7804878048780488,0.6585365853658537,0.4146341463414634,0.4878048780487805,0.3902439024390244,0.43902439024390244,0.573170731707317,0.6097560975609756,0.34146341463414637,0.2073170731707317,0.5365853658536586,0.4634146341463415,0.45121951219512196,0.45121951219512196,0.32926829268292684,0.4146341463414634,0.5121951219512195,0.5975609756097561,0.4878048780487805,0.573170731707317
6,0,5,0.16325073688469766,0.4024390243902439,0.34146341463414637,0.6219512195121951,0.4268292682926829,0.5609756097560976,0.7195121951219512,0.4634146341463415,0.524390243902439,0.6463414634146342,0.23170731707317074,0.3902439024390244,0.9390243902439024,0.5975609756097561,0.23170731707317074,0.5487804878048781,0.47560975609756095,0.2926829268292683,0.6219512195121951,0.4146341463414634,0.4024390243902439,0.4268292682926829,0.34146341463414637,0.5121951219512195,0.36585365853658536,0.524390243902439,0.5487804878048781,0.5853658536585366,0.3170731707317073,0.7195121951219512,0.8048780487804879
6,0,6,0.1342571604343696,0.4634146341463415,0.5,0.5121951219512195,0.5853658536585366,0.6219512195121951,0.4024390243902439,0.7804878048780488,0.43902439024390244,0.5121951219512195,0.573170731707317,0.3048780487804878,0.7682926829268293,0.4634146341463415,0.2804878048780488,0.3048780487804878,0.7682926829268293,0.524390243902439,0.3902439024390244,0.5487804878048781,0.47560975609756095,0.4268292682926829,0.5487804878048781,0.35365853658536583,0.5,0.3902439024390244,0.524390243902439,0.7560975609756098,0.3780487804878049,0.3902439024390244,0.5121951219512195
6,0,7,0.14246213199356345,0.6585365853658537,0.5975609756097561,0.36585365853658536,0.6585365853658537,0.47560975609756095,0.524390243902439,0.2804878048780488,0.2682926829268293,0.45121951219512196,0.5609756097560976,0.4268292682926829,0.524390243902439,0.34146341463414637,0.524390243902439,0.7560975609756098,0.6097560975609756,0.4024390243902439,0.6829268292682927,0.7804878048780488,0.5,0.7073170731707317,0.4146341463414634,0.36585365853658536,0.6219512195121951,0.3780487804878049,0.4268292682926829,0.4634146341463415,0.2073170731707317,0.5,0.524390243902439
6,0,8,0.12952115168148054,0.573170731707317,0.5609756097560976,0.36585365853658536,0.7682926829268293,0.7073170731707317,0.47560975609756095,0.3170731707317073,0.4878048780487805,0.4878048780487805,0.6463414634146342,0.5,0.3780487804878049,0.34146341463414637,0.6219512195121951,0.6219512195121951,0.25609756097560976,0.43902439024390244,0.573170731707317,0.5121951219512195,0.36585365853658536,0.4634146341463415,0.4268292682926829,0.4878048780487805,0.47560975609756095,0.6341463414634146,0.5365853658536586,0.3780487804878049,0.36585365853658536,0.7926829268292683,0.43902439024390244
6,0,9,0.1342202309437977,0.32926829268292684,0.6585365853658537,0.5,0.2804878048780488,0.36585365853658536,0.43902439024390244,0.7804878048780488,0.3780487804878049,0.4634146341463415,0.5121951219512195,0.573170731707317,0.32926829268292684,0.6097560975609756,0.7073170731707317,0.3902439024390244,0.6951219512195121,0.5609756097560976,0.5121951219512195,0.3780487804878049,0.45121951219512196,0.6463414634146342,0.47560975609756095,0.5365853658536586,0.36585365853658536,0.7682926829268293,0.3780487804878049,0.4146341463414634,0.3780487804878049,0.524390243902439,0.5975609756097561
7,0,0,0.1802789386940823,0.5975609756097561,0.5121951219512195,0.4268292682926829,0.3170731707317073,0.34146341463414637,0.4146341463414634,0.6341463414634146,0.35365853658536583,0.8414634146341463,0.4146341463414634,0.5975609756097561,0.4146341463414634,0.4268292682926829,0.9390243902439024,0.45121951219512196,0.47560975609756095,0.524390243902439,0.4146341463414634,0.8536585365853658,0.6585365853658537,0.4634146341463415,0.23170731707317074,0.32926829268292684,0.9024390243902439,0.4268292682926829,0.524390243902439,0.47560975609756095,0.4024390243902439,0.3780487804878049,0.25609756097560976
7,0,1,0.1623677179364181,0.3902439024390244,0.4146341463414634,0.7195121951219512,0.35365853658536583,0.35365853658536583,0.25609756097560976,0.4024390243902439,0.3170731707317073,0.7317073170731707,0.4634146341463415,0.6097560975609756,0.5365853658536586,0.43902439024390244,0.8780487804878049,0.5487804878048781,0.4878048780487805,0.43902439024390244,0.34146341463414637,0.8536585365853658,0.573170731707317,0.4268292682926829,0.4634146341463415,0.47560975609756095,0.6585365853658537,0.1951219512195122,0.32926829268292684,0.524390243902439,0.6097560975609756,0.6829268292682927,0.524390243902439
7,0,2,0.1217070726817039,0.36585365853658536,0.35365853658536583,0.5975609756097561,0.524390243902439,0.2926829268292683,0.5365853658536586,0.6341463414634146,0.5121951219512195,0.5365853658536586,0.5487804878048781,0.43902439024390244,0.3170731707317073,0.35365853658536583,0.7560975609756098,0.524390243902439,0.6097560975609756,0.32926829268292684,0.4024390243902439,0.5487804878048781,0.5609756097560976,0.6097560975609756,0.524390243902439,0.524390243902439,0.6463414634146342,0.43902439024390244,0.4268292682926829,0.573170731707317,0.5365853658536586,0.7073170731707317,0.2682926829268293
7,0,3,0.15192596587704818,0.5,0.2804878048780488,0.2804878048780488,0.524390243902439,0.25609756097560976,0.6219512195121951,0.4878048780487805,0.6707317073170732,0.3780487804878049,0.7195121951219512,0.524390243902439,0.4268292682926829,0.36585365853658536,0.6341463414634146,0.5853658536585366,0.24390243902439024,0.524390243902439,0.4878048780487805,0.3048780487804878,0.5,0.524390243902439,0.4146341463414634,0.7926829268292683,0.573170731707317,0.7195121951219512,0.36585365853658536,0.3902439024390244,0.5609756097560976,0.8048780487804879,0.5365853658536586
7,0,4,0.1422880366920674,0.45121951219512196,0.3048780487804878,0.36585365853658536,0.5975609756097561,0.4268292682926829,0.5487804878048781,0.2804878048780488,0.6097560975609756,0.24390243902439024,0.5487804878048781,0.6829268292682927,0.573170731707317,0.45121951219512196,0.35365853658536583,0.8414634146341463,0.32926829268292684,0.47560975609756095,0.5,0.4268292682926829,0.4878048780487805,0.4878048780487805,0.6219512195121951,0.7560975609756098,0.3170731707317073,0.4878048780487805,0.3902439024390244,0.573170731707317,0.6097560975609756,0.7073170731707317,0.5487804878048781
7,0,5,0.1446377794687577,0.34146341463414637,0.7073170731707317,0.4634146341463415,0.5853658536585366,0.4268292682926829,0.524390243902439,0.7926829268292683,0.3170731707317073,0.36585365853658536,0.573170731707317,0.5487804878048781,0.35365853658536583,0.6707317073170732,0.4634146341463415,0.6219512195121951,0.6219512195121951,0.6097560975609756,0.2926829268292683,0.4634146341463415,0.45121951219512196,0.2804878048780488,0.5121951219512195,0.5609756097560976,0.5609756097560976,0.6219512195121951,0.47560975609756095,0.36585365853658536,0.14634146341463414,0.6951219512195121,0.5853658536585366
7,0,6,0.1521216207757334,0.4634146341463415,0.7195121951219512,0.5,0.5609756097560976,0.2926829268292683,0.5365853658536586,0.8048780487804879,0.5365853658536586,0.45121951219512196,0.5853658536585366,0.45121951219512196,0.5,0.524390243902439,0.6341463414634146,0.4024390243902439,0.6219512195121951,0.5365853658536586,0.35365853658536583,0.2804878048780488,0.6463414634146342,0.3170731707317073,0.32926829268292684,0.3902439024390244,0.524390243902439,0.3780487804878049,0.6951219512195121,0.8170731707317073,0.14634146341463414,0.47560975609756095,0.524390243902439
7,0,7,0.13396143945759417,0.4634146341463415,0.7804878048780488,0.4146341463414634,0.4634146341463415,0.4878048780487805,0.43902439024390244,0.6463414634146342,0.34146341463414637,0.6097560975609756,0.5975609756097561,0.5487804878048781,0.25609756097560976,0.45121951219512196,0.45121951219512196,0.45121951219512196,0.6097560975609756,0.5609756097560976,0.5365853658536586,0.36585365853658536,0.35365853658536583,0.5609756097560976,0.45121951219512196,0.32926829268292684,0.4878048780487805,0.3902439024390244,0.524390243902439,0.9146341463414634,0.6463414634146342,0.4024390243902439,0.4634146341463415
7,0,8,0.11287352338955138,0.4878048780487805,0.35365853658536583,0.4268292682926829,0.4634146341463415,0.573170731707317,0.3902439024390244,0.5975609756097561,0.5,0.5609756097560976,0.6097560975609756,0.5853658536585366,0.4268292682926829,0.4878048780487805,0.2804878048780488,0.5121951219512195,0.3902439024390244,0.4268292682926829,0.4268292682926829,0.573170731707317,0.4634146341463415,0.5853658536585366,0.47560975609756095,0.573170731707317,0.6219512195121951,0.4634146341463415,0.524390243902439,0.8780487804878049,0.45121951219512196,0.5853658536585366,0.3048780487804878
7,0,9,0.10405233662293438,0.5,0.4878048780487805,0.4634146341463415,0.5,0.5487804878048781,0.4024390243902439,0.5609756097560976,0.4634146341463415,0.5609756097560976,0.5,0.2926829268292683,0.5487804878048781,0.4268292682926829,0.35365853658536583,0.3780487804878049,0.3902439024390244,0.5121951219512195,0.5487804878048781,0.573170731707317,0.6829268292682927,0.6463414634146342,0.524390243902439,0.5609756097560976,0.4634146341463415,0.4146341463414634,0.35365853658536583,0.7804878048780488,0.5609756097560976,0.6097560975609756,0.3902439024390244
8,0,0,0.17964536417873458,0.32926829268292684,0.3902439024390244,0.3170731707317073,0.32926829268292684,0.7682926829268293,0.7804878048780488,0.3170731707317073,0.4878048780487805,0.23170731707317074,0.4634146341463415,0.6463414634146342,0.5487804878048781,0.8536585365853658,0.4634146341463415,0.5121951219512195,0.3170731707317073,0.6585365853658537,0.5121951219512195,0.7317073170731707,0.5121951219512195,0.3048780487804878,0.4024390243902439,0.3902439024390244,0.4268292682926829,0.6097560975609756,0.47560975609756095,0.9390243902439024,0.6219512195121951,0.34146341463414637,0.3170731707317073
8,0,1,0.1556013454413325,0.45121951219512196,0.524390243902439,0.2926829268292683,0.3048780487804878,0.7560975609756098,0.6951219512195121,0.4634146341463415,0.5365853658536586,0.24390243902439024,0.4878048780487805,0.6707317073170732,0.4268292682926829,0.7926829268292683,0.34146341463414637,0.524390243902439,0.5,0.6463414634146342,0.5365853658536586,0.6097560975609756,0.524390243902439,0.3780487804878049,0.47560975609756095,0.2926829268292683,0.35365853658536583,0.524390243902439,0.45121951219512196,0.9146341463414634,0.47560975609756095,0.3170731707317073,0.4878048780487805
8,0,2,0.1284835823518627,0.47560975609756095,0.4268292682926829,0.8658536585365854,0.3902439024390244,0.7560975609756098,0.6829268292682927,0.47560975609756095,0.45121951219512196,0.4878048780487805,0.43902439024390244,0.7682926829268293,0.2926829268292683,0.5487804878048781,0.36585365853658536,0.4146341463414634,0.524390243902439,0.45121951219512196,0.47560975609756095,0.4268292682926829,0.34146341463414637,0.4146341463414634,0.573170731707317,0.43902439024390244,0.524390243902439,0.4024390243902439,0.45121951219512196,0.6219512195121951,0.43902439024390244,0.6097560975609756,0.4634146341463415
8,0,3,0.13775630484334575,0.6097560975609756,0.43902439024390244,0.4634146341463415,0.5609756097560976,0.4634146341463415,0.7682926829268293,0.3780487804878049,0.524390243902439,0.3780487804878049,0.4024390243902439,0.524390243902439,0.47560975609756095,0.573170731707317,0.4878048780487805,0.23170731707317074,0.6219512195121951,0.6219512195121951,0.4024390243902439,0.2073170731707317,0.35365853658536583,0.8780487804878049,0.4878048780487805,0.6219512195121951,0.47560975609756095,0.43902439024390244,0.3902439024390244,0.524390243902439,0.47560975609756095,0.6829268292682927,0.5365853658536586
8,0,4,0.13915270073752106,0.35365853658536583,0.6219512195121951,0.4268292682926829,0.43902439024390244,0.45121951219512196,0.3780487804878049,0.524390243902439,0.6707317073170732,0.573170731707317,0.4146341463414634,0.6951219512195121,0.4634146341463415,0.4268292682926829,0.6951219512195121,0.25609756097560976,0.5853658536585366,0.6585365853658537,0.4634146341463415,0.36585365853658536,0.4634146341463415,0.926829268292683,0.3902439024390244,0.5853658536585366,0.3780487804878049,0.45121951219512196,0.5365853658536586,0.45121951219512196,0.2682926829268293,0.524390243902439,0.5609756097560976
8,0,5,0.14501430727994877,0.5365853658536586,0.5365853658536586,0.5,0.7682926829268293,0.6341463414634146,0.4634146341463415,0.35365853658536583,0.4146341463414634,0.3902439024390244,0.4146341463414634,0.3048780487804878,0.34146341463414637,0.6707317073170732,0.5365853658536586,0.3048780487804878,0.34146341463414637,0.524390243902439,0.5365853658536586,0.5121951219512195,0.6219512195121951,0.8170731707317073,0.34146341463414637,0.8658536585365854,0.5365853658536586,0.5487804878048781,0.5609756097560976,0.4024390243902439,0.43902439024390244,0.4634146341463415,0.3170731707317073
8,0,6,0.1384383597731229,0.43902439024390244,0.3902439024390244,0.6707317073170732,0.6097560975609756,0.3780487804878049,0.45121951219512196,0.4024390243902439,0.5609756097560976,0.35365853658536583,0.47560975609756095,0.5853658536585366,0.5,0.7439024390243902,0.24390243902439024,0.5,0.35365853658536583,0.5365853658536586,0.2804878048780488,0.7317073170731707,0.6707317073170732,0.7317073170731707,0.4634146341463415,0.573170731707317,0.4268292682926829,0.4024390243902439,0.6341463414634146,0.6829268292682927,0.5121951219512195,0.2926829268292683,0.4024390243902439
8,0,7,0.1332564719965633,0.4146341463414634,0.5121951219512195,0.4024390243902439,0.3048780487804878,0.6341463414634146,0.524390243902439,0.5121951219512195,0.5487804878048781,0.32926829268292684,0.6951219512195121,0.5487804878048781,0.5609756097560976,0.4878048780487805,0.5121951219512195,0.4878048780487805,0.47560975609756095,0.4634146341463415,0.36585365853658536,0.8780487804878049,0.5487804878048781,0.7560975609756098,0.35365853658536583,0.43902439024390244,0.36585365853658536,0.45121951219512196,0.6341463414634146,0.45121951219512196,0.6585365853658537,0.2682926829268293,0.4146341463414634
8,0,8,0.13590860210492714,0.32926829268292684,0.5487804878048781,0.5609756097560976,0.5609756097560976,0.5365853658536586,0.3780487804878049,0.5,0.2073170731707317,0.7073170731707317,0.4878048780487805,0.5487804878048781,0.5487804878048781,0.4024390243902439,0.6097560975609756,0.47560975609756095,0.6341463414634146,0.5609756097560976,0.4146341463414634,0.8902439024390244,0.2926829268292683,0.4268292682926829,0.5,0.5121951219512195,0.4634146341463415,0.6707317073170732,0.4146341463414634,0.5,0.5975609756097561,0.24390243902439024,0.47560975609756095
8,0,9,0.13477311079741203,0.4878048780487805,0.6341463414634146,0.7682926829268293,0.4878048780487805,0.5,0.3780487804878049,0.5487804878048781,0.25609756097560976,0.8048780487804879,0.3902439024390244,0.36585365853658536,0.524390243902439,0.4146341463414634,0.6219512195121951,0.6219512195121951,0.573170731707317,0.4146341463414634,0.5121951219512195,0.5853658536585366,0.4146341463414634,0.4634146341463415,0.524390243902439,0.14634146341463414,0.4878048780487805,0.6097560975609756,0.4634146341463415,0.5609756097560976,0.5121951219512195,0.3170731707317073,0.6097560975609756
9,0,0,0.15800410891325622,0.9024390243902439,0.5609756097560976,0.36585365853658536,0.2804878048780488,0.7560975609756098,0.4634146341463415,0.3048780487804878,0.8170731707317073,0.5487804878048781,0.3170731707317073,0.573170731707317,0.4024390243902439,0.5121951219512195,0.3902439024390244,0.5609756097560976,0.524390243902439,0.3780487804878049,0.34146341463414637,0.4878048780487805,0.34146341463414637,0.35365853658536583,0.5487804878048781,0.7317073170731707,0.6463414634146342,0.36585365853658536,0.4268292682926829,0.5121951219512195,0.524390243902439,0.6951219512195121,0.36585365853658536
9,0,1,0.14443198693465012,0.9146341463414634,0.45121951219512196,0.5,0.35365853658536583,0.8170731707317073,0.4024390243902439,0.3170731707317073,0.7926829268292683,0.4268292682926829,0.524390243902439,0.45121951219512196,0.3780487804878049,0.573170731707317,0.4634146341463415,0.573170731707317,0.3902439024390244,0.4634146341463415,0.3780487804878049,0.524390243902439,0.524390243902439,0.5365853658536586,0.43902439024390244,0.6829268292682927,0.5,0.4024390243902439,0.45121951219512196,0.4024390243902439,0.36585365853658536,0.6707317073170732,0.32926829268292684
9,0,2,0.13886740530519287,0.8414634146341463,0.2682926829268293,0.5121951219512195,0.5,0.7926829268292683,0.43902439024390244,0.4634146341463415,0.7682926829268293,0.4878048780487805,0.4024390243902439,0.4146341463414634,0.45121951219512196,0.5609756097560976,0.5365853658536586,0.573170731707317,0.3902439024390244,0.5365853658536586,0.43902439024390244,0.2926829268292683,0.5,0.43902439024390244,0.4024390243902439,0.6341463414634146,0.6829268292682927,0.2926829268292683,0.32926829268292684,0.4024390243902439,0.5365853658536586,0.5853658536585366,0.524390243902439
9,0,3,0.12932963723148966,0.6951219512195121,0.4146341463414634,0.5487804878048781,0.5,0.5365853658536586,0.573170731707317,0.4634146341463415,0.6585365853658537,0.32926829268292684,0.2682926829268293,0.4146341463414634,0.4634146341463415,0.4878048780487805,0.34146341463414637,0.7804878048780488,0.43902439024390244,0.6585365853658537,0.4268292682926829,0.3780487804878049,0.43902439024390244,0.21951219512195122,0.5975609756097561,0.6585365853658537,0.4268292682926829,0.5975609756097561,0.6463414634146342,0.4634146341463415,0.43902439024390244,0.5,0.6341463414634146
9,0,4,0.10848404684372497,0.3170731707317073,0.5365853658536586,0.6097560975609756,0.5121951219512195,0.6097560975609756,0.5487804878048781,0.36585365853658536,0.6463414634146342,0.45121951219512196,0.4634146341463415,0.524390243902439,0.6097560975609756,0.43902439024390244,0.32926829268292684,0.5853658536585366,0.45121951219512196,0.43902439024390244,0.36585365853658536,0.2804878048780488,0.4634146341463415,0.34146341463414637,0.47560975609756095,0.5365853658536586,0.5487804878048781,0.5975609756097561,0.7317073170731707,0.5365853658536586,0.573170731707317,0.4634146341463415,0.6463414634146342
9,0,5,0.13480988883351686,0.4146341463414634,0.47560975609756095,0.3170731707317073,0.524390243902439,0.3780487804878049,0.6463414634146342,0.5365853658536586,0.524390243902439,0.5487804878048781,0.4878048780487805,0.5487804878048781,0.7926829268292683,0.4146341463414634,0.4024390243902439,0.35365853658536583,0.6097560975609756,0.3780487804878049,0.6219512195121951,0.5487804878048781,0.6707317073170732,0.34146341463414637,0.6463414634146342,0.4146341463414634,0.24390243902439024,0.6951219512195121,0.7317073170731707,0.45121951219512196,0.573170731707317,0.32926829268292684,0.3780487804878049
9,0,6,0.14067625120884514,0.6341463414634146,0.35365853658536583,0.3170731707317073,0.47560975609756095,0.2926829268292683,0.5975609756097561,0.573170731707317,0.45121951219512196,0.5121951219512195,0.4634146341463415,0.5609756097560976,0.2926829268292683,0.6219512195121951,0.4024390243902439,0.7439024390243902,0.8780487804878049,0.47560975609756095,0.43902439024390244,0.45121951219512196,0.6341463414634146,0.5365853658536586,0.524390243902439,0.6219512195121951,0.2926829268292683,0.32926829268292684,0.6097560975609756,0.3902439024390244,0.36585365853658536,0.6707317073170732,0.4878048780487805
9,0,7,0.13656358711384797,0.4268292682926829,0.4024390243902439,0.4634146341463415,0.2926829268292683,0.5975609756097561,0.573170731707317,0.5487804878048781,0.34146341463414637,0.5487804878048781,0.4634146341463415,0.5975609756097561,0.36585365853658536,0.3170731707317073,0.6219512195121951,0.5975609756097561,0.7317073170731707,0.6707317073170732,0.6341463414634146,0.4146341463414634,0.1951219512195122,0.43902439024390244,0.6219512195121951,0.6097560975609756,0.573170731707317,0.47560975609756095,0.6219512195121951,0.3170731707317073,0.2804878048780488,0.6585365853658537,0.5975609756097561
9,0,8,0.12932963723148966,0.5853658536585366,0.34146341463414637,0.524390243902439,0.4268292682926829,0.4024390243902439,0.7682926829268293,0.5609756097560976,0.573170731707317,0.45121951219512196,0.3780487804878049,0.5487804878048781,0.45121951219512196,0.47560975609756095,0.5609756097560976,0.5487804878048781,0.25609756097560976,0.5487804878048781,0.6829268292682927,0.3048780487804878,0.6951219512195121,0.2926829268292683,0.3170731707317073,0.573170731707317,0.6951219512195121,0.6463414634146342,0.5487804878048781,0.34146341463414637,0.4878048780487805,0.5487804878048781,0.4634146341463415
9,0,9,0.13336803038529088,0.3780487804878049,0.3170731707317073,0.5853658536585366,0.4878048780487805,0.5975609756097561,0.5365853658536586,0.4146341463414634,0.6951219512195121,0.4634146341463415,0.4268292682926829,0.3170731707317073,0.6585365853658537,0.4878048780487805,0.6097560975609756,0.3902439024390244,0.34146341463414637,0.4634146341463415,0.6341463414634146,0.3048780487804878,0.5,0.4634146341463415,0.1951219512195122,0.6219512195121951,0.7804878048780488,0.6463414634146342,0.5609756097560976,0.4024390243902439,0.6585365853658537,0.524390243902439,0.5365853658536586
10,0,0,0.17226374182621101,0.5975609756097561,0.2804878048780488,0.4268292682926829,0.2804878048780488,0.8658536585365854,0.47560975609756095,0.8048780487804879,0.24390243902439024,0.36585365853658536,0.5,0.7560975609756098,0.3902439024390244,0.4268292682926829,0.926829268292683,0.45121951219512196,0.4878048780487805,0.25609756097560976,0.524390243902439,0.6829268292682927,0.6707317073170732,0.6585365853658537,0.34146341463414637,0.47560975609756095,0.43902439024390244,0.47560975609756095,0.4146341463414634,0.4634146341463415,0.43902439024390244,0.4024390243902439,0.47560975609756095
10,0,1,0.16747770146441848,0.573170731707317,0.35365853658536583,0.47560975609756095,0.43902439024390244,0.8780487804878049,0.34146341463414637,0.3780487804878049,0.45121951219512196,0.5,0.6829268292682927,0.7804878048780488,0.3902439024390244,0.21951219512195122,0.975609756097561,0.3170731707317073,0.45121951219512196,0.43902439024390244,0.5,0.6707317073170732,0.4878048780487805,0.6951219512195121,0.43902439024390244,0.45121951219512196,0.34146341463414637,0.3780487804878049,0.5487804878048781,0.524390243902439,0.573170731707317,0.34146341463414637,0.4024390243902439
10,0,2,0.14329484516618063,0.3902439024390244,0.573170731707317,0.35365853658536583,0.4024390243902439,0.7926829268292683,0.5975609756097561,0.5,0.4024390243902439,0.36585365853658536,0.5365853658536586,0.524390243902439,0.5487804878048781,0.43902439024390244,0.926829268292683,0.43902439024390244,0.524390243902439,0.45121951219512196,0.6585365853658537,0.6707317073170732,0.4878048780487805,0.45121951219512196,0.24390243902439024,0.4146341463414634,0.3902439024390244,0.47560975609756095,0.4268292682926829,0.3170731707317073,0.4024390243902439,0.7317073170731707,0.5609756097560976
10,0,3,0.17017912901064844,0.5365853658536586,0.6951219512195121,0.524390243902439,0.6707317073170732,0.9146341463414634,0.5365853658536586,0.4878048780487805,0.45121951219512196,0.6219512195121951,0.36585365853658536,0.18292682926829268,0.43902439024390244,0.34146341463414637,0.8902439024390244,0.3170731707317073,0.4634146341463415,0.6097560975609756,0.2926829268292683,0.36585365853658536,0.3170731707317073,0.6097560975609756,0.4146341463414634,0.35365853658536583,0.32926829268292684,0.5609756097560976,0.6829268292682927,0.6097560975609756,0.3170731707317073,0.6219512195121951,0.47560975609756095
10,0,4,0.11392271889934767,0.3902439024390244,0.7073170731707317,0.6219512195121951,0.4634146341463415,0.7073170731707317,0.573170731707317,0.43902439024390244,0.43902439024390244,0.4878048780487805,0.2926829268292683,0.3780487804878049,0.34146341463414637,0.47560975609756095,0.47560975609756095,0.5365853658536586,0.45121951219512196,0.5609756097560976,0.6951219512195121,0.47560975609756095,0.5487804878048781,0.5365853658536586,0.6341463414634146,0.2682926829268293,0.3902439024390244,0.4878048780487805,0.6463414634146342,0.43902439024390244,0.4024390243902439,0.5487804878048781,0.5853658536585366
10,0,5,0.14491171490256535,0.45121951219512196,0.3780487804878049,0.6585365853658537,0.35365853658536583,0.36585365853658536,0.5487804878048781,0.5609756097560976,0.5609756097560976,0.5365853658536586,0.47560975609756095,0.6585365853658537,0.3048780487804878,0.4878048780487805,0.2804878048780488,0.573170731707317,0.5,0.5975609756097561,0.7560975609756098,0.5121951219512195,0.15853658536585366,0.5365853658536586,0.4024390243902439,0.5365853658536586,0.9146341463414634,0.5,0.4268292682926829,0.35365853658536583,0.5487804878048781,0.45121951219512196,0.6097560975609756
10,0,6,0.14647690209555703,0.4146341463414634,0.6463414634146342,0.2682926829268293,0.6097560975609756,0.45121951219512196,0.34146341463414637,0.5609756097560976,0.573170731707317,0.3902439024390244,0.5121951219512195,0.5975609756097561,0.6219512195121951,0.36585365853658536,0.6219512195121951,0.43902439024390244,0.43902439024390244,0.35365853658536583,0.5853658536585366,0.573170731707317,0.4268292682926829,0.5,0.5609756097560976,0.5609756097560976,0.7073170731707317,0.32926829268292684,0.4878048780487805,0.36585365853658536,0.7195121951219512,0.13414634146341464,0.8414634146341463
10,0,7,0.13160941859931297,0.6829268292682927,0.5487804878048781,0.32926829268292684,0.5853658536585366,0.5121951219512195,0.5121951219512195,0.6341463414634146,0.6463414634146342,0.35365853658536583,0.573170731707317,0.6219512195121951,0.6463414634146342,0.36585365853658536,0.5487804878048781,0.4634146341463415,0.3170731707317073,0.43902439024390244,0.3170731707317073,0.3170731707317073,0.6463414634146342,0.524390243902439,0.34146341463414637,0.5609756097560976,0.5365853658536586,0.3780487804878049,0.5,0.4634146341463415,0.5609756097560976,0.2682926829268293,0.8048780487804879
10,0,8,0.1450484886139014,0.4268292682926829,0.3902439024390244,0.7073170731707317,0.4268292682926829,0.524390243902439,0.45121951219512196,0.5487804878048781,0.6463414634146342,0.4146341463414634,0.3170731707317073,0.5,0.7073170731707317,0.5853658536585366,0.8902439024390244,0.4024390243902439,0.5,0.43902439024390244,0.6219512195121951,0.3902439024390244,0.4878048780487805,0.21951219512195122,0.6585365853658537,0.4146341463414634,0.7195121951219512,0.5853658536585366,0.2926829268292683,0.5,0.5121951219512195,0.3048780487804878,0.4146341463414634
10,0,9,0.14545803810275032,0.573170731707317,0.45121951219512196,0.7073170731707317,0.524390243902439,0.3902439024390244,0.4878048780487805,0.5609756097560976,0.4146341463414634,0.36585365853658536,0.2682926829268293,0.23170731707317074,0.524390243902439,0.6097560975609756,0.524390243902439,0.8170731707317073,0.573170731707317,0.5365853658536586,0.36585365853658536,0.5487804878048781,0.7682926829268293,0.3902439024390244,0.8170731707317073,0.4268292682926829,0.4024390243902439,0.4268292682926829,0.6097560975609756,0.47560975609756095,0.4024390243902439,0.524390243902439,0.2804878048780488
11,0,0,0.18052625386992263,0.24390243902439024,0.6341463414634146,0.7073170731707317,0.4634146341463415,0.4634146341463415,0.926829268292683,0.36585365853658536,0.3780487804878049,0.34146341463414637,0.4024390243902439,0.7073170731707317,0.6219512195121951,0.573170731707317,0.32926829268292684,0.45121951219512196,0.36585365853658536,0.5609756097560976,0.4268292682926829,0.36585365853658536,0.524390243902439,0.6097560975609756,0.4268292682926829,0.2073170731707317,0.7560975609756098,0.975609756097561,0.43902439024390244,0.4024390243902439,0.4146341463414634,0.3170731707317073,0.5975609756097561
11,0,1,0.1551866204617367,0.1951219512195122,0.43902439024390244,0.6341463414634146,0.5121951219512195,0.4146341463414634,0.8658536585365854,0.4634146341463415,0.5121951219512195,0.43902439024390244,0.47560975609756095,0.7195121951219512,0.5121951219512195,0.6707317073170732,0.5121951219512195,0.2804878048780488,0.4634146341463415,0.35365853658536583,0.4878048780487805,0.35365853658536583,0.35365853658536583,0.4634146341463415,0.47560975609756095,0.4024390243902439,0.6707317073170732,0.9512195121951219,0.47560975609756095,0.5609756097560976,0.5365853658536586,0.3902439024390244,0.4146341463414634
11,0,2,0.13047450733855617,0.5487804878048781,0.5121951219512195,0.6219512195121951,0.5365853658536586,0.47560975609756095,0.8048780487804879,0.5853658536585366,0.573170731707317,0.6097560975609756,0.4268292682926829,0.5121951219512195,0.5487804878048781,0.573170731707317,0.4146341463414634,0.5609756097560976,0.4268292682926829,0.4024390243902439,0.573170731707317,0.36585365853658536,0.5975609756097561,0.45121951219512196,0.3780487804878049,0.3048780487804878,0.35365853658536583,0.8780487804878049,0.4024390243902439,0.5,0.32926829268292684,0.3048780487804878,0.4268292682926829
11,0,3,0.13066434376564753,0.5487804878048781,0.5853658536585366,0.3170731707317073,0.573170731707317,0.4878048780487805,0.45121951219512196,0.6097560975609756,0.5121951219512195,0.4634146341463415,0.524390243902439,0.13414634146341464,0.7073170731707317,0.524390243902439,0.5121951219512195,0.6585365853658537,0.6951219512195121,0.5487804878048781,0.6219512195121951,0.3780487804878049,0.4146341463414634,0.4878048780487805,0.3170731707317073,0.5365853658536586,0.2926829268292683,0.6463414634146342,0.4634146341463415,0.36585365853658536,0.4024390243902439,0.6951219512195121,0.524390243902439
11,0,4,0.14235770036169618,0.34146341463414637,0.4634146341463415,0.3780487804878049,0.47560975609756095,0.4634146341463415,0.3902439024390244,0.6463414634146342,0.524390243902439,0.5853658536585366,0.5121951219512195,0.3048780487804878,0.5975609756097561,0.5,0.45121951219512196,0.8048780487804879,0.5975609756097561,0.43902439024390244,0.7560975609756098,0.6219512195121951,0.5365853658536586,0.21951219512195122,0.6951219512195121,0.5975609756097561,0.1951219512195122,0.3170731707317073,0.43902439024390244,0.5609756097560976,0.43902439024390244,0.6463414634146342,0.5
11,0,5,0.14405393706407515,0.524390243902439,0.2804878048780488,0.43902439024390244,0.4146341463414634,0.4024390243902439,0.4268292682926829,0.5609756097560976,0.5487804878048781,0.524390243902439,0.3048780487804878,0.7804878048780488,0.5365853658536586,0.3780487804878049,0.32926829268292684,0.5975609756097561,0.43902439024390244,0.3048780487804878,0.6829268292682927,0.5975609756097561,0.2682926829268293,0.524390243902439,0.7560975609756098,0.5121951219512195,0.4634146341463415,0.6829268292682927,0.8048780487804879,0.4024390243902439,0.524390243902439,0.6097560975609756,0.3780487804878049
11,0,6,0.13764830301973133,0.3902439024390244,0.5975609756097561,0.6219512195121951,0.4146341463414634,0.3780487804878049,0.4634146341463415,0.4268292682926829,0.43902439024390244,0.32926829268292684,0.35365853658536583,0.6951219512195121,0.524390243902439,0.47560975609756095,0.3780487804878049,0.4634146341463415,0.34146341463414637,0.4268292682926829,0.6707317073170732,0.45121951219512196,0.4146341463414634,0.524390243902439,0.6951219512195121,0.4146341463414634,0.8414634146341463,0.4146341463414634,0.8658536585365854,0.5853658536585366,0.5487804878048781,0.4268292682926829,0.4268292682926829
11,0,7,0.16646825389791275,0.5975609756097561,0.4024390243902439,0.524390243902439,0.6707317073170732,0.8048780487804879,0.6097560975609756,0.45121951219512196,0.3780487804878049,0.47560975609756095,0.34146341463414637,0.6951219512195121,0.47560975609756095,0.4268292682926829,0.4634146341463415,0.3048780487804878,0.2804878048780488,0.3170731707317073,0.3170731707317073,0.6463414634146342,0.43902439024390244,0.573170731707317,0.8414634146341463,0.36585365853658536,0.8170731707317073,0.5853658536585366,0.5975609756097561,0.5853658536585366,0.5487804878048781,0.23170731707317074,0.23170731707317074
11,0,8,0.15863036625862537,0.4634146341463415,0.6951219512195121,0.34146341463414637,0.6341463414634146,0.8048780487804879,0.36585365853658536,0.4634146341463415,0.15853658536585366,0.4146341463414634,0.35365853658536583,0.4268292682926829,0.4878048780487805,0.8780487804878049,0.45121951219512196,0.3780487804878049,0.35365853658536583,0.5,0.5,0.6219512195121951,0.6219512195121951,0.5121951219512195,0.45121951219512196,0.3902439024390244,0.6341463414634146,0.7317073170731707,0.5365853658536586,0.24390243902439024,0.36585365853658536,0.6463414634146342,0.573170731707317
11,0,9,0.1526096605947381,0.3048780487804878,0.8780487804878049,0.4634146341463415,0.6951219512195121,0.4878048780487805,0.4146341463414634,0.8658536585365854,0.5,0.47560975609756095,0.7073170731707317,0.34146341463414637,0.3048780487804878,0.5487804878048781,0.47560975609756095,0.47560975609756095,0.6097560975609756,0.3780487804878049,0.2804878048780488,0.34146341463414637,0.5121951219512195,0.47560975609756095,0.5853658536585366,0.36585365853658536,0.4268292682926829,0.6707317073170732,0.43902439024390244,0.3902439024390244,0.35365853658536583,0.5853658536585366,0.6463414634146342
12,0,0,0.19090982056339348,0.8902439024390244,0.35365853658536583,0.6219512195121951,0.4268292682926829,0.34146341463414637,0.6097560975609756,0.45121951219512196,0.3902439024390244,0.43902439024390244,0.4146341463414634,0.43902439024390244,0.7804878048780488,0.3048780487804878,0.4146341463414634,0.5853658536585366,0.2926829268292683,0.2804878048780488,0.9146341463414634,0.3170731707317073,0.4878048780487805,0.4024390243902439,0.5853658536585366,0.9390243902439024,0.6341463414634146,0.45121951219512196,0.35365853658536583,0.3170731707317073,0.7682926829268293,0.5121951219512195,0.2804878048780488
12,0,1,0.1581922464384212,0.8658536585365854,0.5853658536585366,0.4634146341463415,0.34146341463414637,0.43902439024390244,0.4878048780487805,0.6341463414634146,0.4024390243902439,0.32926829268292684,0.3048780487804878,0.45121951219512196,0.6341463414634146,0.43902439024390244,0.43902439024390244,0.524390243902439,0.47560975609756095,0.3048780487804878,0.9024390243902439,0.47560975609756095,0.3780487804878049,0.4634146341463415,0.5121951219512195,0.9390243902439024,0.36585365853658536,0.47560975609756095,0.47560975609756095,0.5365853658536586,0.5609756097560976,0.4024390243902439,0.3902439024390244
12,0,2,0.12902262282281865,0.6829268292682927,0.5365853658536586,0.45121951219512196,0.47560975609756095,0.3780487804878049,0.4146341463414634,0.573170731707317,0.35365853658536583,0.4268292682926829,0.47560975609756095,0.3902439024390244,0.6341463414634146,0.5,0.3780487804878049,0.4024390243902439,0.4878048780487805,0.6341463414634146,0.36585365853658536,0.573170731707317,0.5121951219512195,0.5365853658536586,0.5365853658536586,0.9024390243902439,0.2073170731707317,0.4634146341463415,0.5121951219512195,0.7317073170731707,0.4878048780487805,0.43902439024390244,0.5365853658536586
12,0,3,0.1474214888669026,0.5975609756097561,0.5365853658536586,0.14634146341463414,0.6707317073170732,0.3780487804878049,0.3170731707317073,0.5121951219512195,0.6341463414634146,0.4024390243902439,0.5975609756097561,0.5121951219512195,0.573170731707317,0.5609756097560976,0.3902439024390244,0.25609756097560976,0.6463414634146342,0.7439024390243902,0.4878048780487805,0.5609756097560976,0.4634146341463415,0.4878048780487805,0.3780487804878049,0.8170731707317073,0.524390243902439,0.4146341463414634,0.3902439024390244,0.7195121951219512,0.3902439024390244,0.3170731707317073,0.573170731707317
12,0,4,0.1407467126463757,0.4268292682926829,0.4024390243902439,0.5121951219512195,0.2926829268292683,0.5487804878048781,0.3048780487804878,0.5121951219512195,0.6951219512195121,0.43902439024390244,0.6341463414634146,0.4024390243902439,0.32926829268292684,0.5975609756097561,0.4024390243902439,0.4146341463414634,0.7317073170731707,0.7560975609756098,0.4878048780487805,0.8048780487804879,0.47560975609756095,0.524390243902439,0.4146341463414634,0.32926829268292684,0.6707317073170732,0.4268292682926829,0.6951219512195121,0.45121951219512196,0.4024390243902439,0.32926829268292684,0.5853658536585366
12,0,5,0.1470511248291011,0.4634146341463415,0.3902439024390244,0.47560975609756095,0.2073170731707317,0.6097560975609756,0.25609756097560976,0.5121951219512195,0.45121951219512196,0.47560975609756095,0.4024390243902439,0.47560975609756095,0.6463414634146342,0.6951219512195121,0.8292682926829268,0.4268292682926829,0.35365853658536583,0.6219512195121951,0.4634146341463415,0.6463414634146342,0.573170731707317,0.4024390243902439,0.5121951219512195,0.34146341463414637,0.7439024390243902,0.5487804878048781,0.3048780487804878,0.6219512195121951,0.3170731707317073,0.524390243902439,0.7073170731707317
12,0,6,0.14647690209555705,0.524390243902439,0.3780487804878049,0.3780487804878049,0.3170731707317073,0.524390243902439,0.6829268292682927,0.4878048780487805,0.6463414634146342,0.5121951219512195,0.34146341463414637,0.5975609756097561,0.32926829268292684,0.35365853658536583,0.9390243902439024,0.35365853658536583,0.6219512195121951,0.3780487804878049,0.5121951219512195,0.5609756097560976,0.5487804878048781,0.32926829268292684,0.573170731707317,0.3902439024390244,0.43902439024390244,0.4024390243902439,0.7560975609756098,0.6219512195121951,0.4634146341463415,0.36585365853658536,0.6707317073170732
12,0,7,0.14842687552645079,0.6097560975609756,0.32926829268292684,0.524390243902439,0.2926829268292683,0.4634146341463415,0.6951219512195121,0.2682926829268293,0.36585365853658536,0.4268292682926829,0.5853658536585366,0.5487804878048781,0.6341463414634146,0.8292682926829268,0.4634146341463415,0.4268292682926829,0.43902439024390244,0.6219512195121951,0.6463414634146342,0.4146341463414634,0.32926829268292684,0.4268292682926829,0.524390243902439,0.4634146341463415,0.2682926829268293,0.5,0.8536585365853658,0.6341463414634146,0.5,0.32926829268292684,0.5853658536585366
12,0,8,0.14978999113286964,0.4268292682926829,0.6585365853658537,0.4878048780487805,0.6463414634146342,0.4268292682926829,0.524390243902439,0.3902439024390244,0.5975609756097561,0.47560975609756095,0.43902439024390244,0.3902439024390244,0.5609756097560976,0.7073170731707317,0.4024390243902439,0.3902439024390244,0.5975609756097561,0.34146341463414637,0.6951219512195121,0.34146341463414637,0.25609756097560976,0.2804878048780488,0.4634146341463415,0.24390243902439024,0.4878048780487805,0.6951219512195121,0.8414634146341463,0.5,0.5487804878048781,0.7682926829268293,0.4146341463414634
12,0,9,0.16812764383130369,0.32926829268292684,0.5,0.4634146341463415,0.8170731707317073,0.3170731707317073,0.32926829268292684,0.3902439024390244,0.3780487804878049,0.3902439024390244,0.7317073170731707,0.25609756097560976,0.18292682926829268,0.6829268292682927,0.524390243902439,0.6463414634146342,0.5121951219512195,0.5853658536585366,0.6585365853658537,0.35365853658536583,0.34146341463414637,0.6341463414634146,0.5365853658536586,0.2804878048780488,0.4878048780487805,0.5487804878048781,0.9146341463414634,0.573170731707317,0.6097560975609756,0.573170731707317,0.45121951219512196
13,0,0,0.172263741826211,0.32926829268292684,0.43902439024390244,0.7804878048780488,0.4146341463414634,0.45121951219512196,0.34146341463414637,0.5609756097560976,0.45121951219512196,0.2926829268292683,0.5,0.4146341463414634,0.43902439024390244,1.0,0.4024390243902439,0.6707317073170732,0.36585365853658536,0.4268292682926829,0.5975609756097561,0.25609756097560976,0.6219512195121951,0.34146341463414637,0.5487804878048781,0.7804878048780488,0.45121951219512196,0.6097560975609756,0.47560975609756095,0.4024390243902439,0.524390243902439,0.2804878048780488,0.8292682926829268
13,0,1,0.15525049641441557,0.4634146341463415,0.5,0.7439024390243902,0.3048780487804878,0.3780487804878049,0.4146341463414634,0.4268292682926829,0.4146341463414634,0.45121951219512196,0.5609756097560976,0.4634146341463415,0.4878048780487805,0.975609756097561,0.34146341463414637,0.5487804878048781,0.36585365853658536,0.25609756097560976,0.3902439024390244,0.4268292682926829,0.6097560975609756,0.45121951219512196,0.5609756097560976,0.6707317073170732,0.4268292682926829,0.7195121951219512,0.45121951219512196,0.5121951219512195,0.35365853658536583,0.5,0.8292682926829268
13,0,2,0.12944457990317607,0.47560975609756095,0.4878048780487805,0.8536585365853658,0.43902439024390244,0.5365853658536586,0.3902439024390244,0.4878048780487805,0.524390243902439,0.6341463414634146,0.3780487804878049,0.4146341463414634,0.4634146341463415,0.8292682926829268,0.5121951219512195,0.43902439024390244,0.4268292682926829,0.5121951219512195,0.47560975609756095,0.3780487804878049,0.5609756097560976,0.1951219512195122,0.3170731707317073,0.5,0.5121951219512195,0.6951219512195121,0.43902439024390244,0.45121951219512196,0.5609756097560976,0.5487804878048781,0.5609756097560976
13,0,3,0.12867635602719035,0.5975609756097561,0.25609756097560976,0.7560975609756098,0.4146341463414634,0.573170731707317,0.524390243902439,0.45121951219512196,0.7073170731707317,0.6829268292682927,0.2926829268292683,0.43902439024390244,0.3902439024390244,0.7682926829268293,0.4878048780487805,0.36585365853658536,0.573170731707317,0.4146341463414634,0.45121951219512196,0.4024390243902439,0.5,0.45121951219512196,0.3170731707317073,0.4634146341463415,0.6097560975609756,0.36585365853658536,0.5,0.6341463414634146,0.5975609756097561,0.5365853658536586,0.47560975609756095
13,0,4,0.14528753278321163,0.6707317073170732,0.524390243902439,0.4268292682926829,0.4146341463414634,0.7439024390243902,0.524390243902439,0.32926829268292684,0.34146341463414637,0.573170731707317,0.3048780487804878,0.524390243902439,0.6707317073170732,0.3170731707317073,0.6341463414634146,0.32926829268292684,0.7195121951219512,0.6097560975609756,0.7682926829268293,0.5365853658536586,0.2682926829268293,0.4146341463414634,0.524390243902439,0.3048780487804878,0.6341463414634146,0.35365853658536583,0.45121951219512196,0.4024390243902439,0.6707317073170732,0.573170731707317,0.43902439024390244
13,0,5,0.13036047278741328,0.24390243902439024,0.32926829268292684,0.5121951219512195,0.7073170731707317,0.6097560975609756,0.5,0.5487804878048781,0.6463414634146342,0.35365853658536583,0.3780487804878049,0.4146341463414634,0.7073170731707317,0.5,0.35365853658536583,0.7073170731707317,0.5853658536585366,0.5853658536585366,0.6341463414634146,0.4268292682926829,0.3780487804878049,0.5975609756097561,0.5365853658536586,0.2682926829268293,0.6585365853658537,0.43902439024390244,0.6097560975609756,0.3902439024390244,0.5,0.3780487804878049,0.5
13,0,6,0.16449105494961555,0.35365853658536583,0.6829268292682927,0.5975609756097561,0.5365853658536586,0.35365853658536583,0.4268292682926829,0.3902439024390244,0.5365853658536586,0.8780487804878049,0.3902439024390244,0.3170731707317073,0.3170731707317073,0.7195121951219512,0.524390243902439,0.5365853658536586,0.2926829268292683,0.3780487804878049,0.21951219512195122,0.6097560975609756,0.5121951219512195,0.5609756097560976,0.6951219512195121,0.6829268292682927,0.4878048780487805,0.8414634146341463,0.4634146341463415,0.43902439024390244,0.2073170731707317,0.5487804878048781,0.5
13,0,7,0.18363008449539697,0.3902439024390244,0.8048780487804879,0.5365853658536586,0.45121951219512196,0.5121951219512195,0.6951219512195121,0.36585365853658536,0.5121951219512195,0.8048780487804879,0.4146341463414634,0.5,0.6463414634146342,0.6707317073170732,0.17073170731707318,0.5121951219512195,0.25609756097560976,0.2926829268292683,0.5609756097560976,0.35365853658536583,0.7073170731707317,0.2682926829268293,0.8170731707317073,0.6951219512195121,0.4634146341463415,0.7926829268292683,0.43902439024390244,0.23170731707317074,0.2804878048780488,0.3902439024390244,0.4634146341463415
13,0,8,0.14922630792723077,0.4878048780487805,0.7804878048780488,0.6097560975609756,0.5975609756097561,0.3902439024390244,0.5121951219512195,0.32926829268292684,0.35365853658536583,0.7926829268292683,0.36585365853658536,0.6463414634146342,0.524390243902439,0.5487804878048781,0.2926829268292683,0.36585365853658536,0.4268292682926829,0.4024390243902439,0.34146341463414637,0.5365853658536586,0.6097560975609756,0.2804878048780488,0.3902439024390244,0.5,0.2926829268292683,0.7317073170731707,0.524390243902439,0.4024390243902439,0.7804878048780488,0.5975609756097561,0.5853658536585366
13,0,9,0.13707085609827127,0.5487804878048781,0.7195121951219512,0.2926829268292683,0.4634146341463415,0.32926829268292684,0.7195121951219512,0.3170731707317073,0.5487804878048781,0.6951219512195121,0.573170731707317,0.573170731707317,0.524390243902439,0.35365853658536583,0.573170731707317,0.34146341463414637,0.3780487804878049,0.4878048780487805,0.43902439024390244,0.4878048780487805,0.5365853658536586,0.3048780487804878,0.3048780487804878,0.4146341463414634,0.3048780487804878,0.6585365853658537,0.6097560975609756,0.5609756097560976,0.7073170731707317,0.5853658536585366,0.6463414634146342
14,0,0,0.19049389453430862,0.36585365853658536,0.4634146341463415,0.9878048780487805,0.3902439024390244,0.7560975609756098,0.45121951219512196,0.2804878048780488,0.2804878048780488,0.4878048780487805,0.524390243902439,0.7804878048780488,0.35365853658536583,0.5,0.5975609756097561,0.5121951219512195,0.25609756097560976,0.5975609756097561,0.3170731707317073,0.35365853658536583,0.35365853658536583,0.4634146341463415,0.4268292682926829,0.975609756097561,0.36585365853658536,0.34146341463414637,0.5365853658536586,0.5,0.7317073170731707,0.34146341463414637,0.7073170731707317
14,0,1,0.15794134660336662,0.4268292682926829,0.3048780487804878,0.7317073170731707,0.4268292682926829,0.7804878048780488,0.34146341463414637,0.4878048780487805,0.2926829268292683,0.6097560975609756,0.5853658536585366,0.8292682926829268,0.3780487804878049,0.5853658536585366,0.5365853658536586,0.4634146341463415,0.3780487804878049,0.524390243902439,0.524390243902439,0.3780487804878049,0.5121951219512195,0.35365853658536583,0.3048780487804878,0.9634146341463414,0.4146341463414634,0.3902439024390244,0.47560975609756095,0.6219512195121951,0.4878048780487805,0.45121951219512196,0.43902439024390244
14,0,2,0.1575327820933377,0.45121951219512196,0.3170731707317073,0.7682926829268293,0.5609756097560976,0.5121951219512195,0.6341463414634146,0.4634146341463415,0.7682926829268293,0.6829268292682927,0.3902439024390244,0.3902439024390244,0.573170731707317,0.4634146341463415,0.45121951219512196,0.43902439024390244,0.5121951219512195,0.5487804878048781,0.35365853658536583,0.4024390243902439,0.4268292682926829,0.6463414634146342,0.5975609756097561,0.9634146341463414,0.47560975609756095,0.5121951219512195,0.3170731707317073,0.3048780487804878,0.17073170731707318,0.47560975609756095,0.4268292682926829
14,0,3,0.16542268251525044,0.5487804878048781,0.43902439024390244,0.4634146341463415,0.5365853658536586,0.6707317073170732,0.5975609756097561,0.5487804878048781,0.7560975609756098,0.47560975609756095,0.3048780487804878,0.36585365853658536,0.43902439024390244,0.25609756097560976,0.25609756097560976,0.43902439024390244,0.6341463414634146,0.3048780487804878,0.3170731707317073,0.5121951219512195,0.3902439024390244,0.7560975609756098,0.6585365853658537,0.9634146341463414,0.5975609756097561,0.4634146341463415,0.573170731707317,0.47560975609756095,0.24390243902439024,0.6341463414634146,0.3780487804878049
14,0,4,0.17931391488500295,0.3780487804878049,0.5609756097560976,0.25609756097560976,0.2926829268292683,0.8536585365853658,0.6097560975609756,0.6097560975609756,0.47560975609756095,0.36585365853658536,0.2804878048780488,0.524390243902439,0.6951219512195121,0.47560975609756095,0.2682926829268293,0.45121951219512196,0.3780487804878049,0.32926829268292684,0.3048780487804878,0.5121951219512195,0.5121951219512195,0.6707317073170732,0.6341463414634146,0.9512195121951219,0.6463414634146342,0.47560975609756095,0.5609756097560976,0.3780487804878049,0.2073170731707317,0.7560975609756098,0.5853658536585366
14,0,5,0.16276414642266274,0.45121951219512196,0.9634146341463414,0.6219512195121951,0.4024390243902439,0.7926829268292683,0.13414634146341464,0.1951219512195122,0.3048780487804878,0.4146341463414634,0.35365853658536583,0.5609756097560976,0.6585365853658537,0.4268292682926829,0.3902439024390244,0.6097560975609756,0.6585365853658537,0.43902439024390244,0.524390243902439,0.5487804878048781,0.5487804878048781,0.573170731707317,0.4268292682926829,0.4878048780487805,0.3048780487804878,0.4268292682926829,0.5365853658536586,0.5853658536585366,0.524390243902439,0.6341463414634146,0.5
14,0,6,0.1603399620509426,0.524390243902439,0.926829268292683,0.573170731707317,0.5487804878048781,0.36585365853658536,0.2682926829268293,0.36585365853658536,0.3170731707317073,0.36585365853658536,0.5853658536585366,0.524390243902439,0.6341463414634146,0.4634146341463415,0.6829268292682927,0.3048780487804878,0.7560975609756098,0.5609756097560976,0.4024390243902439,0.5853658536585366,0.2804878048780488,0.524390243902439,0.36585365853658536,0.23170731707317074,0.47560975609756095,0.4024390243902439,0.573170731707317,0.6829268292682927,0.6097560975609756,0.3902439024390244,0.7073170731707317
14,0,7,0.16349348904389488,0.45121951219512196,0.15853658536585366,0.5975609756097561,0.5609756097560976,0.3780487804878049,0.524390243902439,0.3170731707317073,0.5,0.6219512195121951,0.6219512195121951,0.6463414634146342,0.5121951219512195,0.36585365853658536,0.7682926829268293,0.4146341463414634,0.6951219512195121,0.7073170731707317,0.35365853658536583,0.5,0.13414634146341464,0.3780487804878049,0.3902439024390244,0.5853658536585366,0.2926829268292683,0.32926829268292684,0.6951219512195121,0.6341463414634146,0.5853658536585366,0.524390243902439,0.7560975609756098
14,0,8,0.1470174091058953,0.573170731707317,0.6829268292682927,0.7195121951219512,0.5853658536585366,0.43902439024390244,0.5,0.36585365853658536,0.47560975609756095,0.6341463414634146,0.47560975609756095,0.5365853658536586,0.3902439024390244,0.35365853658536583,0.6829268292682927,0.45121951219512196,0.5,0.4024390243902439,0.3902439024390244,0.524390243902439,0.24390243902439024,0.2804878048780488,0.3170731707317073,0.6463414634146342,0.4024390243902439,0.3902439024390244,0.7804878048780488,0.7560975609756098,0.2926829268292683,0.7073170731707317,0.5
14,0,9,0.13528709347207865,0.4146341463414634,0.6341463414634146,0.36585365853658536,0.8902439024390244,0.4634146341463415,0.47560975609756095,0.5853658536585366,0.4878048780487805,0.5121951219512195,0.5609756097560976,0.6097560975609756,0.25609756097560976,0.4268292682926829,0.3170731707317073,0.4634146341463415,0.34146341463414637,0.4634146341463415,0.3780487804878049,0.7073170731707317,0.7317073170731707,0.45121951219512196,0.573170731707317,0.43902439024390244,0.5609756097560976,0.524390243902439,0.4268292682926829,0.7073170731707317,0.3902439024390244,0.3902439024390244,0.45121951219512196
15,0,0,0.18451881782213403,0.4024390243902439,0.36585365853658536,0.45121951219512196,0.6463414634146342,0.4878048780487805,0.6707317073170732,0.4146341463414634,0.6829268292682927,0.43902439024390244,0.4146341463414634,0.5975609756097561,0.8902439024390244,0.4268292682926829,0.3048780487804878,0.35365853658536583,0.3902439024390244,0.3780487804878049,0.32926829268292684,0.2926829268292683,0.3048780487804878,0.5975609756097561,0.45121951219512196,0.5121951219512195,0.8048780487804879,0.3048780487804878,0.32926829268292684,0.573170731707317,0.7926829268292683,1.0,0.3902439024390244
15,0,1,0.16735925894503173,0.24390243902439024,0.4268292682926829,0.4024390243902439,0.6219512195121951,0.8048780487804879,0.4268292682926829,0.2804878048780488,0.5365853658536586,0.5487804878048781,0.2926829268292683,0.5609756097560976,0.8414634146341463,0.36585365853658536,0.4146341463414634,0.4146341463414634,0.5,0.36585365853658536,0.3780487804878049,0.45121951219512196,0.4024390243902439,0.524390243902439,0.6219512195121951,0.43902439024390244,0.8048780487804879,0.43902439024390244,0.3170731707317073,0.45121951219512196,0.7926829268292683,0.8414634146341463,0.4878048780487805
15,0,2,0.17168722166222503,0.4024390243902439,0.524390243902439,0.5975609756097561,0.4268292682926829,0.8780487804878049,0.4634146341463415,0.47560975609756095,0.3048780487804878,0.3902439024390244,0.25609756097560976,0.4878048780487805,0.9146341463414634,0.3048780487804878,0.5121951219512195,0.4268292682926829,0.4878048780487805,0.43902439024390244,0.35365853658536583,0.45121951219512196,0.3902439024390244,0.573170731707317,0.43902439024390244,0.35365853658536583,0.7195121951219512,0.4634146341463415,0.4634146341463415,0.34146341463414637,0.8536585365853658,0.8414634146341463,0.4634146341463415
15,0,3,0.17517448314158734,0.3780487804878049,0.3170731707317073,0.47560975609756095,0.21951219512195122,0.8292682926829268,0.4268292682926829,0.43902439024390244,0.4878048780487805,0.35365853658536583,0.4878048780487805,0.573170731707317,0.9024390243902439,0.5121951219512195,0.6707317073170732,0.45121951219512196,0.3780487804878049,0.6097560975609756,0.524390243902439,0.24390243902439024,0.5487804878048781,0.4024390243902439,0.47560975609756095,0.3902439024390244,0.7439024390243902,0.4268292682926829,0.524390243902439,0.3170731707317073,0.8902439024390244,0.7073170731707317,0.2926829268292683
15,0,4,0.14862713674933847,0.34146341463414637,0.573170731707317,0.45121951219512196,0.25609756097560976,0.9390243902439024,0.3902439024390244,0.4878048780487805,0.4634146341463415,0.3902439024390244,0.573170731707317,0.43902439024390244,0.6585365853658537,0.7682926829268293,0.5487804878048781,0.5365853658536586,0.4878048780487805,0.5121951219512195,0.34146341463414637,0.3048780487804878,0.7195121951219512,0.4146341463414634,0.5853658536585366,0.5365853658536586,0.6829268292682927,0.5365853658536586,0.47560975609756095,0.4634146341463415,0.3902439024390244,0.24390243902439024,0.4878048780487805
15,0,5,0.154578482453915,0.35365853658536583,0.6341463414634146,0.4024390243902439,0.4878048780487805,0.975609756097561,0.5975609756097561,0.5365853658536586,0.45121951219512196,0.4146341463414634,0.34146341463414637,0.24390243902439024,0.5121951219512195,0.5853658536585366,0.4146341463414634,0.47560975609756095,0.35365853658536583,0.43902439024390244,0.5365853658536586,0.3902439024390244,0.5365853658536586,0.36585365853658536,0.7439024390243902,0.24390243902439024,0.34146341463414637,0.5853658536585366,0.45121951219512196,0.5609756097560976,0.6463414634146342,0.6707317073170732,0.7073170731707317
15,0,6,0.1441915244278776,0.3902439024390244,0.4268292682926829,0.35365853658536583,0.36585365853658536,0.3902439024390244,0.5853658536585366,0.4024390243902439,0.4634146341463415,0.6707317073170732,0.3780487804878049,0.8048780487804879,0.4878048780487805,0.36585365853658536,0.3780487804878049,0.6829268292682927,0.7682926829268293,0.36585365853658536,0.6341463414634146,0.7560975609756098,0.35365853658536583,0.5365853658536586,0.32926829268292684,0.5,0.2804878048780488,0.5,0.45121951219512196,0.5365853658536586,0.573170731707317,0.5487804878048781,0.7195121951219512
15,0,7,0.17131144313581687,0.3780487804878049,0.5975609756097561,0.4878048780487805,0.6707317073170732,0.18292682926829268,0.7073170731707317,0.7195121951219512,0.23170731707317074,0.7804878048780488,0.4024390243902439,0.8536585365853658,0.34146341463414637,0.3170731707317073,0.4024390243902439,0.573170731707317,0.8414634146341463,0.4146341463414634,0.5853658536585366,0.6951219512195121,0.34146341463414637,0.573170731707317,0.5,0.35365853658536583,0.3048780487804878,0.4634146341463415,0.4268292682926829,0.45121951219512196,0.43902439024390244,0.43902439024390244,0.524390243902439
15,0,8,0.15064801528470498,0.4634146341463415,0.32926829268292684,0.5,0.7560975609756098,0.3170731707317073,0.6829268292682927,0.5975609756097561,0.4634146341463415,0.5365853658536586,0.6219512195121951,0.8902439024390244,0.3048780487804878,0.2682926829268293,0.5121951219512195,0.5121951219512195,0.6341463414634146,0.4634146341463415,0.6585365853658537,0.4634146341463415,0.2926829268292683,0.45121951219512196,0.6951219512195121,0.35365853658536583,0.36585365853658536,0.5853658536585366,0.5975609756097561,0.3902439024390244,0.524390243902439,0.4878048780487805,0.2804878048780488
15,0,9,0.15518662046173673,0.45121951219512196,0.524390243902439,0.32926829268292684,0.7195121951219512,0.7926829268292683,0.2804878048780488,0.5121951219512195,0.3780487804878049,0.5,0.5487804878048781,0.8536585365853658,0.5121951219512195,0.36585365853658536,0.24390243902439024,0.7317073170731707,0.43902439024390244,0.6707317073170732,0.3902439024390244,0.36585365853658536,0.7195121951219512,0.4024390243902439,0.6341463414634146,0.3170731707317073,0.47560975609756095,0.4146341463414634,0.45121951219512196,0.3170731707317073,0.573170731707317,0.5,0.5853658536585366
16,0,0,0.18745083300103543,0.43902439024390244,0.4268292682926829,0.8780487804878049,0.3048780487804878,0.8048780487804879,0.4878048780487805,0.5487804878048781,0.7439024390243902,0.4024390243902439,0.5609756097560976,0.4634146341463415,0.43902439024390244,0.9634146341463414,0.4634146341463415,0.4146341463414634,0.5853658536585366,0.36585365853658536,0.25609756097560976,0.573170731707317,0.5609756097560976,0.5609756097560976,0.32926829268292684,0.9146341463414634,0.5,0.35365853658536583,0.34146341463414637,0.32926829268292684,0.35365853658536583,0.2682926829268293,0.36585365853658536
16,0,1,0.18178505457769836,0.4634146341463415,0.4024390243902439,0.8292682926829268,0.2682926829268293,0.8170731707317073,0.6097560975609756,0.25609756097560976,0.7560975609756098,0.35365853658536583,0.7439024390243902,0.2804878048780488,0.32926829268292684,0.9634146341463414,0.45121951219512196,0.4878048780487805,0.6951219512195121,0.4024390243902439,0.34146341463414637,0.43902439024390244,0.5487804878048781,0.5487804878048781,0.45121951219512196,0.6707317073170732,0.573170731707317,0.36585365853658536,0.4024390243902439,0.4268292682926829,0.43902439024390244,0.32926829268292684,0.35365853658536583
16,0,2,0.16086470680820636,0.5,0.32926829268292684,0.5975609756097561,0.43902439024390244,0.8292682926829268,0.5487804878048781,0.2682926829268293,0.7073170731707317,0.6341463414634146,0.7560975609756098,0.4878048780487805,0.5365853658536586,0.8780487804878049,0.45121951219512196,0.2926829268292683,0.524390243902439,0.24390243902439024,0.5853658536585366,0.5609756097560976,0.3902439024390244,0.5,0.524390243902439,0.7195121951219512,0.45121951219512196,0.4146341463414634,0.4634146341463415,0.36585365853658536,0.34146341463414637,0.2926829268292683,0.36585365853658536
16,0,3,0.15756424774472377,0.3902439024390244,0.2804878048780488,0.7560975609756098,0.7682926829268293,0.7682926829268293,0.5853658536585366,0.23170731707317074,0.573170731707317,0.6341463414634146,0.45121951219512196,0.7073170731707317,0.3780487804878049,0.6951219512195121,0.34146341463414637,0.4268292682926829,0.2926829268292683,0.4634146341463415,0.524390243902439,0.3780487804878049,0.32926829268292684,0.4146341463414634,0.7195121951219512,0.5609756097560976,0.32926829268292684,0.4634146341463415,0.6951219512195121,0.573170731707317,0.4268292682926829,0.3780487804878049,0.4634146341463415
16,0,4,0.16071054797374631,0.21951219512195122,0.3780487804878049,0.7682926829268293,0.7195121951219512,0.573170731707317,0.3780487804878049,0.8292682926829268,0.3048780487804878,0.4024390243902439,0.3780487804878049,0.6707317073170732,0.4878048780487805,0.47560975609756095,0.45121951219512196,0.5121951219512195,0.35365853658536583,0.4268292682926829,0.4268292682926829,0.6341463414634146,0.36585365853658536,0.5121951219512195,0.6951219512195121,0.34146341463414637,0.43902439024390244,0.9390243902439024,0.4268292682926829,0.47560975609756095,0.4634146341463415,0.45121951219512196,0.5
16,0,5,0.17058646551509987,0.4878048780487805,0.5121951219512195,0.45121951219512196,0.573170731707317,0.6951219512195121,0.3048780487804878,0.9024390243902439,0.6463414634146342,0.1951219512195122,0.3902439024390244,0.5609756097560976,0.36585365853658536,0.2073170731707317,0.3170731707317073,0.5,0.6463414634146342,0.2682926829268293,0.4268292682926829,0.45121951219512196,0.5853658536585366,0.4146341463414634,0.6707317073170732,0.4268292682926829,0.7073170731707317,0.9024390243902439,0.4268292682926829,0.5,0.4024390243902439,0.5853658536585366,0.47560975609756095
16,0,6,0.15409667821971434,0.47560975609756095,0.6097560975609756,0.4634146341463415,0.3780487804878049,0.4878048780487805,0.47560975609756095,0.7195121951219512,0.47560975609756095,0.18292682926829268,0.7073170731707317,0.6951219512195121,0.35365853658536583,0.35365853658536583,0.6463414634146342,0.7195121951219512,0.6951219512195121,0.3780487804878049,0.3048780487804878,0.6341463414634146,0.43902439024390244,0.2804878048780488,0.7439024390243902,0.4634146341463415,0.7439024390243902,0.45121951219512196,0.4268292682926829,0.47560975609756095,0.4146341463414634,0.5121951219512195,0.2926829268292683
16,0,7,0.12657886475465732,0.4878048780487805,0.3902439024390244,0.5121951219512195,0.5,0.4146341463414634,0.5121951219512195,0.34146341463414637,0.34146341463414637,0.5121951219512195,0.6219512195121951,0.6097560975609756,0.47560975609756095,0.43902439024390244,0.47560975609756095,0.573170731707317,0.6341463414634146,0.7317073170731707,0.36585365853658536,0.7317073170731707,0.5853658536585366,0.5975609756097561,0.34146341463414637,0.4146341463414634,0.7926829268292683,0.3902439024390244,0.573170731707317,0.2804878048780488,0.5121951219512195,0.5121951219512195,0.32926829268292684
16,0,8,0.12219487853536926,0.36585365853658536,0.34146341463414637,0.4146341463414634,0.5609756097560976,0.5487804878048781,0.4878048780487805,0.43902439024390244,0.6219512195121951,0.5,0.7195121951219512,0.35365853658536583,0.6951219512195121,0.524390243902439,0.35365853658536583,0.5365853658536586,0.5121951219512195,0.7926829268292683,0.34146341463414637,0.47560975609756095,0.5975609756097561,0.5609756097560976,0.5,0.45121951219512196,0.45121951219512196,0.5121951219512195,0.43902439024390244,0.6707317073170732,0.2804878048780488,0.35365853658536583,0.5975609756097561
16,0,9,0.16545264767852771,0.6463414634146342,0.47560975609756095,0.5487804878048781,0.5609756097560976,0.3902439024390244,0.5121951219512195,0.3170731707317073,0.8414634146341463,0.3902439024390244,0.5975609756097561,0.3902439024390244,0.5,0.7195121951219512,0.3048780487804878,0.23170731707317074,0.3780487804878049,0.7804878048780488,0.5,0.3048780487804878,0.47560975609756095,0.7073170731707317,0.8048780487804879,0.3170731707317073,0.6341463414634146,0.2926829268292683,0.5609756097560976,0.5975609756097561,0.35365853658536583,0.5609756097560976,0.3048780487804878
17,0,0,0.17906492529734291,0.32926829268292684,0.3902439024390244,0.8414634146341463,0.45121951219512196,0.524390243902439,0.4024390243902439,0.36585365853658536,0.5365853658536586,0.43902439024390244,0.47560975609756095,0.23170731707317074,0.9512195121951219,0.524390243902439,0.2926829268292683,0.8658536585365854,0.5365853658536586,0.32926829268292684,0.3170731707317073,0.5975609756097561,0.4024390243902439,0.5487804878048781,0.4268292682926829,0.8048780487804879,0.32926829268292684,0.45121951219512196,0.5121951219512195,0.7560975609756098,0.5853658536585366,0.4268292682926829,0.35365853658536583
17,0,1,0.16599109561395503,0.34146341463414637,0.3780487804878049,0.8658536585365854,0.4878048780487805,0.5,0.3780487804878049,0.4268292682926829,0.4268292682926829,0.47560975609756095,0.36585365853658536,0.34146341463414637,0.975609756097561,0.573170731707317,0.4268292682926829,0.5365853658536586,0.5853658536585366,0.34146341463414637,0.5,0.6463414634146342,0.3170731707317073,0.5853658536585366,0.5,0.7926829268292683,0.35365853658536583,0.5975609756097561,0.5365853658536586,0.6463414634146342,0.2682926829268293,0.2682926829268293,0.5609756097560976
17,0,2,0.1502196158176519,0.34146341463414637,0.3780487804878049,0.7439024390243902,0.5609756097560976,0.5609756097560976,0.7073170731707317,0.43902439024390244,0.5,0.45121951219512196,0.47560975609756095,0.4146341463414634,0.926829268292683,0.4024390243902439,0.4146341463414634,0.45121951219512196,0.2804878048780488,0.35365853658536583,0.4878048780487805,0.573170731707317,0.4268292682926829,0.3902439024390244,0.5121951219512195,0.7073170731707317,0.45121951219512196,0.8048780487804879,0.573170731707317,0.43902439024390244,0.5487804878048781,0.43902439024390244,0.24390243902439024
17,0,3,0.1460362671211971,0.3170731707317073,0.43902439024390244,0.4878048780487805,0.6463414634146342,0.5365853658536586,0.7682926829268293,0.4878048780487805,0.6097560975609756,0.3170731707317073,0.7560975609756098,0.4146341463414634,0.7804878048780488,0.4146341463414634,0.6585365853658537,0.3902439024390244,0.3048780487804878,0.5487804878048781,0.6341463414634146,0.5487804878048781,0.3902439024390244,0.5853658536585366,0.573170731707317,0.32926829268292684,0.4024390243902439,0.7073170731707317,0.2804878048780488,0.2926829268292683,0.45121951219512196,0.5,0.4268292682926829
17,0,4,0.14092271210571353,0.47560975609756095,0.5487804878048781,0.3780487804878049,0.47560975609756095,0.43902439024390244,0.6097560975609756,0.6951219512195121,0.32926829268292684,0.43902439024390244,0.573170731707317,0.524390243902439,0.8292682926829268,0.4878048780487805,0.5121951219512195,0.24390243902439024,0.21951219512195122,0.6829268292682927,0.5609756097560976,0.32926829268292684,0.4634146341463415,0.6707317073170732,0.6951219512195121,0.6707317073170732,0.4268292682926829,0.5853658536585366,0.5365853658536586,0.32926829268292684,0.4024390243902439,0.4878048780487805,0.3780487804878049
17,0,5,0.1630988333095256,0.6219512195121951,0.36585365853658536,0.3902439024390244,0.3780487804878049,0.4634146341463415,0.524390243902439,0.6219512195121951,0.3048780487804878,0.524390243902439,0.32926829268292684,0.524390243902439,0.2804878048780488,0.7073170731707317,0.3780487804878049,0.7560975609756098,0.8780487804878049,0.8170731707317073,0.43902439024390244,0.3902439024390244,0.7560975609756098,0.5975609756097561,0.2926829268292683,0.5487804878048781,0.36585365853658536,0.45121951219512196,0.6707317073170732,0.3902439024390244,0.3780487804878049,0.5121951219512195,0.34146341463414637
17,0,6,0.14896030716685338,0.6829268292682927,0.2804878048780488,0.5975609756097561,0.35365853658536583,0.3170731707317073,0.5487804878048781,0.5121951219512195,0.3048780487804878,0.43902439024390244,0.524390243902439,0.4634146341463415,0.4024390243902439,0.4634146341463415,0.4268292682926829,0.5121951219512195,0.8902439024390244,0.6707317073170732,0.4878048780487805,0.34146341463414637,0.8048780487804879,0.4878048780487805,0.4024390243902439,0.47560975609756095,0.2804878048780488,0.6219512195121951,0.7317073170731707,0.3780487804878049,0.6219512195121951,0.5,0.47560975609756095
17,0,7,0.16539271192300967,0.7195121951219512,0.3170731707317073,0.3048780487804878,0.35365853658536583,0.6829268292682927,0.3170731707317073,0.5,0.6585365853658537,0.6097560975609756,0.4024390243902439,0.3902439024390244,0.2926829268292683,0.47560975609756095,0.4024390243902439,0.34146341463414637,0.8170731707317073,0.5,0.3780487804878049,0.36585365853658536,0.7926829268292683,0.7560975609756098,0.524390243902439,0.6463414634146342,0.2682926829268293,0.47560975609756095,0.7195121951219512,0.4878048780487805,0.4268292682926829,0.36585365853658536,0.7073170731707317
17,0,8,0.14688246882128408,0.4634146341463415,0.3780487804878049,0.5,0.7073170731707317,0.5365853658536586,0.4146341463414634,0.2804878048780488,0.45121951219512196,0.45121951219512196,0.6585365853658537,0.5609756097560976,0.4268292682926829,0.3902439024390244,0.35365853658536583,0.8414634146341463,0.524390243902439,0.4878048780487805,0.5365853658536586,0.43902439024390244,0.7804878048780488,0.5853658536585366,0.2804878048780488,0.2682926829268293,0.6951219512195121,0.36585365853658536,0.7195121951219512,0.4634146341463415,0.3902439024390244,0.4024390243902439,0.6463414634146342
17,0,9,0.15179538917404345,0.4268292682926829,0.35365853658536583,0.3902439024390244,0.7073170731707317,0.8780487804878049,0.45121951219512196,0.6585365853658537,0.5487804878048781,0.4024390243902439,0.3170731707317073,0.3902439024390244,0.47560975609756095,0.6829268292682927,0.5487804878048781,0.5121951219512195,0.5853658536585366,0.3780487804878049,0.6341463414634146,0.3902439024390244,0.2073170731707317,0.3902439024390244,0.5,0.4634146341463415,0.7317073170731707,0.5487804878048781,0.7073170731707317,0.524390243902439,0.5975609756097561,0.25609756097560976,0.34146341463414637
18,0,0,0.14088752980280458,0.3902439024390244,0.4024390243902439,0.3780487804878049,0.3780487804878049,0.7073170731707317,0.4146341463414634,0.43902439024390244,0.43902439024390244,0.4634146341463415,0.5853658536585366,0.4634146341463415,0.4268292682926829,0.5365853658536586,0.5487804878048781,0.7317073170731707,0.3170731707317073,0.4024390243902439,0.7439024390243902,0.7926829268292683,0.47560975609756095,0.3170731707317073,0.8414634146341463,0.5853658536585366,0.5,0.43902439024390244,0.3048780487804878,0.5853658536585366,0.5,0.36585365853658536,0.524390243902439
18,0,1,0.15841145781252663,0.4146341463414634,0.4268292682926829,0.5487804878048781,0.3170731707317073,0.4878048780487805,0.2073170731707317,0.4024390243902439,0.2926829268292683,0.6341463414634146,0.6341463414634146,0.4146341463414634,0.4878048780487805,0.5121951219512195,0.5365853658536586,0.7195121951219512,0.7926829268292683,0.4024390243902439,0.6585365853658537,0.8048780487804879,0.3902439024390244,0.6219512195121951,0.7682926829268293,0.4878048780487805,0.3170731707317073,0.4024390243902439,0.6951219512195121,0.4634146341463415,0.524390243902439,0.3902439024390244,0.24390243902439024
18,0,2,0.16052536195336786,0.4878048780487805,0.4268292682926829,0.4878048780487805,0.43902439024390244,0.25609756097560976,0.4146341463414634,0.23170731707317074,0.4024390243902439,0.6585365853658537,0.6707317073170732,0.45121951219512196,0.43902439024390244,0.6097560975609756,0.3902439024390244,0.7682926829268293,0.7804878048780488,0.8536585365853658,0.45121951219512196,0.8658536585365854,0.6341463414634146,0.43902439024390244,0.5609756097560976,0.3902439024390244,0.43902439024390244,0.4268292682926829,0.43902439024390244,0.36585365853658536,0.524390243902439,0.3902439024390244,0.3048780487804878
18,0,3,0.13299580518164897,0.4878048780487805,0.47560975609756095,0.6219512195121951,0.4268292682926829,0.3902439024390244,0.5609756097560976,0.5121951219512195,0.4878048780487805,0.47560975609756095,0.6219512195121951,0.43902439024390244,0.36585365853658536,0.3780487804878049,0.24390243902439024,0.5487804878048781,0.7073170731707317,0.8658536585365854,0.4634146341463415,0.7560975609756098,0.5121951219512195,0.4878048780487805,0.4878048780487805,0.35365853658536583,0.45121951219512196,0.573170731707317,0.32926829268292684,0.4146341463414634,0.6951219512195121,0.524390243902439,0.34146341463414637
18,0,4,0.1566808208911921,0.17073170731707318,0.2804878048780488,0.5121951219512195,0.2926829268292683,0.6829268292682927,0.5365853658536586,0.5609756097560976,0.6341463414634146,0.2804878048780488,0.32926829268292684,0.3780487804878049,0.6463414634146342,0.6829268292682927,0.5609756097560976,0.5975609756097561,0.5853658536585366,0.8780487804878049,0.21951219512195122,0.5487804878048781,0.5487804878048781,0.5365853658536586,0.35365853658536583,0.43902439024390244,0.6341463414634146,0.6097560975609756,0.43902439024390244,0.5365853658536586,0.3902439024390244,0.6097560975609756,0.524390243902439
18,0,5,0.13403543086862524,0.4634146341463415,0.4024390243902439,0.4024390243902439,0.45121951219512196,0.36585365853658536,0.6219512195121951,0.47560975609756095,0.573170731707317,0.47560975609756095,0.4634146341463415,0.6341463414634146,0.47560975609756095,0.36585365853658536,0.6707317073170732,0.36585365853658536,0.25609756097560976,0.7439024390243902,0.5487804878048781,0.24390243902439024,0.6219512195121951,0.3780487804878049,0.4146341463414634,0.5121951219512195,0.6829268292682927,0.5121951219512195,0.7195121951219512,0.4268292682926829,0.4024390243902439,0.7560975609756098,0.573170731707317
18,0,6,0.15944082339533108,0.3902439024390244,0.3048780487804878,0.8170731707317073,0.25609756097560976,0.32926829268292684,0.3780487804878049,0.5853658536585366,0.5121951219512195,0.6463414634146342,0.36585365853658536,0.5487804878048781,0.5609756097560976,0.8536585365853658,0.4878048780487805,0.3902439024390244,0.47560975609756095,0.2682926829268293,0.5,0.5,0.573170731707317,0.4878048780487805,0.6341463414634146,0.36585365853658536,0.34146341463414637,0.2804878048780488,0.5121951219512195,0.7682926829268293,0.47560975609756095,0.7073170731707317,0.6829268292682927
18,0,7,0.1688925329489177,0.18292682926829268,0.6341463414634146,0.7926829268292683,0.3780487804878049,0.4878048780487805,0.3902439024390244,0.7317073170731707,0.4634146341463415,0.6463414634146342,0.3780487804878049,0.47560975609756095,0.21951219512195122,0.8414634146341463,0.7073170731707317,0.4268292682926829,0.6463414634146342,0.5365853658536586,0.2926829268292683,0.43902439024390244,0.7195121951219512,0.6463414634146342,0.47560975609756095,0.3902439024390244,0.2682926829268293,0.32926829268292684,0.36585365853658536,0.573170731707317,0.6585365853658537,0.47560975609756095,0.4268292682926829
18,0,8,0.12975059588556473,0.3780487804878049,0.7195121951219512,0.7804878048780488,0.43902439024390244,0.5609756097560976,0.4268292682926829,0.7073170731707317,0.45121951219512196,0.5121951219512195,0.2682926829268293,0.3902439024390244,0.524390243902439,0.36585365853658536,0.45121951219512196,0.4634146341463415,0.6341463414634146,0.4634146341463415,0.43902439024390244,0.5365853658536586,0.6097560975609756,0.4634146341463415,0.5487804878048781,0.4024390243902439,0.524390243902439,0.6219512195121951,0.32926829268292684,0.5,0.7804878048780488,0.32926829268292684,0.3780487804878049
18,0,9,0.144122747164519,0.4024390243902439,0.524390243902439,0.7073170731707317,0.3902439024390244,0.7317073170731707,0.45121951219512196,0.43902439024390244,0.45121951219512196,0.6707317073170732,0.524390243902439,0.25609756097560976,0.4146341463414634,0.4268292682926829,0.3902439024390244,0.3902439024390244,0.4024390243902439,0.7195121951219512,0.32926829268292684,0.2682926829268293,0.6707317073170732,0.4146341463414634,0.35365853658536583,0.6097560975609756,0.6829268292682927,0.6707317073170732,0.4146341463414634,0.4146341463414634,0.7195121951219512,0.6829268292682927,0.47560975609756095
19,0,0,0.17981085971284444,0.3780487804878049,0.32926829268292684,0.4268292682926829,0.6097560975609756,0.2926829268292683,0.5,0.4024390243902439,0.2073170731707317,0.7439024390243902,0.2804878048780488,0.8780487804878049,0.4878048780487805,0.3048780487804878,0.35365853658536583,0.8780487804878049,0.25609756097560976,0.6707317073170732,0.45121951219512196,0.45121951219512196,0.4024390243902439,0.573170731707317,0.47560975609756095,0.45121951219512196,0.6463414634146342,0.4146341463414634,0.6585365853658537,0.7073170731707317,0.4146341463414634,0.5365853658536586,0.8170731707317073
19,0,1,0.16646825389791278,0.7439024390243902,0.3902439024390244,0.34146341463414637,0.47560975609756095,0.2926829268292683,0.5121951219512195,0.3902439024390244,0.34146341463414637,0.8048780487804879,0.3048780487804878,0.7682926829268293,0.3170731707317073,0.4146341463414634,0.7804878048780488,0.8902439024390244,0.524390243902439,0.5853658536585366,0.4024390243902439,0.4268292682926829,0.45121951219512196,0.36585365853658536,0.4146341463414634,0.3780487804878049,0.5121951219512195,0.6463414634146342,0.4878048780487805,0.7317073170731707,0.5121951219512195,0.3048780487804878,0.4878048780487805
19,0,2,0.15512271820641801,0.6585365853658537,0.5487804878048781,0.3780487804878049,0.3048780487804878,0.3780487804878049,0.573170731707317,0.573170731707317,0.4146341463414634,0.43902439024390244,0.3902439024390244,0.7439024390243902,0.2804878048780488,0.2682926829268293,0.7804878048780488,0.926829268292683,0.4634146341463415,0.7317073170731707,0.47560975609756095,0.4268292682926829,0.32926829268292684,0.4024390243902439,0.43902439024390244,0.5487804878048781,0.6951219512195121,0.4146341463414634,0.3902439024390244,0.573170731707317,0.47560975609756095,0.5121951219512195,0.4634146341463415
19,0,3,0.12856072650912964,0.6097560975609756,0.5121951219512195,0.4146341463414634,0.4268292682926829,0.5,0.24390243902439024,0.6097560975609756,0.5,0.3048780487804878,0.6707317073170732,0.7317073170731707,0.5487804878048781,0.34146341463414637,0.3780487804878049,0.7682926829268293,0.45121951219512196,0.43902439024390244,0.5365853658536586,0.3902439024390244,0.4878048780487805,0.4146341463414634,0.5121951219512195,0.3780487804878049,0.7195121951219512,0.6097560975609756,0.3902439024390244,0.4146341463414634,0.6341463414634146,0.6219512195121951,0.43902439024390244
19,0,4,0.14381284243976544,0.2926829268292683,0.6219512195121951,0.45121951219512196,0.3902439024390244,0.6341463414634146,0.4146341463414634,0.4634146341463415,0.5975609756097561,0.4878048780487805,0.7439024390243902,0.3780487804878049,0.5853658536585366,0.5853658536585366,0.4024390243902439,0.8048780487804879,0.5121951219512195,0.4024390243902439,0.4268292682926829,0.5975609756097561,0.5487804878048781,0.6951219512195121,0.7804878048780488,0.2804878048780488,0.3780487804878049,0.4268292682926829,0.6463414634146342,0.2926829268292683,0.4024390243902439,0.4268292682926829,0.32926829268292684
19,0,5,0.15822358094332165,0.2804878048780488,0.3170731707317073,0.3780487804878049,0.3902439024390244,0.4634146341463415,0.4146341463414634,0.6463414634146342,0.4634146341463415,0.7073170731707317,0.8536585365853658,0.5975609756097561,0.6463414634146342,0.36585365853658536,0.34146341463414637,0.5365853658536586,0.4878048780487805,0.45121951219512196,0.5121951219512195,0.4878048780487805,0.5121951219512195,0.7195121951219512,0.6585365853658537,0.3780487804878049,0.32926829268292684,0.2804878048780488,0.9146341463414634,0.36585365853658536,0.43902439024390244,0.4878048780487805,0.573170731707317
19,0,6,0.1689512271411149,0.3902439024390244,0.36585365853658536,0.4024390243902439,0.4268292682926829,0.6951219512195121,0.43902439024390244,0.35365853658536583,0.35365853658536583,0.6219512195121951,0.7804878048780488,0.6463414634146342,0.7073170731707317,0.7073170731707317,0.5609756097560976,0.3170731707317073,0.3170731707317073,0.4634146341463415,0.3902439024390244,0.3902439024390244,0.6707317073170732,0.35365853658536583,0.18292682926829268,0.4024390243902439,0.6463414634146342,0.6707317073170732,0.8658536585365854,0.4146341463414634,0.6707317073170732,0.2804878048780488,0.5121951219512195
19,0,7,0.14952499315243512,0.5975609756097561,0.4268292682926829,0.3170731707317073,0.4146341463414634,0.3780487804878049,0.5365853658536586,0.4024390243902439,0.524390243902439,0.6951219512195121,0.7926829268292683,0.5487804878048781,0.5853658536585366,0.4634146341463415,0.6951219512195121,0.4878048780487805,0.4634146341463415,0.5609756097560976,0.2804878048780488,0.4268292682926829,0.4146341463414634,0.4268292682926829,0.12195121951219512,0.5609756097560976,0.7682926829268293,0.3170731707317073,0.6951219512195121,0.3780487804878049,0.6951219512195121,0.5365853658536586,0.4878048780487805
19,0,8,0.14042935776082713,0.4024390243902439,0.4146341463414634,0.43902439024390244,0.4024390243902439,0.43902439024390244,0.3780487804878049,0.4634146341463415,0.5609756097560976,0.3048780487804878,0.6585365853658537,0.3902439024390244,0.4024390243902439,0.5853658536585366,0.5609756097560976,0.45121951219512196,0.7195121951219512,0.5609756097560976,0.524390243902439,0.573170731707317,0.34146341463414637,0.6341463414634146,0.47560975609756095,0.3780487804878049,0.8414634146341463,0.3902439024390244,0.6829268292682927,0.32926829268292684,0.8170731707317073,0.32926829268292684,0.5487804878048781
19,0,9,0.12929130029949826,0.5975609756097561,0.45121951219512196,0.4878048780487805,0.47560975609756095,0.4634146341463415,0.4878048780487805,0.6341463414634146,0.45121951219512196,0.47560975609756095,0.7439024390243902,0.34146341463414637,0.1951219512195122,0.5487804878048781,0.5,0.32926829268292684,0.6097560975609756,0.6707317073170732,0.4878048780487805,0.5365853658536586,0.5365853658536586,0.4878048780487805,0.5121951219512195,0.6219512195121951,0.4268292682926829,0.5853658536585366,0.2926829268292683,0.6951219512195121,0.6829268292682927,0.24390243902439024,0.4268292682926829
0,0,0,0.1604326887837349,0.24390243902439024,0.7804878048780488,0.3170731707317073,0.573170731707317,0.573170731707317,0.32926829268292684,0.4024390243902439,0.4268292682926829,0.43902439024390244,0.3902439024390244,0.6097560975609756,0.47560975609756095,0.524390243902439,0.6463414634146342,0.47560975609756095,0.975609756097561,0.8292682926829268,0.4878048780487805,0.5365853658536586,0.36585365853658536,0.6341463414634146,0.4878048780487805,0.4024390243902439,0.5487804878048781,0.2926829268292683,0.3170731707317073,0.43902439024390244,0.5975609756097561,0.5,0.3780487804878049
0,0,1,0.16464167402242302,0.3780487804878049,0.6341463414634146,0.2926829268292683,0.6707317073170732,0.2804878048780488,0.5121951219512195,0.34146341463414637,0.34146341463414637,0.4146341463414634,0.6097560975609756,0.7195121951219512,0.4634146341463415,0.3780487804878049,0.5853658536585366,0.5365853658536586,0.9878048780487805,0.7682926829268293,0.3780487804878049,0.5487804878048781,0.36585365853658536,0.6585365853658537,0.3780487804878049,0.4268292682926829,0.573170731707317,0.47560975609756095,0.5,0.4268292682926829,0.7195121951219512,0.32926829268292684,0.3048780487804878
0,0,2,0.16634909264148467,0.36585365853658536,0.7560975609756098,0.524390243902439,0.4024390243902439,0.35365853658536583,0.34146341463414637,0.6829268292682927,0.45121951219512196,0.3902439024390244,0.43902439024390244,0.6341463414634146,0.4024390243902439,0.25609756097560976,0.6341463414634146,0.43902439024390244,0.9512195121951219,0.6219512195121951,0.4024390243902439,0.4634146341463415,0.4146341463414634,0.8170731707317073,0.4634146341463415,0.3048780487804878,0.36585365853658536,0.5365853658536586,0.45121951219512196,0.6341463414634146,0.7317073170731707,0.5121951219512195,0.25609756097560976
0,0,3,0.1524471542547541,0.23170731707317074,0.5975609756097561,0.43902439024390244,0.3048780487804878,0.524390243902439,0.5975609756097561,0.5365853658536586,0.47560975609756095,0.47560975609756095,0.47560975609756095,0.6463414634146342,0.3780487804878049,0.34146341463414637,0.6219512195121951,0.35365853658536583,0.975609756097561,0.5487804878048781,0.6585365853658537,0.32926829268292684,0.45121951219512196,0.2804878048780488,0.5121951219512195,0.2804878048780488,0.45121951219512196,0.5121951219512195,0.6463414634146342,0.45121951219512196,0.6463414634146342,0.6463414634146342,0.6097560975609756
0,0,4,0.14504848861390135,0.2804878048780488,0.3048780487804878,0.4878048780487805,0.43902439024390244,0.45121951219512196,0.6341463414634146,0.5,0.47560975609756095,0.32926829268292684,0.34146341463414637,0.5365853658536586,0.7439024390243902,0.4024390243902439,0.4878048780487805,0.34146341463414637,0.4878048780487805,0.34146341463414637,0.8658536585365854,0.5609756097560976,0.5365853658536586,0.3902439024390244,0.7073170731707317,0.35365853658536583,0.3780487804878049,0.6951219512195121,0.4878048780487805,0.5121951219512195,0.5975609756097561,0.7439024390243902,0.5853658536585366
0,0,5,0.1312322053884352,0.5853658536585366,0.5121951219512195,0.524390243902439,0.2682926829268293,0.4268292682926829,0.6585365853658537,0.24390243902439024,0.524390243902439,0.47560975609756095,0.4268292682926829,0.6829268292682927,0.7682926829268293,0.4146341463414634,0.5609756097560976,0.4878048780487805,0.32926829268292684,0.573170731707317,0.7195121951219512,0.5853658536585366,0.4634146341463415,0.573170731707317,0.6829268292682927,0.35365853658536583,0.3780487804878049,0.3048780487804878,0.4024390243902439,0.5609756097560976,0.47560975609756095,0.4268292682926829,0.6097560975609756
0,0,6,0.1647921554303304,0.6951219512195121,0.8170731707317073,0.7073170731707317,0.47560975609756095,0.6097560975609756,0.8414634146341463,0.2926829268292683,0.4268292682926829,0.25609756097560976,0.17073170731707318,0.3902439024390244,0.6219512195121951,0.6097560975609756,0.32926829268292684,0.2926829268292683,0.45121951219512196,0.6707317073170732,0.4634146341463415,0.573170731707317,0.6219512195121951,0.5853658536585366,0.6219512195121951,0.4146341463414634,0.43902439024390244,0.5487804878048781,0.5365853658536586,0.43902439024390244,0.32926829268292684,0.2682926829268293,0.5
0,0,7,0.13645464127511575,0.5,0.6585365853658537,0.6829268292682927,0.3048780487804878,0.7804878048780488,0.43902439024390244,0.7439024390243902,0.4146341463414634,0.47560975609756095,0.5,0.3780487804878049,0.3902439024390244,0.6951219512195121,0.32926829268292684,0.35365853658536583,0.4268292682926829,0.3780487804878049,0.36585365853658536,0.5365853658536586,0.7195121951219512,0.3048780487804878,0.524390243902439,0.5609756097560976,0.5121951219512195,0.47560975609756095,0.6707317073170732,0.5121951219512195,0.3780487804878049,0.5975609756097561,0.3902439024390244
0,0,8,0.126539694441247,0.5609756097560976,0.6829268292682927,0.4634146341463415,0.34146341463414637,0.5365853658536586,0.4024390243902439,0.7926829268292683,0.4024390243902439,0.573170731707317,0.573170731707317,0.43902439024390244,0.2804878048780488,0.45121951219512196,0.4268292682926829,0.47560975609756095,0.524390243902439,0.47560975609756095,0.4634146341463415,0.43902439024390244,0.5853658536585366,0.4024390243902439,0.6585365853658537,0.7073170731707317,0.43902439024390244,0.4024390243902439,0.4146341463414634,0.8048780487804879,0.4268292682926829,0.524390243902439,0.32926829268292684
0,0,9,0.14432898063109129,0.45121951219512196,0.43902439024390244,0.43902439024390244,0.6341463414634146,0.4024390243902439,0.23170731707317074,0.8048780487804879,0.7195121951219512,0.5,0.6585365853658537,0.5365853658536586,0.4878048780487805,0.2804878048780488,0.45121951219512196,0.5975609756097561,0.524390243902439,0.4878048780487805,0.4268292682926829,0.3902439024390244,0.6097560975609756,0.7926829268292683,0.5365853658536586,0.7195121951219512,0.4268292682926829,0.3780487804878049,0.3780487804878049,0.25609756097560976,0.43902439024390244,0.6097560975609756,0.3902439024390244
1,0,0,0.16965397358015752,0.5853658536585366,0.6585365853658537,0.43902439024390244,0.3780487804878049,0.3902439024390244,0.8292682926829268,0.3780487804878049,0.524390243902439,0.35365853658536583,0.7682926829268293,0.2682926829268293,0.3170731707317073,0.3902439024390244,0.4146341463414634,0.5853658536585366,0.35365853658536583,0.32926829268292684,0.4268292682926829,0.5609756097560976,0.524390243902439,0.4634146341463415,0.5609756097560976,0.5975609756097561,0.7317073170731707,0.35365853658536583,0.7439024390243902,0.32926829268292684,0.9390243902439024,0.3048780487804878,0.5
1,0,1,0.1498230829240903,0.3902439024390244,0.47560975609756095,0.47560975609756095,0.2804878048780488,0.5609756097560976,0.8902439024390244,0.45121951219512196,0.5365853658536586,0.3902439024390244,0.7073170731707317,0.4146341463414634,0.47560975609756095,0.3780487804878049,0.4878048780487805,0.6585365853658537,0.524390243902439,0.36585365853658536,0.3902439024390244,0.45121951219512196,0.35365853658536583,0.5487804878048781,0.4024390243902439,0.4878048780487805,0.8170731707317073,0.3780487804878049,0.7439024390243902,0.32926829268292684,0.7195121951219512,0.573170731707317,0.34146341463414637
1,0,2,0.11318054344907223,0.524390243902439,0.6341463414634146,0.43902439024390244,0.5,0.43902439024390244,0.5121951219512195,0.5853658536585366,0.4146341463414634,0.6219512195121951,0.5,0.3170731707317073,0.4634146341463415,0.2682926829268293,0.45121951219512196,0.6463414634146342,0.5365853658536586,0.47560975609756095,0.5365853658536586,0.4878048780487805,0.34146341463414637,0.5,0.35365853658536583,0.4268292682926829,0.7195121951219512,0.5365853658536586,0.7926829268292683,0.524390243902439,0.36585365853658536,0.5,0.5853658536585366
1,0,3,0.12563540664768688,0.4878048780487805,0.2804878048780488,0.36585365853658536,0.6097560975609756,0.4634146341463415,0.6463414634146342,0.7317073170731707,0.3780487804878049,0.5,0.45121951219512196,0.43902439024390244,0.6219512195121951,0.35365853658536583,0.5487804878048781,0.6707317073170732,0.45121951219512196,0.7317073170731707,0.3170731707317073,0.5487804878048781,0.24390243902439024,0.4634146341463415,0.4634146341463415,0.36585365853658536,0.524390243902439,0.6707317073170732,0.6219512195121951,0.5487804878048781,0.5,0.5487804878048781,0.45121951219512196
1,0,4,0.15499483465771713,0.4024390243902439,0.3902439024390244,0.4878048780487805,0.8658536585365854,0.4634146341463415,0.21951219512195122,0.6341463414634146,0.3902439024390244,0.3780487804878049,0.2682926829268293,0.5609756097560976,0.6829268292682927,0.524390243902439,0.4878048780487805,0.5487804878048781,0.4024390243902439,0.6463414634146342,0.4024390243902439,0.24390243902439024,0.2682926829268293,0.6097560975609756,0.32926829268292684,0.47560975609756095,0.4634146341463415,0.6097560975609756,0.6341463414634146,0.6097560975609756,0.5609756097560976,0.7439024390243902,0.6951219512195121
1,0,5,0.1398633933108288,0.45121951219512196,0.6219512195121951,0.5487804878048781,0.6585365853658537,0.3170731707317073,0.3780487804878049,0.4268292682926829,0.5121951219512195,0.35365853658536583,0.4268292682926829,0.8780487804878049,0.3902439024390244,0.5853658536585366,0.3902439024390244,0.4878048780487805,0.23170731707317074,0.5853658536585366,0.4024390243902439,0.47560975609756095,0.8292682926829268,0.5121951219512195,0.45121951219512196,0.4878048780487805,0.32926829268292684,0.47560975609756095,0.4878048780487805,0.6219512195121951,0.5853658536585366,0.4268292682926829,0.6707317073170732
1,0,6,0.1363456083841335,0.43902439024390244,0.47560975609756095,0.4146341463414634,0.5,0.4146341463414634,0.7317073170731707,0.7195121951219512,0.5853658536585366,0.5,0.4268292682926829,0.6341463414634146,0.4024390243902439,0.36585365853658536,0.6463414634146342,0.5853658536585366,0.4878048780487805,0.47560975609756095,0.25609756097560976,0.4024390243902439,0.7926829268292683,0.5853658536585366,0.7926829268292683,0.47560975609756095,0.35365853658536583,0.25609756097560976,0.5121951219512195,0.4268292682926829,0.4146341463414634,0.4146341463414634,0.5121951219512195
1,0,7,0.1255959420930309,0.4268292682926829,0.5121951219512195,0.32926829268292684,0.2926829268292683,0.4634146341463415,0.7073170731707317,0.43902439024390244,0.6829268292682927,0.5975609756097561,0.34146341463414637,0.6829268292682927,0.5609756097560976,0.4634146341463415,0.6707317073170732,0.5609756097560976,0.45121951219512196,0.4146341463414634,0.4024390243902439,0.4634146341463415,0.6219512195121951,0.2804878048780488,0.5487804878048781,0.4024390243902439,0.4634146341463415,0.36585365853658536,0.7804878048780488,0.5,0.5121951219512195,0.6097560975609756,0.45121951219512196
1,0,8,0.15005452112460513,0.4634146341463415,0.45121951219512196,0.2804878048780488,0.6341463414634146,0.47560975609756095,0.5853658536585366,0.36585365853658536,0.7560975609756098,0.5975609756097561,0.6341463414634146,0.43902439024390244,0.4268292682926829,0.35365853658536583,0.7926829268292683,0.3170731707317073,0.21951219512195122,0.573170731707317,0.5853658536585366,0.47560975609756095,0.45121951219512196,0.3902439024390244,0.5,0.5,0.524390243902439,0.4146341463414634,0.8780487804878049,0.6707317073170732,0.2804878048780488,0.5121951219512195,0.45121951219512196
1,0,9,0.14932593605088743,0.34146341463414637,0.4024390243902439,0.8292682926829268,0.3170731707317073,0.4268292682926829,0.5853658536585366,0.5975609756097561,0.5853658536585366,0.32926829268292684,0.32926829268292684,0.5975609756097561,0.5853658536585366,0.2682926829268293,0.7682926829268293,0.47560975609756095,0.1951219512195122,0.524390243902439,0.6097560975609756,0.3780487804878049,0.47560975609756095,0.5609756097560976,0.524390243902439,0.36585365853658536,0.47560975609756095,0.7682926829268293,0.5609756097560976,0.5609756097560976,0.36585365853658536,0.6219512195121951,0.573170731707317
2,0,0,0.17446555881199133,0.43902439024390244,0.524390243902439,0.4024390243902439,0.6463414634146342,0.5,0.4268292682926829,0.8414634146341463,0.45121951219512196,0.2926829268292683,0.2926829268292683,0.9512195121951219,0.2926829268292683,0.7804878048780488,0.43902439024390244,0.4024390243902439,0.4146341463414634,0.36585365853658536,0.3902439024390244,0.3902439024390244,0.25609756097560976,0.524390243902439,0.3902439024390244,0.4878048780487805,0.5,0.4268292682926829,0.7682926829268293,0.4634146341463415,0.4878048780487805,0.8414634146341463,0.6097560975609756
2,0,1,0.16086470680820633,0.36585365853658536,0.35365853658536583,0.5365853658536586,0.45121951219512196,0.5365853658536586,0.5853658536585366,0.8048780487804879,0.4024390243902439,0.4878048780487805,0.3902439024390244,0.8536585365853658,0.34146341463414637,0.7439024390243902,0.47560975609756095,0.5975609756097561,0.2926829268292683,0.4146341463414634,0.34146341463414637,0.4634146341463415,0.47560975609756095,0.4146341463414634,0.3780487804878049,0.4268292682926829,0.3902439024390244,0.4268292682926829,0.8414634146341463,0.2682926829268293,0.5975609756097561,0.7926829268292683,0.5487804878048781
2,0,2,0.14046465482252843,0.45121951219512196,0.34146341463414637,0.32926829268292684,0.4878048780487805,0.5365853658536586,0.2926829268292683,0.5121951219512195,0.6463414634146342,0.6707317073170732,0.7439024390243902,0.9024390243902439,0.43902439024390244,0.47560975609756095,0.5365853658536586,0.36585365853658536,0.34146341463414637,0.4878048780487805,0.524390243902439,0.3902439024390244,0.4268292682926829,0.3902439024390244,0.45121951219512196,0.6341463414634146,0.524390243902439,0.3902439024390244,0.7195121951219512,0.4268292682926829,0.3780487804878049,0.6951219512195121,0.4878048780487805
2,0,3,0.13936628904547954,0.5853658536585366,0.3902439024390244,0.2926829268292683,0.3048780487804878,0.6341463414634146,0.5121951219512195,0.4146341463414634,0.4024390243902439,0.7317073170731707,0.7560975609756098,0.8048780487804879,0.573170731707317,0.5121951219512195,0.4878048780487805,0.5365853658536586,0.3780487804878049,0.43902439024390244,0.2926829268292683,0.36585365853658536,0.6341463414634146,0.35365853658536583,0.4146341463414634,0.45121951219512196,0.4146341463414634,0.6951219512195121,0.45121951219512196,0.3780487804878049,0.573170731707317,0.5487804878048781,0.6707317073170732
2,0,4,0.13517711884872352,0.6219512195121951,0.6219512195121951,0.6219512195121951,0.4146341463414634,0.524390243902439,0.43902439024390244,0.524390243902439,0.35365853658536583,0.7195121951219512,0.7804878048780488,0.5609756097560976,0.6707317073170732,0.5365853658536586,0.43902439024390244,0.5609756097560976,0.3048780487804878,0.3780487804878049,0.5,0.36585365853658536,0.6829268292682927,0.45121951219512196,0.4634146341463415,0.4268292682926829,0.6463414634146342,0.5853658536585366,0.21951219512195122,0.5487804878048781,0.36585365853658536,0.2804878048780488,0.3902439024390244
2,0,5,0.11718321386503719,0.6219512195121951,0.6463414634146342,0.5975609756097561,0.5121951219512195,0.21951219512195122,0.5121951219512195,0.4024390243902439,0.47560975609756095,0.6219512195121951,0.5975609756097561,0.5487804878048781,0.6341463414634146,0.45121951219512196,0.35365853658536583,0.5,0.4634146341463415,0.3902439024390244,0.6707317073170732,0.5365853658536586,0.5,0.3780487804878049,0.4146341463414634,0.7682926829268293,0.5365853658536586,0.4268292682926829,0.32926829268292684,0.524390243902439,0.4268292682926829,0.35365853658536583,0.5853658536585366
2,0,6,0.11526379576225876,0.5609756097560976,0.4268292682926829,0.5121951219512195,0.524390243902439,0.25609756097560976,0.5,0.573170731707317,0.43902439024390244,0.47560975609756095,0.4146341463414634,0.6585365853658537,0.6585365853658537,0.5609756097560976,0.2926829268292683,0.5609756097560976,0.5609756097560976,0.5975609756097561,0.45121951219512196,0.32926829268292684,0.5487804878048781,0.2926829268292683,0.45121951219512196,0.6829268292682927,0.5609756097560976,0.6829268292682927,0.5,0.3902439024390244,0.5121951219512195,0.3780487804878049,0.6463414634146342
2,0,7,0.1367087131772377,0.45121951219512196,0.36585365853658536,0.21951219512195122,0.8292682926829268,0.2682926829268293,0.5609756097560976,0.6829268292682927,0.6951219512195121,0.4878048780487805,0.34146341463414637,0.6341463414634146,0.6097560975609756,0.7682926829268293,0.36585365853658536,0.6097560975609756,0.4878048780487805,0.3902439024390244,0.47560975609756095,0.5365853658536586,0.573170731707317,0.45121951219512196,0.4024390243902439,0.45121951219512196,0.4268292682926829,0.43902439024390244,0.5975609756097561,0.4634146341463415,0.4634146341463415,0.5487804878048781,0.4024390243902439
2,0,8,0.12618661446302887,0.6463414634146342,0.3170731707317073,0.5121951219512195,0.5365853658536586,0.47560975609756095,0.4634146341463415,0.6829268292682927,0.5487804878048781,0.4878048780487805,0.6585365853658537,0.4024390243902439,0.32926829268292684,0.5487804878048781,0.5975609756097561,0.6219512195121951,0.1951219512195122,0.7317073170731707,0.3902439024390244,0.35365853658536583,0.47560975609756095,0.43902439024390244,0.45121951219512196,0.25609756097560976,0.6097560975609756,0.6707317073170732,0.5365853658536586,0.5609756097560976,0.5121951219512195,0.5,0.4878048780487805
2,0,9,0.12448585517243752,0.5365853658536586,0.6341463414634146,0.3048780487804878,0.3780487804878049,0.4268292682926829,0.2804878048780488,0.47560975609756095,0.8048780487804879,0.4146341463414634,0.6097560975609756,0.47560975609756095,0.43902439024390244,0.5121951219512195,0.4634146341463415,0.5853658536585366,0.25609756097560976,0.7195121951219512,0.5365853658536586,0.5365853658536586,0.6097560975609756,0.6341463414634146,0.4634146341463415,0.3780487804878049,0.573170731707317,0.6585365853658537,0.45121951219512196,0.47560975609756095,0.5609756097560976,0.3902439024390244,0.4146341463414634
3,0,0,0.18832153618604888,0.43902439024390244,0.3048780487804878,0.47560975609756095,0.3902439024390244,0.8170731707317073,0.9634146341463414,0.35365853658536583,0.7804878048780488,0.573170731707317,0.3170731707317073,0.4024390243902439,0.3902439024390244,0.7317073170731707,0.3170731707317073,0.3780487804878049,0.47560975609756095,0.4146341463414634,0.3902439024390244,0.45121951219512196,0.36585365853658536,0.9024390243902439,0.34146341463414637,0.7682926829268293,0.43902439024390244,0.524390243902439,0.573170731707317,0.18292682926829268,0.6219512195121951,0.5,0.4146341463414634
3,0,1,0.16759606027881316,0.32926829268292684,0.32926829268292684,0.4268292682926829,0.43902439024390244,0.6951219512195121,0.8536585365853658,0.5,0.7317073170731707,0.7073170731707317,0.32926829268292684,0.3170731707317073,0.2926829268292683,0.7439024390243902,0.45121951219512196,0.32926829268292684,0.3902439024390244,0.43902439024390244,0.47560975609756095,0.45121951219512196,0.32926829268292684,0.7439024390243902,0.4146341463414634,0.7439024390243902,0.6219512195121951,0.45121951219512196,0.6219512195121951,0.4024390243902439,0.7073170731707317,0.47560975609756095,0.25609756097560976
3,0,2,0.13130773472153032,0.47560975609756095,0.25609756097560976,0.4634146341463415,0.3170731707317073,0.524390243902439,0.8536585365853658,0.6097560975609756,0.5487804878048781,0.6829268292682927,0.47560975609756095,0.4634146341463415,0.5365853658536586,0.6463414634146342,0.4634146341463415,0.4268292682926829,0.3902439024390244,0.5853658536585366,0.4878048780487805,0.43902439024390244,0.2804878048780488,0.7317073170731707,0.2926829268292683,0.5609756097560976,0.47560975609756095,0.4634146341463415,0.47560975609756095,0.4146341463414634,0.573170731707317,0.6585365853658537,0.4268292682926829
3,0,3,0.1053308433253131,0.5609756097560976,0.5609756097560976,0.47560975609756095,0.5,0.3902439024390244,0.3902439024390244,0.6463414634146342,0.5365853658536586,0.5975609756097561,0.5853658536585366,0.43902439024390244,0.5,0.6219512195121951,0.6707317073170732,0.5487804878048781,0.573170731707317,0.4146341463414634,0.36585365853658536,0.5487804878048781,0.3780487804878049,0.3780487804878049,0.3902439024390244,0.3048780487804878,0.7804878048780488,0.5365853658536586,0.47560975609756095,0.4634146341463415,0.5365853658536586,0.4268292682926829,0.4024390243902439
3,0,4,0.11396622576322102,0.5975609756097561,0.7195121951219512,0.45121951219512196,0.3902439024390244,0.4268292682926829,0.6463414634146342,0.573170731707317,0.21951219512195122,0.4024390243902439,0.5609756097560976,0.4878048780487805,0.43902439024390244,0.524390243902439,0.6463414634146342,0.3902439024390244,0.5,0.45121951219512196,0.6097560975609756,0.4024390243902439,0.4878048780487805,0.45121951219512196,0.6829268292682927,0.45121951219512196,0.524390243902439,0.4268292682926829,0.3902439024390244,0.6341463414634146,0.5487804878048781,0.3170731707317073,0.6463414634146342
3,0,5,0.15114081351053335,0.6219512195121951,0.524390243902439,0.4878048780487805,0.4878048780487805,0.6463414634146342,0.43902439024390244,0.45121951219512196,0.975609756097561,0.1951219512195122,0.5487804878048781,0.5853658536585366,0.4268292682926829,0.2682926829268293,0.5487804878048781,0.3902439024390244,0.4634146341463415,0.43902439024390244,0.2926829268292683,0.35365853658536583,0.6219512195121951,0.34146341463414637,0.7926829268292683,0.47560975609756095,0.573170731707317,0.5975609756097561,0.5365853658536586,0.6097560975609756,0.4634146341463415,0.45121951219512196,0.3902439024390244
3,0,6,0.15231702435118044,0.2804878048780488,0.5,0.34146341463414637,0.5609756097560976,0.5609756097560976,0.3902439024390244,0.5609756097560976,0.9878048780487805,0.36585365853658536,0.5121951219512195,0.573170731707317,0.47560975609756095,0.36585365853658536,0.5365853658536586,0.6463414634146342,0.3170731707317073,0.1951219512195122,0.4634146341463415,0.4146341463414634,0.5,0.6951219512195121,0.5487804878048781,0.6463414634146342,0.3902439024390244,0.5487804878048781,0.4024390243902439,0.7195121951219512,0.6341463414634146,0.45121951219512196,0.4146341463414634
3,0,7,0.1373959686131877,0.2682926829268293,0.4878048780487805,0.5,0.5,0.6097560975609756,0.5121951219512195,0.6585365853658537,0.9878048780487805,0.3780487804878049,0.4634146341463415,0.43902439024390244,0.4146341463414634,0.4634146341463415,0.32926829268292684,0.6097560975609756,0.4634146341463415,0.32926829268292684,0.6951219512195121,0.524390243902439,0.6463414634146342,0.5365853658536586,0.5609756097560976,0.34146341463414637,0.35365853658536583,0.45121951219512196,0.4146341463414634,0.5487804878048781,0.45121951219512196,0.5975609756097561,0.4634146341463415
3,0,8,0.10495365019508496,0.45121951219512196,0.5,0.4634146341463415,0.32926829268292684,0.4024390243902439,0.5121951219512195,0.7317073170731707,0.3780487804878049,0.6341463414634146,0.43902439024390244,0.4268292682926829,0.43902439024390244,0.5609756097560976,0.7195121951219512,0.4634146341463415,0.4878048780487805,0.6707317073170732,0.6341463414634146,0.4878048780487805,0.4268292682926829,0.43902439024390244,0.3170731707317073,0.5487804878048781,0.4634146341463415,0.4878048780487805,0.4024390243902439,0.5365853658536586,0.6707317073170732,0.4634146341463415,0.5121951219512195
3,0,9,0.13645464127511575,0.5609756097560976,0.7317073170731707,0.5487804878048781,0.6219512195121951,0.5121951219512195,0.4878048780487805,0.24390243902439024,0.32926829268292684,0.23170731707317074,0.5121951219512195,0.5975609756097561,0.6219512195121951,0.47560975609756095,0.4146341463414634,0.35365853658536583,0.4146341463414634,0.5609756097560976,0.7682926829268293,0.4146341463414634,0.4024390243902439,0.4634146341463415,0.573170731707317,0.5609756097560976,0.5609756097560976,0.524390243902439,0.4268292682926829,0.6829268292682927,0.3048780487804878,0.36585365853658536,0.7317073170731707
4,0,0,0.17649955243208115,0.6341463414634146,0.7439024390243902,0.5121951219512195,0.6341463414634146,0.5,0.2926829268292683,0.45121951219512196,0.5121951219512195,0.2804878048780488,0.4146341463414634,0.43902439024390244,0.3780487804878049,0.5121951219512195,0.5121951219512195,0.8048780487804879,0.3902439024390244,0.6951219512195121,0.43902439024390244,0.4024390243902439,0.2926829268292683,0.43902439024390244,0.7926829268292683,0.3048780487804878,0.4878048780487805,0.4634146341463415,0.35365853658536583,0.2926829268292683,0.3170731707317073,1.0,0.7073170731707317
4,0,1,0.15658587239996075,0.573170731707317,0.6585365853658537,0.3780487804878049,0.45121951219512196,0.6219512195121951,0.3780487804878049,0.4268292682926829,0.3048780487804878,0.6097560975609756,0.3048780487804878,0.5121951219512195,0.4634146341463415,0.35365853658536583,0.4268292682926829,0.8292682926829268,0.32926829268292684,0.7073170731707317,0.34146341463414637,0.3902439024390244,0.36585365853658536,0.32926829268292684,0.6341463414634146,0.6707317073170732,0.5121951219512195,0.4268292682926829,0.5365853658536586,0.35365853658536583,0.524390243902439,0.9024390243902439,0.6829268292682927
4,0,2,0.13480988883351686,0.2804878048780488,0.36585365853658536,0.5609756097560976,0.4268292682926829,0.4024390243902439,0.4878048780487805,0.7073170731707317,0.3780487804878049,0.47560975609756095,0.4268292682926829,0.4878048780487805,0.47560975609756095,0.3780487804878049,0.4146341463414634,0.8292682926829268,0.524390243902439,0.5853658536585366,0.43902439024390244,0.4268292682926829,0.4146341463414634,0.5121951219512195,0.7682926829268293,0.5,0.3780487804878049,0.35365853658536583,0.5365853658536586,0.5121951219512195,0.524390243902439,0.8536585365853658,0.573170731707317
4,0,3,0.11056611665017693,0.5487804878048781,0.5121951219512195,0.23170731707317074,0.6585365853658537,0.5121951219512195,0.3902439024390244,0.36585365853658536,0.4024390243902439,0.5609756097560976,0.6219512195121951,0.6463414634146342,0.47560975609756095,0.45121951219512196,0.3048780487804878,0.45121951219512196,0.43902439024390244,0.7073170731707317,0.45121951219512196,0.47560975609756095,0.4634146341463415,0.5365853658536586,0.7439024390243902,0.5365853658536586,0.5609756097560976,0.43902439024390244,0.43902439024390244,0.573170731707317,0.5487804878048781,0.5487804878048781,0.4024390243902439
4,0,4,0.13362797110600608,0.7439024390243902,0.3048780487804878,0.3780487804878049,0.5487804878048781,0.43902439024390244,0.6097560975609756,0.6341463414634146,0.573170731707317,0.34146341463414637,0.5,0.34146341463414637,0.7073170731707317,0.3780487804878049,0.4024390243902439,0.45121951219512196,0.4146341463414634,0.5975609756097561,0.7560975609756098,0.4268292682926829,0.5975609756097561,0.6951219512195121,0.47560975609756095,0.5853658536585366,0.45121951219512196,0.5487804878048781,0.573170731707317,0.5121951219512195,0.2804878048780488,0.25609756097560976,0.47560975609756095
4,0,5,0.12650051199892623,0.5609756097560976,0.4268292682926829,0.524390243902439,0.35365853658536583,0.6829268292682927,0.8048780487804879,0.5487804878048781,0.4878048780487805,0.3780487804878049,0.36585365853658536,0.47560975609756095,0.4146341463414634,0.3902439024390244,0.6219512195121951,0.35365853658536583,0.5975609756097561,0.6463414634146342,0.3048780487804878,0.6341463414634146,0.4634146341463415,0.5487804878048781,0.5609756097560976,0.34146341463414637,0.4268292682926829,0.7073170731707317,0.43902439024390244,0.6219512195121951,0.3902439024390244,0.34146341463414637,0.5853658536585366
4,0,6,0.11065575275460324,0.25609756097560976,0.5121951219512195,0.4268292682926829,0.524390243902439,0.5975609756097561,0.5365853658536586,0.5975609756097561,0.5487804878048781,0.45121951219512196,0.4268292682926829,0.6219512195121951,0.35365853658536583,0.5,0.5609756097560976,0.43902439024390244,0.32926829268292684,0.6341463414634146,0.5487804878048781,0.6219512195121951,0.45121951219512196,0.5365853658536586,0.6097560975609756,0.45121951219512196,0.5121951219512195,0.524390243902439,0.7195121951219512,0.5487804878048781,0.47560975609756095,0.4878048780487805,0.1951219512195122
4,0,7,0.12056118367255139,0.6707317073170732,0.35365853658536583,0.5853658536585366,0.5365853658536586,0.573170731707317,0.32926829268292684,0.32926829268292684,0.43902439024390244,0.3170731707317073,0.7317073170731707,0.6219512195121951,0.45121951219512196,0.5609756097560976,0.524390243902439,0.4268292682926829,0.35365853658536583,0.36585365853658536,0.5853658536585366,0.573170731707317,0.5121951219512195,0.7073170731707317,0.47560975609756095,0.5975609756097561,0.36585365853658536,0.6341463414634146,0.5609756097560976,0.4146341463414634,0.5365853658536586,0.5609756097560976,0.3048780487804878
4,0,8,0.1648222352253113,0.7195121951219512,0.34146341463414637,0.36585365853658536,0.8292682926829268,0.6463414634146342,0.2926829268292683,0.524390243902439,0.4268292682926829,0.5487804878048781,0.5975609756097561,0.3780487804878049,0.4146341463414634,0.3048780487804878,0.5853658536585366,0.5853658536585366,0.6707317073170732,0.15853658536585366,0.2804878048780488,0.6341463414634146,0.4634146341463415,0.5609756097560976,0.5487804878048781,0.4268292682926829,0.7926829268292683,0.4634146341463415,0.4268292682926829,0.23170731707317074,0.7439024390243902,0.5853658536585366,0.45121951219512196
4,0,9,0.1497568920293537,0.8536585365853658,0.6341463414634146,0.6341463414634146,0.6829268292682927,0.34146341463414637,0.3170731707317073,0.6219512195121951,0.2804878048780488,0.5853658536585366,0.7073170731707317,0.32926829268292684,0.4878048780487805,0.4634146341463415,0.43902439024390244,0.4146341463414634,0.43902439024390244,0.21951219512195122,0.6707317073170732,0.5365853658536586,0.3780487804878049,0.5609756097560976,0.2682926829268293,0.45121951219512196,0.5853658536585366,0.34146341463414637,0.5487804878048781,0.47560975609756095,0.6463414634146342,0.6341463414634146,0.45121951219512196
5,0,0,0.164611561233141,0.7926829268292683,0.4024390243902439,0.5,0.8780487804878049,0.6585365853658537,0.524390243902439,0.45121951219512196,0.4634146341463415,0.45121951219512196,0.25609756097560976,0.6463414634146342,0.5365853658536586,0.3902439024390244,0.8048780487804879,0.3048780487804878,0.3170731707317073,0.4024390243902439,0.3902439024390244,0.4268292682926829,0.4146341463414634,0.43902439024390244,0.3902439024390244,0.3902439024390244,0.9512195121951219,0.47560975609756095,0.524390243902439,0.4878048780487805,0.3780487804878049,0.5,0.45121951219512196
5,0,1,0.15721777921447141,0.9024390243902439,0.5,0.4268292682926829,0.5,0.6463414634146342,0.35365853658536583,0.3902439024390244,0.4024390243902439,0.5121951219512195,0.4878048780487805,0.6463414634146342,0.3048780487804878,0.524390243902439,0.7439024390243902,0.4024390243902439,0.4146341463414634,0.5365853658536586,0.34146341463414637,0.3048780487804878,0.36585365853658536,0.3780487804878049,0.5365853658536586,0.7195121951219512,0.9512195121951219,0.3902439024390244,0.4268292682926829,0.43902439024390244,0.4634146341463415,0.4878048780487805,0.5
5,0,2,0.13940185528034346,0.8170731707317073,0.4634146341463415,0.4634146341463415,0.43902439024390244,0.6097560975609756,0.3780487804878049,0.5487804878048781,0.4268292682926829,0.3780487804878049,0.47560975609756095,0.3902439024390244,0.35365853658536583,0.6463414634146342,0.7560975609756098,0.45121951219512196,0.5487804878048781,0.32926829268292684,0.4878048780487805,0.3170731707317073,0.5853658536585366,0.36585365853658536,0.6707317073170732,0.4634146341463415,0.8658536585365854,0.3902439024390244,0.5,0.5,0.35365853658536583,0.4268292682926829,0.5975609756097561
5,0,3,0.11105821994490526,0.4268292682926829,0.5,0.5975609756097561,0.2682926829268293,0.7073170731707317,0.4146341463414634,0.47560975609756095,0.4024390243902439,0.43902439024390244,0.5975609756097561,0.47560975609756095,0.47560975609756095,0.4878048780487805,0.4024390243902439,0.4878048780487805,0.6707317073170732,0.18292682926829268,0.5487804878048781,0.5609756097560976,0.6219512195121951,0.5,0.6463414634146342,0.4878048780487805,0.4634146341463415,0.5853658536585366,0.4634146341463415,0.6463414634146342,0.47560975609756095,0.573170731707317,0.4146341463414634
5,0,4,0.13735988300032287,0.7682926829268293,0.4024390243902439,0.6341463414634146,0.2804878048780488,0.4634146341463415,0.6951219512195121,0.35365853658536583,0.24390243902439024,0.6951219512195121,0.6951219512195121,0.3902439024390244,0.5853658536585366,0.4878048780487805,0.3902439024390244,0.5487804878048781,0.5487804878048781,0.35365853658536583,0.5609756097560976,0.5365853658536586,0.5,0.6219512195121951,0.573170731707317,0.5365853658536586,0.34146341463414637,0.4634146341463415,0.2804878048780488,0.47560975609756095,0.5365853658536586,0.6829268292682927,0.35365853658536583
5,0,5,0.13466271642192013,0.4878048780487805,0.43902439024390244,0.5975609756097561,0.45121951219512196,0.573170731707317,0.6829268292682927,0.47560975609756095,0.5853658536585366,0.6707317073170732,0.3902439024390244,0.3780487804878049,0.5853658536585366,0.2804878048780488,0.6097560975609756,0.4634146341463415,0.36585365853658536,0.7195121951219512,0.47560975609756095,0.6341463414634146,0.18292682926829268,0.47560975609756095,0.45121951219512196,0.25609756097560976,0.5,0.5853658536585366,0.6097560975609756,0.6341463414634146,0.6951219512195121,0.3902439024390244,0.35365853658536583
5,0,6,0.11278564986639149,0.5,0.5975609756097561,0.47560975609756095,0.5365853658536586,0.5487804878048781,0.5853658536585366,0.4268292682926829,0.573170731707317,0.7926829268292683,0.4146341463414634,0.5121951219512195,0.6097560975609756,0.2682926829268293,0.5,0.5121951219512195,0.5487804878048781,0.6341463414634146,0.45121951219512196,0.5,0.3780487804878049,0.524390243902439,0.43902439024390244,0.6341463414634146,0.43902439024390244,0.2804878048780488,0.36585365853658536,0.32926829268292684,0.5365853658536586,0.4268292682926829,0.6585365853658537
5,0,7,0.13325647199656326,0.4146341463414634,0.5121951219512195,0.4634146341463415,0.5853658536585366,0.7682926829268293,0.3902439024390244,0.2804878048780488,0.6463414634146342,0.8536585365853658,0.5487804878048781,0.35365853658536583,0.6585365853658537,0.4268292682926829,0.524390243902439,0.2682926829268293,0.36585365853658536,0.5853658536585366,0.4634146341463415,0.32926829268292684,0.5609756097560976,0.3902439024390244,0.5975609756097561,0.5609756097560976,0.3780487804878049,0.5975609756097561,0.5609756097560976,0.47560975609756095,0.5609756097560976,0.4878048780487805,0.3902439024390244
5,0,8,0.11641924416716037,0.3170731707317073,0.4878048780487805,0.4146341463414634,0.4878048780487805,0.6829268292682927,0.6097560975609756,0.4634146341463415,0.6097560975609756,0.5487804878048781,0.34146341463414637,0.5853658536585366,0.5487804878048781,0.5121951219512195,0.5121951219512195,0.3170731707317073,0.573170731707317,0.36585365853658536,0.5609756097560976,0.6097560975609756,0.36585365853658536,0.6707317073170732,0.6585365853658537,0.4878048780487805,0.35365853658536583,0.24390243902439024,0.5975609756097561,0.573170731707317,0.5609756097560976,0.3780487804878049,0.5609756097560976
5,0,9,0.12388707413853947,0.5365853658536586,0.35365853658536583,0.4878048780487805,0.5121951219512195,0.6097560975609756,0.6829268292682927,0.35365853658536583,0.36585365853658536,0.3780487804878049,0.5853658536585366,0.4634146341463415,0.4268292682926829,0.6097560975609756,0.6097560975609756,0.4146341463414634,0.6463414634146342,0.3048780487804878,0.5609756097560976,0.2682926829268293,0.6585365853658537,0.4878048780487805,0.4024390243902439,0.7804878048780488,0.6829268292682927,0.4268292682926829,0.43902439024390244,0.524390243902439,0.3780487804878049,0.4878048780487805,0.5609756097560976
6,0,0,0.18060861700425254,0.3902439024390244,0.6341463414634146,0.6707317073170732,0.8170731707317073,0.5365853658536586,0.573170731707317,0.3902439024390244,0.3170731707317073,0.36585365853658536,0.4146341463414634,0.3902439024390244,0.4268292682926829,0.3780487804878049,0.975609756097561,0.32926829268292684,0.5853658536585366,0.4634146341463415,0.4024390243902439,0.3170731707317073,0.35365853658536583,0.2926829268292683,0.47560975609756095,0.8170731707317073,0.5,0.6097560975609756,0.4024390243902439,0.3780487804878049,0.36585365853658536,0.926829268292683,0.5
6,0,1,0.15563320158772856,0.6585365853658537,0.6585365853658537,0.5,0.8048780487804879,0.25609756097560976,0.43902439024390244,0.4878048780487805,0.3780487804878049,0.25609756097560976,0.35365853658536583,0.43902439024390244,0.4878048780487805,0.524390243902439,0.9878048780487805,0.4024390243902439,0.5487804878048781,0.3902439024390244,0.4146341463414634,0.4268292682926829,0.4268292682926829,0.36585365853658536,0.573170731707317,0.6219512195121951,0.4024390243902439,0.5365853658536586,0.32926829268292684,0.524390243902439,0.5853658536585366,0.7317073170731707,0.4878048780487805
6,0,2,0.15277199407387973,0.5609756097560976,0.7926829268292683,0.3780487804878049,0.7926829268292683,0.524390243902439,0.2926829268292683,0.43902439024390244,0.524390243902439,0.4268292682926829,0.3780487804878049,0.1951219512195122,0.3902439024390244,0.6829268292682927,0.9512195121951219,0.6463414634146342,0.4146341463414634,0.5365853658536586,0.524390243902439,0.4146341463414634,0.45121951219512196,0.6219512195121951,0.4024390243902439,0.3780487804878049,0.4878048780487805,0.3902439024390244,0.5121951219512195,0.5121951219512195,0.4878048780487805,0.47560975609756095,0.4146341463414634
6,0,3,0.14190427519794008,0.47560975609756095,0.573170731707317,0.5487804878048781,0.6219512195121951,0.5365853658536586,0.45121951219512196,0.3780487804878049,0.43902439024390244,0.7073170731707317,0.524390243902439,0.25609756097560976,0.34146341463414637,0.5975609756097561,0.9146341463414634,0.6097560975609756,0.47560975609756095,0.7195121951219512,0.4878048780487805,0.35365853658536583,0.3780487804878049,0.6219512195121951,0.47560975609756095,0.2682926829268293,0.5853658536585366,0.45121951219512196,0.5975609756097561,0.5365853658536586,0.32926829268292684,0.3780487804878049,0.36585365853658536
6,0,4,0.15838016047787118,0.7073170731707317,0.5,0.24390243902439024,0.3048780487804878,0.5853658536585366,0.4024390243902439,0.5,0.7317073170731707,0.6219512195121951,0.3780487804878049,0.35365853658536583,0.6829268292682927,0.6951219512195121,0.25609756097560976,0.5975609756097561,0.35365853658536583,0.4634146341463415,0.4268292682926829,0.6951219512195121,0.2682926829268293,0.7439024390243902,0.2926829268292683,0.43902439024390244,0.5487804878048781,0.4268292682926829,0.4024390243902439,0.7317073170731707,0.4146341463414634,0.6951219512195121,0.5365853658536586
6,0,5,0.1809376946236269,0.4146341463414634,0.34146341463414637,0.35365853658536583,0.47560975609756095,0.7682926829268293,0.4268292682926829,0.4268292682926829,0.8780487804878049,0.6219512195121951,0.1951219512195122,0.4634146341463415,0.8292682926829268,0.5975609756097561,0.24390243902439024,0.6829268292682927,0.4634146341463415,0.4634146341463415,0.4146341463414634,0.6341463414634146,0.4878048780487805,0.6585365853658537,0.45121951219512196,0.43902439024390244,0.7682926829268293,0.5,0.7560975609756098,0.24390243902439024,0.21951219512195122,0.3170731707317073,0.4634146341463415
6,0,6,0.13153406249888971,0.2804878048780488,0.7073170731707317,0.573170731707317,0.6097560975609756,0.7195121951219512,0.36585365853658536,0.4024390243902439,0.573170731707317,0.34146341463414637,0.35365853658536583,0.5975609756097561,0.7073170731707317,0.4634146341463415,0.4634146341463415,0.45121951219512196,0.3170731707317073,0.4146341463414634,0.43902439024390244,0.5853658536585366,0.5487804878048781,0.5487804878048781,0.3048780487804878,0.7560975609756098,0.6219512195121951,0.573170731707317,0.5365853658536586,0.3170731707317073,0.5487804878048781,0.4268292682926829,0.45121951219512196
6,0,7,0.13587212147023295,0.5487804878048781,0.5487804878048781,0.5609756097560976,0.5487804878048781,0.5365853658536586,0.35365853658536583,0.5365853658536586,0.6341463414634146,0.18292682926829268,0.4878048780487805,0.5853658536585366,0.4634146341463415,0.34146341463414637,0.5121951219512195,0.524390243902439,0.24390243902439024,0.32926829268292684,0.43902439024390244,0.573170731707317,0.6097560975609756,0.7439024390243902,0.32926829268292684,0.7682926829268293,0.5609756097560976,0.7317073170731707,0.5487804878048781,0.47560975609756095,0.34146341463414637,0.5,0.43902439024390244
6,0,8,0.1474214888669026,0.4268292682926829,0.3170731707317073,0.4634146341463415,0.7195121951219512,0.2804878048780488,0.7560975609756098,0.34146341463414637,0.6219512195121951,0.6707317073170732,0.4146341463414634,0.4878048780487805,0.34146341463414637,0.6097560975609756,0.6341463414634146,0.43902439024390244,0.7073170731707317,0.43902439024390244,0.5853658536585366,0.5975609756097561,0.4268292682926829,0.23170731707317074,0.5975609756097561,0.34146341463414637,0.524390243902439,0.6341463414634146,0.32926829268292684,0.43902439024390244,0.47560975609756095,0.7682926829268293,0.3780487804878049
6,0,9,0.1495581435781063,0.7560975609756098,0.3902439024390244,0.6951219512195121,0.5121951219512195,0.3170731707317073,0.6829268292682927,0.3048780487804878,0.6707317073170732,0.25609756097560976,0.5975609756097561,0.4878048780487805,0.47560975609756095,0.2682926829268293,0.4634146341463415,0.5365853658536586,0.5487804878048781,0.35365853658536583,0.5609756097560976,0.573170731707317,0.5,0.24390243902439024,0.7804878048780488,0.45121951219512196,0.4268292682926829,0.43902439024390244,0.5365853658536586,0.45121951219512196,0.5121951219512195,0.8048780487804879,0.4024390243902439
7,0,0,0.18829521039628083,0.5365853658536586,0.4878048780487805,0.7682926829268293,0.3048780487804878,0.5975609756097561,0.36585365853658536,0.3170731707317073,0.24390243902439024,0.5609756097560976,0.7560975609756098,0.3902439024390244,0.2926829268292683,0.9634146341463414,0.8658536585365854,0.4634146341463415,0.23170731707317074,0.5,0.5121951219512195,0.7317073170731707,0.5487804878048781,0.45121951219512196,0.5609756097560976,0.47560975609756095,0.21951219512195122,0.32926829268292684,0.4634146341463415,0.3780487804878049,0.4268292682926829,0.4634146341463415,0.7926829268292683
7,0,1,0.168068662021444,0.5487804878048781,0.5487804878048781,0.6097560975609756,0.3780487804878049,0.7195121951219512,0.36585365853658536,0.35365853658536583,0.4634146341463415,0.6097560975609756,0.7926829268292683,0.43902439024390244,0.18292682926829268,0.9878048780487805,0.8048780487804879,0.43902439024390244,0.5,0.3780487804878049,0.524390243902439,0.4878048780487805,0.5853658536585366,0.4024390243902439,0.3048780487804878,0.45121951219512196,0.3902439024390244,0.43902439024390244,0.3780487804878049,0.4634146341463415,0.3902439024390244,0.34146341463414637,0.7195121951219512
7,0,2,0.163463164738887,0.43902439024390244,0.14634146341463414,0.5975609756097561,0.5487804878048781,0.24390243902439024,0.6341463414634146,0.32926829268292684,0.4878048780487805,0.6707317073170732,0.6463414634146342,0.4634146341463415,0.45121951219512196,0.9390243902439024,0.7317073170731707,0.4878048780487805,0.45121951219512196,0.5487804878048781,0.6463414634146342,0.5487804878048781,0.5975609756097561,0.43902439024390244,0.47560975609756095,0.6341463414634146,0.43902439024390244,0.43902439024390244,0.5,0.3048780487804878,0.17073170731707318,0.36585365853658536,0.6219512195121951
7,0,3,0.13717931254891902,0.25609756097560976,0.4634146341463415,0.6585365853658537,0.5853658536585366,0.32926829268292684,0.3902439024390244,0.5487804878048781,0.7439024390243902,0.4634146341463415,0.45121951219512196,0.34146341463414637,0.4878048780487805,0.7682926829268293,0.5365853658536586,0.6097560975609756,0.4634146341463415,0.6341463414634146,0.6585365853658537,0.45121951219512196,0.5365853658536586,0.4024390243902439,0.36585365853658536,0.7195121951219512,0.5,0.6463414634146342,0.4878048780487805,0.524390243902439,0.25609756097560976,0.4268292682926829,0.2926829268292683
7,0,4,0.13717931254891902,0.5853658536585366,0.3902439024390244,0.5365853658536586,0.4878048780487805,0.47560975609756095,0.524390243902439,0.7439024390243902,0.6097560975609756,0.36585365853658536,0.3170731707317073,0.36585365853658536,0.5487804878048781,0.25609756097560976,0.7073170731707317,0.5365853658536586,0.7804878048780488,0.5609756097560976,0.4024390243902439,0.3902439024390244,0.3780487804878049,0.524390243902439,0.6707317073170732,0.6585365853658537,0.6585365853658537,0.5,0.524390243902439,0.3780487804878049,0.35365853658536583,0.5121951219512195,0.25609756097560976
7,0,5,0.14504848861390138,0.2804878048780488,0.4878048780487805,0.35365853658536583,0.6951219512195121,0.5609756097560976,0.47560975609756095,0.6829268292682927,0.47560975609756095,0.32926829268292684,0.5121951219512195,0.524390243902439,0.4878048780487805,0.5,0.5853658536585366,0.32926829268292684,0.4146341463414634,0.3902439024390244,0.32926829268292684,0.4268292682926829,0.5975609756097561,0.4268292682926829,0.8658536585365854,0.4268292682926829,0.3170731707317073,0.4634146341463415,0.6097560975609756,0.524390243902439,0.8780487804878049,0.6219512195121951,0.4268292682926829
7,0,6,0.11894672929540084,0.5487804878048781,0.5975609756097561,0.4024390243902439,0.32926829268292684,0.5,0.5609756097560976,0.4146341463414634,0.4634146341463415,0.47560975609756095,0.4878048780487805,0.4634146341463415,0.32926829268292684,0.7560975609756098,0.4268292682926829,0.47560975609756095,0.6097560975609756,0.6707317073170732,0.6219512195121951,0.6829268292682927,0.3902439024390244,0.5365853658536586,0.3780487804878049,0.45121951219512196,0.4878048780487805,0.4634146341463415,0.32926829268292684,0.36585365853658536,0.7560975609756098,0.6219512195121951,0.4024390243902439
7,0,7,0.14721958762329232,0.6585365853658537,0.4878048780487805,0.6585365853658537,0.3902439024390244,0.5975609756097561,0.25609756097560976,0.5121951219512195,0.5609756097560976,0.4024390243902439,0.5,0.4878048780487805,0.2682926829268293,0.6707317073170732,0.3902439024390244,0.3170731707317073,0.45121951219512196,0.8048780487804879,0.6829268292682927,0.6341463414634146,0.4634146341463415,0.6829268292682927,0.24390243902439024,0.5853658536585366,0.5121951219512195,0.2682926829268293,0.35365853658536583,0.45121951219512196,0.4268292682926829,0.6341463414634146,0.6463414634146342
7,0,8,0.1292145923127403,0.2926829268292683,0.5,0.6829268292682927,0.6829268292682927,0.6707317073170732,0.4024390243902439,0.2682926829268293,0.4268292682926829,0.8170731707317073,0.3902439024390244,0.5609756097560976,0.43902439024390244,0.3048780487804878,0.524390243902439,0.36585365853658536,0.5,0.4268292682926829,0.5609756097560976,0.5853658536585366,0.5853658536585366,0.43902439024390244,0.4268292682926829,0.573170731707317,0.45121951219512196,0.6341463414634146,0.5,0.6341463414634146,0.3170731707317073,0.4634146341463415,0.573170731707317
7,0,9,0.12917622123771083,0.47560975609756095,0.6219512195121951,0.4878048780487805,0.47560975609756095,0.25609756097560976,0.45121951219512196,0.5121951219512195,0.6585365853658537,0.2804878048780488,0.34146341463414637,0.6707317073170732,0.7317073170731707,0.6341463414634146,0.524390243902439,0.47560975609756095,0.5853658536585366,0.6341463414634146,0.5853658536585366,0.3780487804878049,0.4878048780487805,0.21951219512195122,0.5853658536585366,0.32926829268292684,0.35365853658536583,0.4878048780487805,0.6219512195121951,0.6219512195121951,0.45121951219512196,0.573170731707317,0.4878048780487805
8,0,0,0.19124709441025467,0.4634146341463415,0.7804878048780488,0.43902439024390244,0.8780487804878049,0.2926829268292683,0.4024390243902439,0.9024390243902439,0.7073170731707317,0.47560975609756095,0.3780487804878049,0.45121951219512196,0.8048780487804879,0.45121951219512196,0.4268292682926829,0.3902439024390244,0.9512195121951219,0.2804878048780488,0.6097560975609756,0.5487804878048781,0.4024390243902439,0.25609756097560976,0.2926829268292683,0.45121951219512196,0.6097560975609756,0.5121951219512195,0.34146341463414637,0.36585365853658536,0.36585365853658536,0.35365853658536583,0.4146341463414634
8,0,1,0.15775290985310778,0.5853658536585366,0.8902439024390244,0.5609756097560976,0.8170731707317073,0.5,0.4024390243902439,0.7073170731707317,0.6585365853658537,0.5487804878048781,0.4146341463414634,0.2804878048780488,0.5609756097560976,0.5853658536585366,0.4634146341463415,0.3048780487804878,0.9024390243902439,0.3902439024390244,0.45121951219512196,0.4146341463414634,0.3780487804878049,0.3780487804878049,0.3902439024390244,0.3170731707317073,0.47560975609756095,0.4146341463414634,0.35365853658536583,0.4146341463414634,0.47560975609756095,0.4878048780487805,0.47560975609756095
8,0,2,0.15844274896499236,0.5,0.6097560975609756,0.5853658536585366,0.9146341463414634,0.36585365853658536,0.5,0.7682926829268293,0.5975609756097561,0.6341463414634146,0.2926829268292683,0.3902439024390244,0.573170731707317,0.3780487804878049,0.32926829268292684,0.32926829268292684,0.9024390243902439,0.5975609756097561,0.3780487804878049,0.524390243902439,0.43902439024390244,0.3170731707317073,0.524390243902439,0.34146341463414637,0.32926829268292684,0.5,0.5,0.3902439024390244,0.45121951219512196,0.4268292682926829,0.6097560975609756
8,0,3,0.1496244223952654,0.3170731707317073,0.4878048780487805,0.7926829268292683,0.9512195121951219,0.4634146341463415,0.5609756097560976,0.5365853658536586,0.6463414634146342,0.45121951219512196,0.4634146341463415,0.2926829268292683,0.47560975609756095,0.23170731707317074,0.2682926829268293,0.47560975609756095,0.6219512195121951,0.4268292682926829,0.34146341463414637,0.5853658536585366,0.47560975609756095,0.5365853658536586,0.4878048780487805,0.6463414634146342,0.25609756097560976,0.5487804878048781,0.47560975609756095,0.5365853658536586,0.5487804878048781,0.5609756097560976,0.5365853658536586
8,0,4,0.15133748348769338,0.43902439024390244,0.6341463414634146,0.7195121951219512,0.9390243902439024,0.5121951219512195,0.5853658536585366,0.47560975609756095,0.35365853658536583,0.3048780487804878,0.573170731707317,0.43902439024390244,0.18292682926829268,0.36585365853658536,0.45121951219512196,0.6341463414634146,0.3170731707317073,0.3902439024390244,0.5365853658536586,0.4146341463414634,0.6829268292682927,0.524390243902439,0.47560975609756095,0.6707317073170732,0.34146341463414637,0.6341463414634146,0.43902439024390244,0.573170731707317,0.4268292682926829,0.6097560975609756,0.35365853658536583
8,0,5,0.14678118219701894,0.4024390243902439,0.4634146341463415,0.45121951219512196,0.2926829268292683,0.4146341463414634,0.5975609756097561,0.3170731707317073,0.4024390243902439,0.4634146341463415,0.5,0.4024390243902439,0.23170731707317074,0.8292682926829268,0.5487804878048781,0.7926829268292683,0.35365853658536583,0.43902439024390244,0.6219512195121951,0.6219512195121951,0.7439024390243902,0.5,0.4268292682926829,0.6707317073170732,0.5487804878048781,0.35365853658536583,0.3902439024390244,0.5,0.3902439024390244,0.6585365853658537,0.6707317073170732
8,0,6,0.12571429859056205,0.4634146341463415,0.5975609756097561,0.8048780487804879,0.5487804878048781,0.43902439024390244,0.5121951219512195,0.2926829268292683,0.34146341463414637,0.8292682926829268,0.47560975609756095,0.524390243902439,0.3780487804878049,0.3170731707317073,0.4878048780487805,0.5609756097560976,0.4634146341463415,0.35365853658536583,0.43902439024390244,0.4634146341463415,0.6951219512195121,0.4268292682926829,0.43902439024390244,0.5975609756097561,0.573170731707317,0.5487804878048781,0.3902439024390244,0.3902439024390244,0.5487804878048781,0.6219512195121951,0.47560975609756095
8,0,7,0.1128735233895514,0.45121951219512196,0.3780487804878049,0.35365853658536583,0.7317073170731707,0.36585365853658536,0.47560975609756095,0.5,0.5609756097560976,0.6341463414634146,0.6341463414634146,0.3780487804878049,0.5121951219512195,0.4634146341463415,0.4634146341463415,0.5121951219512195,0.4024390243902439,0.6341463414634146,0.4146341463414634,0.5609756097560976,0.5121951219512195,0.5853658536585366,0.5,0.5,0.4146341463414634,0.5609756097560976,0.5487804878048781,0.43902439024390244,0.7195121951219512,0.5975609756097561,0.1951219512195122
8,0,8,0.13062639855103425,0.5,0.7682926829268293,0.4878048780487805,0.7317073170731707,0.45121951219512196,0.4878048780487805,0.6463414634146342,0.47560975609756095,0.47560975609756095,0.2682926829268293,0.3902439024390244,0.4268292682926829,0.6829268292682927,0.4146341463414634,0.5,0.3780487804878049,0.5975609756097561,0.5853658536585366,0.4634146341463415,0.2804878048780488,0.6829268292682927,0.5121951219512195,0.5487804878048781,0.5853658536585366,0.4024390243902439,0.4024390243902439,0.6097560975609756,0.6097560975609756,0.23170731707317074,0.4024390243902439
8,0,9,0.11539275026363104,0.4146341463414634,0.4146341463414634,0.24390243902439024,0.6097560975609756,0.5853658536585366,0.5975609756097561,0.6707317073170732,0.34146341463414637,0.4024390243902439,0.4268292682926829,0.5853658536585366,0.5121951219512195,0.47560975609756095,0.45121951219512196,0.36585365853658536,0.5121951219512195,0.4024390243902439,0.4268292682926829,0.6097560975609756,0.4268292682926829,0.6219512195121951,0.6463414634146342,0.5,0.5,0.5365853658536586,0.7804878048780488,0.6219512195121951,0.32926829268292684,0.4878048780487805,0.5
9,0,0,0.1717160936411834,0.4268292682926829,0.5365853658536586,0.6463414634146342,0.32926829268292684,0.6829268292682927,0.4268292682926829,0.8780487804878049,0.9146341463414634,0.4024390243902439,0.3780487804878049,0.4634146341463415,0.6585365853658537,0.5365853658536586,0.4268292682926829,0.4268292682926829,0.43902439024390244,0.3170731707317073,0.9634146341463414,0.5,0.43902439024390244,0.36585365853658536,0.3170731707317073,0.5853658536585366,0.43902439024390244,0.5,0.4878048780487805,0.25609756097560976,0.3780487804878049,0.5121951219512195,0.36585365853658536
9,0,1,0.15409667821971434,0.4268292682926829,0.5487804878048781,0.5609756097560976,0.34146341463414637,0.5853658536585366,0.45121951219512196,0.8048780487804879,0.7804878048780488,0.5,0.32926829268292684,0.5487804878048781,0.6097560975609756,0.5487804878048781,0.4146341463414634,0.43902439024390244,0.3780487804878049,0.6707317073170732,0.9512195121951219,0.2682926829268293,0.45121951219512196,0.45121951219512196,0.45121951219512196,0.6463414634146342,0.3780487804878049,0.573170731707317,0.2926829268292683,0.35365853658536583,0.43902439024390244,0.4146341463414634,0.3902439024390244
9,0,2,0.12767075442246242,0.35365853658536583,0.4634146341463415,0.47560975609756095,0.35365853658536583,0.5487804878048781,0.3170731707317073,0.5365853658536586,0.6951219512195121,0.6097560975609756,0.5,0.5975609756097561,0.8048780487804879,0.3780487804878049,0.5975609756097561,0.47560975609756095,0.5,0.4146341463414634,0.8536585365853658,0.5487804878048781,0.4268292682926829,0.6463414634146342,0.5,0.4146341463414634,0.5121951219512195,0.45121951219512196,0.34146341463414637,0.4878048780487805,0.36585365853658536,0.4268292682926829,0.4024390243902439
9,0,3,0.14825978454077202,0.2682926829268293,0.5,0.4146341463414634,0.5853658536585366,0.2926829268292683,0.45121951219512196,0.6219512195121951,0.3902439024390244,0.7926829268292683,0.6219512195121951,0.14634146341463414,0.6951219512195121,0.3048780487804878,0.5853658536585366,0.6829268292682927,0.32926829268292684,0.5487804878048781,0.5121951219512195,0.5975609756097561,0.4634146341463415,0.573170731707317,0.7195121951219512,0.5365853658536586,0.5121951219512195,0.5,0.5121951219512195,0.6219512195121951,0.43902439024390244,0.25609756097560976,0.524390243902439
9,0,4,0.17449397108460243,0.4024390243902439,0.6097560975609756,0.4268292682926829,0.8170731707317073,0.3048780487804878,0.5975609756097561,0.7073170731707317,0.45121951219512196,0.4268292682926829,0.5975609756097561,0.17073170731707318,0.5975609756097561,0.3170731707317073,0.6951219512195121,0.3170731707317073,0.32926829268292684,0.6463414634146342,0.23170731707317074,0.2804878048780488,0.4268292682926829,0.7195121951219512,0.6341463414634146,0.5975609756097561,0.43902439024390244,0.5,0.6707317073170732,0.6097560975609756,0.6097560975609756,0.17073170731707318,0.6951219512195121
9,0,5,0.1650927067568732,0.47560975609756095,0.4634146341463415,0.5975609756097561,0.8292682926829268,0.3780487804878049,0.34146341463414637,0.5487804878048781,0.35365853658536583,0.4146341463414634,0.5609756097560976,0.4878048780487805,0.6707317073170732,0.3170731707317073,0.6585365853658537,0.5,0.24390243902439024,0.4634146341463415,0.3048780487804878,0.3780487804878049,0.32926829268292684,0.6707317073170732,0.6219512195121951,0.524390243902439,0.573170731707317,0.43902439024390244,0.7560975609756098,0.24390243902439024,0.6951219512195121,0.3048780487804878,0.8536585365853658
9,0,6,0.1497568920293537,0.32926829268292684,0.6341463414634146,0.7682926829268293,0.5975609756097561,0.6951219512195121,0.3902439024390244,0.3780487804878049,0.5853658536585366,0.4634146341463415,0.3902439024390244,0.34146341463414637,0.6585365853658537,0.5,0.5365853658536586,0.3902439024390244,0.4024390243902439,0.5365853658536586,0.573170731707317,0.43902439024390244,0.45121951219512196,0.4146341463414634,0.36585365853658536,0.1951219512195122,0.573170731707317,0.2804878048780488,0.7195121951219512,0.3048780487804878,0.7073170731707317,0.6951219512195121,0.6829268292682927
9,0,7,0.13833089046482563,0.7560975609756098,0.6341463414634146,0.7195121951219512,0.4634146341463415,0.4878048780487805,0.4878048780487805,0.45121951219512196,0.5365853658536586,0.5121951219512195,0.32926829268292684,0.5365853658536586,0.6219512195121951,0.5365853658536586,0.23170731707317074,0.47560975609756095,0.47560975609756095,0.43902439024390244,0.6829268292682927,0.4878048780487805,0.4268292682926829,0.4024390243902439,0.47560975609756095,0.524390243902439,0.36585365853658536,0.45121951219512196,0.24390243902439024,0.8292682926829268,0.524390243902439,0.2682926829268293,0.6219512195121951
9,0,8,0.14357134295377014,0.6341463414634146,0.45121951219512196,0.5,0.3170731707317073,0.6097560975609756,0.4878048780487805,0.3902439024390244,0.5121951219512195,0.45121951219512196,0.2926829268292683,0.5365853658536586,0.6097560975609756,0.5121951219512195,0.4268292682926829,0.6463414634146342,0.6463414634146342,0.2926829268292683,0.5853658536585366,0.8536585365853658,0.5,0.45121951219512196,0.5121951219512195,0.2682926829268293,0.5121951219512195,0.7073170731707317,0.4268292682926829,0.6707317073170732,0.25609756097560976,0.2926829268292683,0.6463414634146342
9,0,9,0.12219487853536924,0.5975609756097561,0.3902439024390244,0.5,0.4878048780487805,0.43902439024390244,0.5487804878048781,0.4634146341463415,0.573170731707317,0.2804878048780488,0.35365853658536583,0.7439024390243902,0.5365853658536586,0.4024390243902439,0.6341463414634146,0.4878048780487805,0.6585365853658537,0.35365853658536583,0.6829268292682927,0.5365853658536586,0.5975609756097561,0.4634146341463415,0.4024390243902439,0.45121951219512196,0.6097560975609756,0.36585365853658536,0.6585365853658537,0.6951219512195121,0.36585365853658536,0.3780487804878049,0.34146341463414637
10,0,0,0.17867691850273096,0.4024390243902439,0.524390243902439,0.5487804878048781,0.35365853658536583,0.6707317073170732,0.9878048780487805,0.45121951219512196,0.34146341463414637,0.2926829268292683,0.32926829268292684,0.7804878048780488,0.43902439024390244,0.5121951219512195,0.4146341463414634,0.5121951219512195,0.8048780487804879,0.36585365853658536,0.4268292682926829,0.43902439024390244,0.7073170731707317,0.35365853658536583,0.7073170731707317,0.4024390243902439,0.2804878048780488,0.5609756097560976,0.34146341463414637,0.8048780487804879,0.573170731707317,0.35365853658536583,0.3170731707317073
10,0,1,0.1583801604778712,0.32926829268292684,0.3780487804878049,0.5609756097560976,0.3902439024390244,0.3780487804878049,0.975609756097561,0.45121951219512196,0.3048780487804878,0.4268292682926829,0.4024390243902439,0.7439024390243902,0.4268292682926829,0.45121951219512196,0.5365853658536586,0.4024390243902439,0.7926829268292683,0.36585365853658536,0.4634146341463415,0.32926829268292684,0.6829268292682927,0.4878048780487805,0.7682926829268293,0.43902439024390244,0.524390243902439,0.45121951219512196,0.3902439024390244,0.6463414634146342,0.5609756097560976,0.34146341463414637,0.5975609756097561
10,0,2,0.15035156104802383,0.5853658536585366,0.5975609756097561,0.5,0.4146341463414634,0.4024390243902439,0.9634146341463414,0.4634146341463415,0.4146341463414634,0.4146341463414634,0.5121951219512195,0.6219512195121951,0.5121951219512195,0.3780487804878049,0.2804878048780488,0.6463414634146342,0.6707317073170732,0.5609756097560976,0.5609756097560976,0.45121951219512196,0.5853658536585366,0.3902439024390244,0.6585365853658537,0.2926829268292683,0.524390243902439,0.3902439024390244,0.36585365853658536,0.7682926829268293,0.43902439024390244,0.23170731707317074,0.4024390243902439
10,0,3,0.14521927460101658,0.8048780487804879,0.5975609756097561,0.7560975609756098,0.5,0.4268292682926829,0.6585365853658537,0.24390243902439024,0.43902439024390244,0.5853658536585366,0.6341463414634146,0.4268292682926829,0.2926829268292683,0.5975609756097561,0.4024390243902439,0.3780487804878049,0.45121951219512196,0.5365853658536586,0.6707317073170732,0.573170731707317,0.24390243902439024,0.24390243902439024,0.6219512195121951,0.6341463414634146,0.5121951219512195,0.4634146341463415,0.5365853658536586,0.4146341463414634,0.36585365853658536,0.3780487804878049,0.6097560975609756
10,0,4,0.16052536195336786,0.8292682926829268,0.524390243902439,0.7560975609756098,0.6951219512195121,0.2682926829268293,0.23170731707317074,0.6341463414634146,0.6341463414634146,0.5487804878048781,0.4878048780487805,0.47560975609756095,0.47560975609756095,0.3902439024390244,0.34146341463414637,0.4024390243902439,0.4024390243902439,0.6219512195121951,0.6219512195121951,0.3780487804878049,0.3170731707317073,0.3048780487804878,0.2804878048780488,0.6829268292682927,0.6097560975609756,0.6097560975609756,0.6463414634146342,0.4024390243902439,0.3170731707317073,0.7073170731707317,0.4024390243902439
10,0,5,0.13572610087837578,0.6951219512195121,0.35365853658536583,0.12195121951219512,0.5853658536585366,0.5365853658536586,0.2804878048780488,0.7073170731707317,0.5121951219512195,0.7073170731707317,0.4024390243902439,0.4024390243902439,0.6829268292682927,0.4268292682926829,0.6463414634146342,0.6219512195121951,0.43902439024390244,0.4146341463414634,0.47560975609756095,0.5365853658536586,0.4878048780487805,0.7073170731707317,0.3902439024390244,0.5,0.47560975609756095,0.5365853658536586,0.47560975609756095,0.35365853658536583,0.5609756097560976,0.573170731707317,0.3902439024390244
10,0,6,0.12191056232836402,0.34146341463414637,0.4878048780487805,0.5975609756097561,0.4634146341463415,0.5975609756097561,0.2926829268292683,0.7073170731707317,0.35365853658536583,0.45121951219512196,0.3048780487804878,0.4024390243902439,0.5609756097560976,0.45121951219512196,0.5609756097560976,0.5365853658536586,0.6585365853658537,0.5,0.4634146341463415,0.36585365853658536,0.4878048780487805,0.8170731707317073,0.4024390243902439,0.6829268292682927,0.4268292682926829,0.5121951219512195,0.4146341463414634,0.4146341463414634,0.5853658536585366,0.6219512195121951,0.5365853658536586
10,0,7,0.11965314402917224,0.5853658536585366,0.5609756097560976,0.6341463414634146,0.2804878048780488,0.5365853658536586,0.5853658536585366,0.7439024390243902,0.45121951219512196,0.3780487804878049,0.6097560975609756,0.47560975609756095,0.6951219512195121,0.524390243902439,0.5975609756097561,0.24390243902439024,0.5853658536585366,0.5609756097560976,0.4634146341463415,0.4634146341463415,0.5365853658536586,0.5365853658536586,0.43902439024390244,0.573170731707317,0.524390243902439,0.24390243902439024,0.5121951219512195,0.524390243902439,0.4024390243902439,0.32926829268292684,0.4024390243902439
10,0,8,0.1437093923538882,0.3902439024390244,0.23170731707317074,0.4878048780487805,0.4878048780487805,0.5853658536585366,0.8536585365853658,0.47560975609756095,0.5365853658536586,0.3048780487804878,0.5487804878048781,0.35365853658536583,0.7073170731707317,0.5853658536585366,0.573170731707317,0.45121951219512196,0.6463414634146342,0.4024390243902439,0.3902439024390244,0.4146341463414634,0.4146341463414634,0.5,0.45121951219512196,0.5365853658536586,0.43902439024390244,0.2804878048780488,0.6463414634146342,0.7926829268292683,0.6951219512195121,0.35365853658536583,0.4634146341463415
10,0,9,0.15853658536585363,0.6707317073170732,0.5853658536585366,0.23170731707317074,0.4024390243902439,0.6951219512195121,0.6951219512195121,0.3902439024390244,0.5975609756097561,0.45121951219512196,0.23170731707317074,0.3902439024390244,0.3902439024390244,0.573170731707317,0.6951219512195121,0.4268292682926829,0.6097560975609756,0.1951219512195122,0.4878048780487805,0.36585365853658536,0.5609756097560976,0.23170731707317074,0.5609756097560976,0.5,0.6951219512195121,0.4268292682926829,0.7682926829268293,0.7195121951219512,0.5975609756097561,0.3780487804878049,0.47560975609756095
11,0,0,0.18829521039628078,0.6951219512195121,0.3902439024390244,0.3902439024390244,0.4146341463414634,0.8292682926829268,0.4268292682926829,0.2682926829268293,0.35365853658536583,0.8658536585365854,0.45121951219512196,0.9512195121951219,0.24390243902439024,0.4878048780487805,0.43902439024390244,0.5487804878048781,0.3902439024390244,0.3780487804878049,0.3902439024390244,0.45121951219512196,0.7926829268292683,0.6097560975609756,0.17073170731707318,0.7682926829268293,0.5365853658536586,0.6219512195121951,0.4024390243902439,0.3902439024390244,0.5487804878048781,0.3170731707317073,0.47560975609756095
11,0,1,0.17249381036523273,0.8170731707317073,0.2926829268292683,0.4634146341463415,0.3170731707317073,0.8048780487804879,0.5,0.4268292682926829,0.3170731707317073,0.7682926829268293,0.5,0.975609756097561,0.3902439024390244,0.5,0.4024390243902439,0.524390243902439,0.4146341463414634,0.3170731707317073,0.47560975609756095,0.45121951219512196,0.7317073170731707,0.43902439024390244,0.4024390243902439,0.6463414634146342,0.6707317073170732,0.524390243902439,0.35365853658536583,0.4146341463414634,0.5121951219512195,0.25609756097560976,0.3902439024390244
11,0,2,0.1678620624817372,0.8902439024390244,0.3780487804878049,0.35365853658536583,0.5975609756097561,0.5365853658536586,0.5,0.4268292682926829,0.4268292682926829,0.7804878048780488,0.5609756097560976,0.8902439024390244,0.4634146341463415,0.3902439024390244,0.5121951219512195,0.3170731707317073,0.34146341463414637,0.3780487804878049,0.5487804878048781,0.4024390243902439,0.8170731707317073,0.23170731707317074,0.3170731707317073,0.5,0.7317073170731707,0.4268292682926829,0.4268292682926829,0.3780487804878049,0.5609756097560976,0.524390243902439,0.3902439024390244
11,0,3,0.14249692552979934,0.6585365853658537,0.43902439024390244,0.5487804878048781,0.7682926829268293,0.2682926829268293,0.5365853658536586,0.4024390243902439,0.47560975609756095,0.7439024390243902,0.43902439024390244,0.8048780487804879,0.6097560975609756,0.3902439024390244,0.6585365853658537,0.35365853658536583,0.5365853658536586,0.2682926829268293,0.5975609756097561,0.21951219512195122,0.4268292682926829,0.35365853658536583,0.4268292682926829,0.5365853658536586,0.5487804878048781,0.3780487804878049,0.47560975609756095,0.5365853658536586,0.43902439024390244,0.6097560975609756,0.5487804878048781
11,0,4,0.15505878961594027,0.24390243902439024,0.6097560975609756,0.24390243902439024,0.7195121951219512,0.4146341463414634,0.4146341463414634,0.5121951219512195,0.6097560975609756,0.7804878048780488,0.4634146341463415,0.4878048780487805,0.8048780487804879,0.4268292682926829,0.6097560975609756,0.4634146341463415,0.6463414634146342,0.43902439024390244,0.3170731707317073,0.3780487804878049,0.6585365853658537,0.4634146341463415,0.4024390243902439,0.6463414634146342,0.21951219512195122,0.43902439024390244,0.4024390243902439,0.5853658536585366,0.3048780487804878,0.6341463414634146,0.6585365853658537
11,0,5,0.1394729605414224,0.3048780487804878,0.5609756097560976,0.5121951219512195,0.6097560975609756,0.5365853658536586,0.43902439024390244,0.4146341463414634,0.4268292682926829,0.573170731707317,0.5365853658536586,0.3048780487804878,0.6097560975609756,0.7073170731707317,0.2926829268292683,0.5365853658536586,0.5121951219512195,0.573170731707317,0.7560975609756098,0.36585365853658536,0.2926829268292683,0.7926829268292683,0.573170731707317,0.573170731707317,0.36585365853658536,0.4634146341463415,0.6097560975609756,0.3170731707317073,0.32926829268292684,0.4146341463414634,0.6951219512195121
11,0,6,0.12019054209414151,0.5975609756097561,0.6707317073170732,0.524390243902439,0.32926829268292684,0.5121951219512195,0.2926829268292683,0.4268292682926829,0.35365853658536583,0.573170731707317,0.4878048780487805,0.4024390243902439,0.524390243902439,0.5365853658536586,0.4146341463414634,0.5853658536585366,0.9024390243902439,0.3902439024390244,0.4634146341463415,0.5,0.3170731707317073,0.5365853658536586,0.5975609756097561,0.5365853658536586,0.45121951219512196,0.6219512195121951,0.5853658536585366,0.524390243902439,0.45121951219512196,0.3780487804878049,0.5121951219512195
11,0,7,0.15649086630016384,0.3780487804878049,0.4024390243902439,0.7926829268292683,0.3170731707317073,0.5365853658536586,0.34146341463414637,0.4268292682926829,0.2926829268292683,0.4268292682926829,0.47560975609756095,0.3048780487804878,0.4146341463414634,0.6341463414634146,0.8170731707317073,0.5,0.5,0.6707317073170732,0.6219512195121951,0.6097560975609756,0.4878048780487805,0.2926829268292683,0.6463414634146342,0.43902439024390244,0.8658536585365854,0.23170731707317074,0.4634146341463415,0.524390243902439,0.43902439024390244,0.573170731707317,0.573170731707317
11,0,8,0.1480925050284712,0.43902439024390244,0.43902439024390244,0.6463414634146342,0.35365853658536583,0.5,0.573170731707317,0.6951219512195121,0.36585365853658536,0.5365853658536586,0.3902439024390244,0.35365853658536583,0.7439024390243902,0.2073170731707317,0.6707317073170732,0.45121951219512196,0.5,0.47560975609756095,0.6097560975609756,0.5975609756097561,0.5121951219512195,0.4024390243902439,0.25609756097560976,0.4878048780487805,0.8170731707317073,0.3170731707317073,0.5609756097560976,0.5365853658536586,0.5487804878048781,0.7317073170731707,0.2804878048780488
11,0,9,0.16104950262652856,0.4268292682926829,0.2682926829268293,0.7439024390243902,0.6341463414634146,0.5365853658536586,0.6707317073170732,0.6829268292682927,0.4024390243902439,0.2682926829268293,0.36585365853658536,0.6341463414634146,0.7560975609756098,0.5121951219512195,0.4268292682926829,0.32926829268292684,0.524390243902439,0.6341463414634146,0.4634146341463415,0.5121951219512195,0.34146341463414637,0.47560975609756095,0.18292682926829268,0.35365853658536583,0.9146341463414634,0.5975609756097561,0.5853658536585366,0.4268292682926829,0.4634146341463415,0.4878048780487805,0.3780487804878049
12,0,0,0.1793691989667497,0.6951219512195121,0.34146341463414637,0.34146341463414637,0.4268292682926829,0.45121951219512196,0.4146341463414634,0.6097560975609756,0.8536585365853658,0.4268292682926829,0.35365853658536583,0.3170731707317073,0.4024390243902439,0.43902439024390244,0.4024390243902439,0.8414634146341463,0.4146341463414634,0.35365853658536583,0.3170731707317073,0.926829268292683,0.7926829268292683,0.3780487804878049,0.3170731707317073,0.32926829268292684,0.7926829268292683,0.43902439024390244,0.5853658536585366,0.47560975609756095,0.6219512195121951,0.5121951219512195,0.4268292682926829
12,0,1,0.16458144293424595,0.6829268292682927,0.5,0.5,0.3048780487804878,0.4634146341463415,0.2926829268292683,0.36585365853658536,0.7439024390243902,0.3902439024390244,0.5121951219512195,0.573170731707317,0.573170731707317,0.3902439024390244,0.3902439024390244,0.8048780487804879,0.5121951219512195,0.43902439024390244,0.35365853658536583,0.8414634146341463,0.7317073170731707,0.47560975609756095,0.6707317073170732,0.32926829268292684,0.7926829268292683,0.524390243902439,0.3048780487804878,0.34146341463414637,0.5609756097560976,0.36585365853658536,0.2682926829268293
12,0,2,0.14728691878968608,0.5975609756097561,0.5487804878048781,0.45121951219512196,0.3048780487804878,0.34146341463414637,0.47560975609756095,0.4878048780487805,0.6097560975609756,0.4146341463414634,0.524390243902439,0.5853658536585366,0.36585365853658536,0.34146341463414637,0.36585365853658536,0.7682926829268293,0.6463414634146342,0.6829268292682927,0.6341463414634146,0.7439024390243902,0.3902439024390244,0.5609756097560976,0.6097560975609756,0.5487804878048781,0.7073170731707317,0.2073170731707317,0.21951219512195122,0.4024390243902439,0.5487804878048781,0.34146341463414637,0.573170731707317
12,0,3,0.1457304316711186,0.25609756097560976,0.6707317073170732,0.4878048780487805,0.24390243902439024,0.45121951219512196,0.45121951219512196,0.3902439024390244,0.3780487804878049,0.47560975609756095,0.4878048780487805,0.6829268292682927,0.45121951219512196,0.524390243902439,0.5975609756097561,0.573170731707317,0.6219512195121951,0.5121951219512195,0.7073170731707317,0.7439024390243902,0.23170731707317074,0.4024390243902439,0.6585365853658537,0.6829268292682927,0.6219512195121951,0.34146341463414637,0.43902439024390244,0.7439024390243902,0.4146341463414634,0.4024390243902439,0.35365853658536583
12,0,4,0.134920162789652,0.3902439024390244,0.7317073170731707,0.2926829268292683,0.5,0.4146341463414634,0.4634146341463415,0.4146341463414634,0.4878048780487805,0.4634146341463415,0.5121951219512195,0.7195121951219512,0.524390243902439,0.47560975609756095,0.5975609756097561,0.2682926829268293,0.6951219512195121,0.4268292682926829,0.8170731707317073,0.524390243902439,0.3902439024390244,0.5365853658536586,0.34146341463414637,0.6585365853658537,0.7073170731707317,0.5487804878048781,0.45121951219512196,0.5,0.4024390243902439,0.3048780487804878,0.43902439024390244
12,0,5,0.1460362671211971,0.2804878048780488,0.7073170731707317,0.32926829268292684,0.3902439024390244,0.6219512195121951,0.3780487804878049,0.573170731707317,0.3902439024390244,0.4878048780487805,0.3902439024390244,0.6585365853658537,0.4268292682926829,0.4024390243902439,0.7926829268292683,0.573170731707317,0.43902439024390244,0.3902439024390244,0.6829268292682927,0.25609756097560976,0.45121951219512196,0.6219512195121951,0.34146341463414637,0.7317073170731707,0.3902439024390244,0.5,0.6707317073170732,0.6829268292682927,0.4634146341463415,0.35365853658536583,0.6219512195121951
12,0,6,0.153419610347514,0.4878048780487805,0.36585365853658536,0.47560975609756095,0.3780487804878049,0.524390243902439,0.2926829268292683,0.6341463414634146,0.8048780487804879,0.573170731707317,0.3780487804878049,0.5487804878048781,0.4878048780487805,0.34146341463414637,0.8658536585365854,0.23170731707317074,0.5121951219512195,0.4146341463414634,0.45121951219512196,0.5975609756097561,0.6341463414634146,0.7439024390243902,0.43902439024390244,0.4634146341463415,0.36585365853658536,0.524390243902439,0.7804878048780488,0.4634146341463415,0.524390243902439,0.43902439024390244,0.25609756097560976
12,0,7,0.1548668455073531,0.524390243902439,0.6951219512195121,0.32926829268292684,0.7317073170731707,0.32926829268292684,0.32926829268292684,0.4024390243902439,0.5609756097560976,0.4268292682926829,0.6097560975609756,0.4878048780487805,0.7317073170731707,0.6341463414634146,0.5487804878048781,0.4024390243902439,0.47560975609756095,0.5853658536585366,0.4024390243902439,0.3170731707317073,0.7439024390243902,0.7317073170731707,0.6219512195121951,0.2804878048780488,0.7560975609756098,0.43902439024390244,0.573170731707317,0.3902439024390244,0.2926829268292683,0.3780487804878049,0.2682926829268293
12,0,8,0.12243805266352324,0.5975609756097561,0.5853658536585366,0.43902439024390244,0.45121951219512196,0.5,0.3902439024390244,0.7195121951219512,0.7804878048780488,0.4146341463414634,0.4024390243902439,0.24390243902439024,0.4268292682926829,0.5,0.47560975609756095,0.47560975609756095,0.4268292682926829,0.6341463414634146,0.25609756097560976,0.45121951219512196,0.6707317073170732,0.5853658536585366,0.43902439024390244,0.35365853658536583,0.6219512195121951,0.6219512195121951,0.6219512195121951,0.4878048780487805,0.45121951219512196,0.5365853658536586,0.43902439024390244
12,0,9,0.13418329128961143,0.573170731707317,0.5853658536585366,0.4268292682926829,0.6829268292682927,0.5365853658536586,0.4268292682926829,0.43902439024390244,0.24390243902439024,0.32926829268292684,0.6463414634146342,0.25609756097560976,0.7682926829268293,0.34146341463414637,0.5365853658536586,0.5853658536585366,0.7195121951219512,0.573170731707317,0.5487804878048781,0.4146341463414634,0.3780487804878049,0.6219512195121951,0.5,0.6951219512195121,0.5975609756097561,0.3170731707317073,0.4878048780487805,0.5121951219512195,0.4268292682926829,0.45121951219512196,0.3780487804878049
13,0,0,0.17012085846313957,0.3780487804878049,0.8048780487804879,0.34146341463414637,0.3780487804878049,0.35365853658536583,0.4146341463414634,0.43902439024390244,0.4024390243902439,0.4024390243902439,0.3048780487804878,0.4024390243902439,0.5609756097560976,0.8658536585365854,0.34146341463414637,0.5121951219512195,0.45121951219512196,0.4146341463414634,0.43902439024390244,0.5853658536585366,0.9634146341463414,0.4268292682926829,0.524390243902439,0.5609756097560976,0.3170731707317073,0.524390243902439,0.573170731707317,0.524390243902439,0.3170731707317073,0.6219512195121951,0.8536585365853658
13,0,1,0.14866048739191,0.4268292682926829,0.3902439024390244,0.524390243902439,0.45121951219512196,0.34146341463414637,0.524390243902439,0.3780487804878049,0.524390243902439,0.3780487804878049,0.5121951219512195,0.5487804878048781,0.7560975609756098,0.6219512195121951,0.5609756097560976,0.35365853658536583,0.3780487804878049,0.34146341463414637,0.4634146341463415,0.4146341463414634,0.9146341463414634,0.3048780487804878,0.4268292682926829,0.5853658536585366,0.5487804878048781,0.43902439024390244,0.4024390243902439,0.4024390243902439,0.5,0.7195121951219512,0.8658536585365854
13,0,2,0.14137928532867747,0.6341463414634146,0.35365853658536583,0.5365853658536586,0.4146341463414634,0.6829268292682927,0.2926829268292683,0.5487804878048781,0.3048780487804878,0.4878048780487805,0.6341463414634146,0.7073170731707317,0.6219512195121951,0.5121951219512195,0.47560975609756095,0.3048780487804878,0.43902439024390244,0.5853658536585366,0.32926829268292684,0.3902439024390244,0.8780487804878049,0.5121951219512195,0.6097560975609756,0.32926829268292684,0.4268292682926829,0.43902439024390244,0.4878048780487805,0.36585365853658536,0.45121951219512196,0.7317073170731707,0.5121951219512195
13,0,3,0.1413442166724692,0.4878048780487805,0.32926829268292684,0.45121951219512196,0.6341463414634146,0.7560975609756098,0.35365853658536583,0.4268292682926829,0.36585365853658536,0.45121951219512196,0.6951219512195121,0.7439024390243902,0.45121951219512196,0.25609756097560976,0.5487804878048781,0.6829268292682927,0.7439024390243902,0.4634146341463415,0.5121951219512195,0.32926829268292684,0.6097560975609756,0.5609756097560976,0.5365853658536586,0.6097560975609756,0.3170731707317073,0.4024390243902439,0.45121951219512196,0.34146341463414637,0.4634146341463415,0.6707317073170732,0.35365853658536583
13,0,4,0.15787855934324155,0.43902439024390244,0.4634146341463415,0.573170731707317,0.4024390243902439,0.8292682926829268,0.47560975609756095,0.5853658536585366,0.6951219512195121,0.4878048780487805,0.18292682926829268,0.7682926829268293,0.6097560975609756,0.3048780487804878,0.5121951219512195,0.5121951219512195,0.9024390243902439,0.6219512195121951,0.5487804878048781,0.5975609756097561,0.2926829268292683,0.3170731707317073,0.4878048780487805,0.3170731707317073,0.5121951219512195,0.45121951219512196,0.35365853658536583,0.35365853658536583,0.5121951219512195,0.45121951219512196,0.43902439024390244
13,0,5,0.15981349431291855,0.4634146341463415,0.5,0.2682926829268293,0.4634146341463415,0.6829268292682927,0.4634146341463415,0.45121951219512196,0.8658536585365854,0.5,0.21951219512195122,0.6341463414634146,0.25609756097560976,0.35365853658536583,0.7073170731707317,0.5,0.8658536585365854,0.5853658536585366,0.5,0.5975609756097561,0.34146341463414637,0.3170731707317073,0.45121951219512196,0.3170731707317073,0.7073170731707317,0.5121951219512195,0.5,0.4878048780487805,0.6341463414634146,0.45121951219512196,0.4024390243902439
13,0,6,0.13685368534223308,0.5365853658536586,0.573170731707317,0.34146341463414637,0.4634146341463415,0.25609756097560976,0.23170731707317074,0.6097560975609756,0.6707317073170732,0.6219512195121951,0.45121951219512196,0.3780487804878049,0.5487804878048781,0.47560975609756095,0.6219512195121951,0.47560975609756095,0.7439024390243902,0.5609756097560976,0.35365853658536583,0.5975609756097561,0.45121951219512196,0.3170731707317073,0.4634146341463415,0.4268292682926829,0.7195121951219512,0.43902439024390244,0.2804878048780488,0.5365853658536586,0.6707317073170732,0.4878048780487805,0.6951219512195121
13,0,7,0.12231652603043738,0.4878048780487805,0.7317073170731707,0.4146341463414634,0.5609756097560976,0.45121951219512196,0.5,0.4024390243902439,0.6341463414634146,0.4878048780487805,0.8414634146341463,0.36585365853658536,0.4878048780487805,0.3902439024390244,0.4146341463414634,0.573170731707317,0.3902439024390244,0.35365853658536583,0.35365853658536583,0.6341463414634146,0.5365853658536586,0.45121951219512196,0.32926829268292684,0.5487804878048781,0.5365853658536586,0.3170731707317073,0.47560975609756095,0.7073170731707317,0.524390243902439,0.5121951219512195,0.5853658536585366
13,0,8,0.10966572611908905,0.524390243902439,0.4024390243902439,0.4634146341463415,0.5121951219512195,0.5365853658536586,0.4024390243902439,0.6463414634146342,0.3048780487804878,0.4268292682926829,0.7317073170731707,0.3902439024390244,0.4878048780487805,0.6829268292682927,0.36585365853658536,0.3780487804878049,0.5609756097560976,0.4634146341463415,0.6097560975609756,0.5609756097560976,0.4024390243902439,0.36585365853658536,0.6097560975609756,0.6463414634146342,0.2804878048780488,0.5487804878048781,0.5121951219512195,0.5487804878048781,0.5365853658536586,0.5609756097560976,0.5365853658536586
13,0,9,0.11671693769761364,0.5975609756097561,0.5121951219512195,0.5853658536585366,0.5609756097560976,0.35365853658536583,0.6097560975609756,0.5853658536585366,0.3780487804878049,0.524390243902439,0.7926829268292683,0.32926829268292684,0.4268292682926829,0.524390243902439,0.573170731707317,0.3902439024390244,0.4146341463414634,0.47560975609756095,0.5975609756097561,0.32926829268292684,0.3902439024390244,0.524390243902439,0.524390243902439,0.6585365853658537,0.25609756097560976,0.4024390243902439,0.5975609756097561,0.4146341463414634,0.4634146341463415,0.5975609756097561,0.6097560975609756
14,0,0,0.19974205058961866,0.47560975609756095,0.8414634146341463,0.36585365853658536,0.4634146341463415,0.5121951219512195,0.4878048780487805,0.4146341463414634,0.21951219512195122,0.32926829268292684,0.25609756097560976,0.43902439024390244,0.9512195121951219,0.4268292682926829,0.6097560975609756,0.6097560975609756,0.6219512195121951,0.8536585365853658,0.4634146341463415,0.5121951219512195,0.4878048780487805,0.3048780487804878,0.5121951219512195,0.9512195121951219,0.3170731707317073,0.1951219512195122,0.34146341463414637,0.35365853658536583,0.573170731707317,0.35365853658536583,0.7560975609756098
14,0,1,0.17593691296271932,0.5365853658536586,0.9024390243902439,0.47560975609756095,0.21951219512195122,0.36585365853658536,0.2682926829268293,0.45121951219512196,0.4268292682926829,0.34146341463414637,0.3902439024390244,0.32926829268292684,0.9146341463414634,0.3902439024390244,0.5365853658536586,0.524390243902439,0.5609756097560976,0.8414634146341463,0.4268292682926829,0.5365853658536586,0.5853658536585366,0.45121951219512196,0.573170731707317,0.8902439024390244,0.3902439024390244,0.4634146341463415,0.36585365853658536,0.524390243902439,0.35365853658536583,0.5365853658536586,0.4268292682926829
14,0,2,0.13764830301973133,0.5,0.36585365853658536,0.3170731707317073,0.4268292682926829,0.4024390243902439,0.6341463414634146,0.5487804878048781,0.2682926829268293,0.6463414634146342,0.5,0.3902439024390244,0.9390243902439024,0.4878048780487805,0.47560975609756095,0.47560975609756095,0.36585365853658536,0.6829268292682927,0.4146341463414634,0.7073170731707317,0.4878048780487805,0.4878048780487805,0.4268292682926829,0.7317073170731707,0.5609756097560976,0.4878048780487805,0.4878048780487805,0.34146341463414637,0.4146341463414634,0.47560975609756095,0.5487804878048781
14,0,3,0.15208902910513428,0.4634146341463415,0.2682926829268293,0.4268292682926829,0.5121951219512195,0.5,0.4146341463414634,0.45121951219512196,0.45121951219512196,0.6341463414634146,0.6585365853658537,0.5975609756097561,0.8902439024390244,0.23170731707317074,0.524390243902439,0.43902439024390244,0.5121951219512195,0.2926829268292683,0.5853658536585366,0.8292682926829268,0.35365853658536583,0.45121951219512196,0.5,0.6707317073170732,0.5365853658536586,0.5121951219512195,0.7317073170731707,0.5121951219512195,0.36585365853658536,0.3902439024390244,0.2926829268292683
14,0,4,0.15623723425939917,0.4634146341463415,0.5,0.34146341463414637,0.5,0.6097560975609756,0.4268292682926829,0.2682926829268293,0.5609756097560976,0.5975609756097561,0.6951219512195121,0.8048780487804879,0.6463414634146342,0.3170731707317073,0.2682926829268293,0.5,0.4146341463414634,0.7682926829268293,0.5609756097560976,0.6341463414634146,0.2682926829268293,0.5,0.3170731707317073,0.36585365853658536,0.5975609756097561,0.5853658536585366,0.4146341463414634,0.47560975609756095,0.4268292682926829,0.8414634146341463,0.32926829268292684
14,0,5,0.1250817698044691,0.6097560975609756,0.6463414634146342,0.3048780487804878,0.6585365853658537,0.5609756097560976,0.5853658536585366,0.47560975609756095,0.4268292682926829,0.35365853658536583,0.43902439024390244,0.573170731707317,0.4634146341463415,0.5121951219512195,0.6097560975609756,0.4878048780487805,0.5487804878048781,0.5365853658536586,0.5121951219512195,0.34146341463414637,0.43902439024390244,0.4146341463414634,0.524390243902439,0.18292682926829268,0.32926829268292684,0.43902439024390244,0.573170731707317,0.45121951219512196,0.5121951219512195,0.8170731707317073,0.6707317073170732
14,0,6,0.13861729013056412,0.47560975609756095,0.4024390243902439,0.5121951219512195,0.4146341463414634,0.21951219512195122,0.35365853658536583,0.5609756097560976,0.47560975609756095,0.35365853658536583,0.5365853658536586,0.47560975609756095,0.45121951219512196,0.7195121951219512,0.8048780487804879,0.6829268292682927,0.5,0.4878048780487805,0.5487804878048781,0.5975609756097561,0.5121951219512195,0.3780487804878049,0.45121951219512196,0.35365853658536583,0.524390243902439,0.5609756097560976,0.6219512195121951,0.24390243902439024,0.47560975609756095,0.8414634146341463,0.4634146341463415
14,0,7,0.12751534261266767,0.4024390243902439,0.45121951219512196,0.4268292682926829,0.32926829268292684,0.45121951219512196,0.4878048780487805,0.47560975609756095,0.5,0.5609756097560976,0.6585365853658537,0.4024390243902439,0.43902439024390244,0.6585365853658537,0.5121951219512195,0.6951219512195121,0.3780487804878049,0.4878048780487805,0.7804878048780488,0.47560975609756095,0.47560975609756095,0.5609756097560976,0.45121951219512196,0.7804878048780488,0.5121951219512195,0.5,0.3170731707317073,0.524390243902439,0.25609756097560976,0.6951219512195121,0.35365853658536583
14,0,8,0.10811785492342196,0.32926829268292684,0.3170731707317073,0.6219512195121951,0.4268292682926829,0.6097560975609756,0.3170731707317073,0.5609756097560976,0.6707317073170732,0.5121951219512195,0.47560975609756095,0.6341463414634146,0.43902439024390244,0.6341463414634146,0.43902439024390244,0.6219512195121951,0.5121951219512195,0.3902439024390244,0.573170731707317,0.6341463414634146,0.6097560975609756,0.32926829268292684,0.524390243902439,0.4268292682926829,0.5365853658536586,0.5,0.5853658536585366,0.47560975609756095,0.3170731707317073,0.43902439024390244,0.5365853658536586
14,0,9,0.1263436607147972,0.4878048780487805,0.573170731707317,0.6585365853658537,0.7682926829268293,0.34146341463414637,0.6585365853658537,0.43902439024390244,0.3902439024390244,0.5975609756097561,0.5,0.5487804878048781,0.5609756097560976,0.4878048780487805,0.4268292682926829,0.5853658536585366,0.524390243902439,0.43902439024390244,0.6951219512195121,0.5,0.6463414634146342,0.6097560975609756,0.2804878048780488,0.3048780487804878,0.35365853658536583,0.4146341463414634,0.4878048780487805,0.2073170731707317,0.4634146341463415,0.4878048780487805,0.5609756097560976
15,0,0,0.18254703120029,0.32926829268292684,0.2926829268292683,0.9024390243902439,0.6341463414634146,0.7317073170731707,0.6341463414634146,0.24390243902439024,0.2804878048780488,0.4146341463414634,0.573170731707317,0.4268292682926829,0.8536585365853658,0.24390243902439024,0.5365853658536586,0.4024390243902439,0.5,0.524390243902439,0.5609756097560976,0.4878048780487805,0.8170731707317073,0.7804878048780488,0.34146341463414637,0.45121951219512196,0.3780487804878049,0.47560975609756095,0.43902439024390244,0.2682926829268293,0.6829268292682927,0.35365853658536583,0.43902439024390244
15,0,1,0.16331145875285097,0.3780487804878049,0.5121951219512195,0.8414634146341463,0.6585365853658537,0.6463414634146342,0.7317073170731707,0.21951219512195122,0.5121951219512195,0.45121951219512196,0.34146341463414637,0.4878048780487805,0.8048780487804879,0.2682926829268293,0.47560975609756095,0.4146341463414634,0.2804878048780488,0.32926829268292684,0.5121951219512195,0.573170731707317,0.7195121951219512,0.6707317073170732,0.34146341463414637,0.45121951219512196,0.5609756097560976,0.4268292682926829,0.4268292682926829,0.25609756097560976,0.7073170731707317,0.5365853658536586,0.4634146341463415
15,0,2,0.13236062001185497,0.3902439024390244,0.3902439024390244,0.6097560975609756,0.7317073170731707,0.5487804878048781,0.5487804878048781,0.43902439024390244,0.43902439024390244,0.2926829268292683,0.36585365853658536,0.5365853658536586,0.7682926829268293,0.5,0.2804878048780488,0.6341463414634146,0.5365853658536586,0.3780487804878049,0.524390243902439,0.5487804878048781,0.6463414634146342,0.7195121951219512,0.45121951219512196,0.4024390243902439,0.6585365853658537,0.524390243902439,0.5365853658536586,0.524390243902439,0.4268292682926829,0.43902439024390244,0.2073170731707317
15,0,3,0.15470671016775583,0.3780487804878049,0.24390243902439024,0.6951219512195121,0.7804878048780488,0.6707317073170732,0.5365853658536586,0.6829268292682927,0.45121951219512196,0.47560975609756095,0.4268292682926829,0.43902439024390244,0.4634146341463415,0.3780487804878049,0.3048780487804878,0.7439024390243902,0.7926829268292683,0.47560975609756095,0.36585365853658536,0.43902439024390244,0.8170731707317073,0.6219512195121951,0.35365853658536583,0.4878048780487805,0.47560975609756095,0.43902439024390244,0.34146341463414637,0.5487804878048781,0.2804878048780488,0.45121951219512196,0.43902439024390244
15,0,4,0.13164708047405704,0.4024390243902439,0.6097560975609756,0.4268292682926829,0.7682926829268293,0.5,0.5365853658536586,0.6097560975609756,0.3780487804878049,0.4634146341463415,0.5121951219512195,0.4878048780487805,0.3902439024390244,0.2682926829268293,0.4878048780487805,0.7195121951219512,0.6951219512195121,0.573170731707317,0.47560975609756095,0.36585365853658536,0.3170731707317073,0.7804878048780488,0.573170731707317,0.3780487804878049,0.4268292682926829,0.36585365853658536,0.6219512195121951,0.6097560975609756,0.5,0.34146341463414637,0.4146341463414634
15,0,5,0.15664917778859913,0.8170731707317073,0.573170731707317,0.4268292682926829,0.6829268292682927,0.4024390243902439,0.2682926829268293,0.4024390243902439,0.573170731707317,0.4634146341463415,0.5609756097560976,0.4146341463414634,0.4146341463414634,0.6097560975609756,0.524390243902439,0.8292682926829268,0.5975609756097561,0.43902439024390244,0.4146341463414634,0.18292682926829268,0.524390243902439,0.45121951219512196,0.43902439024390244,0.6951219512195121,0.32926829268292684,0.6585365853658537,0.6707317073170732,0.2804878048780488,0.3048780487804878,0.3902439024390244,0.6585365853658537
15,0,6,0.16334181122198263,0.6951219512195121,0.8658536585365854,0.5853658536585366,0.47560975609756095,0.2804878048780488,0.5975609756097561,0.32926829268292684,0.5121951219512195,0.34146341463414637,0.5,0.15853658536585366,0.4634146341463415,0.5853658536585366,0.43902439024390244,0.45121951219512196,0.25609756097560976,0.4878048780487805,0.5609756097560976,0.34146341463414637,0.5853658536585366,0.4024390243902439,0.34146341463414637,0.35365853658536583,0.6707317073170732,0.5609756097560976,0.43902439024390244,0.7073170731707317,0.7439024390243902,0.7926829268292683,0.47560975609756095
15,0,7,0.14498011788721146,0.6463414634146342,0.8780487804878049,0.5121951219512195,0.5853658536585366,0.2682926829268293,0.3902439024390244,0.5487804878048781,0.43902439024390244,0.5609756097560976,0.47560975609756095,0.5121951219512195,0.43902439024390244,0.32926829268292684,0.5,0.524390243902439,0.32926829268292684,0.36585365853658536,0.5487804878048781,0.6341463414634146,0.4634146341463415,0.6585365853658537,0.5487804878048781,0.45121951219512196,0.43902439024390244,0.524390243902439,0.4146341463414634,0.7926829268292683,0.6951219512195121,0.23170731707317074,0.2926829268292683
15,0,8,0.1449801178872114,0.3902439024390244,0.5853658536585366,0.5853658536585366,0.2682926829268293,0.573170731707317,0.4268292682926829,0.524390243902439,0.7073170731707317,0.5487804878048781,0.43902439024390244,0.7317073170731707,0.32926829268292684,0.6341463414634146,0.18292682926829268,0.3902439024390244,0.5121951219512195,0.4146341463414634,0.6829268292682927,0.6829268292682927,0.3902439024390244,0.35365853658536583,0.4268292682926829,0.5121951219512195,0.6219512195121951,0.4146341463414634,0.524390243902439,0.32926829268292684,0.8170731707317073,0.4268292682926829,0.573170731707317
15,0,9,0.1645211897955127,0.3902439024390244,0.573170731707317,0.3170731707317073,0.6951219512195121,0.5975609756097561,0.3048780487804878,0.3780487804878049,0.573170731707317,0.5975609756097561,0.3902439024390244,0.5487804878048781,0.8658536585365854,0.5609756097560976,0.2804878048780488,0.0975609756097561,0.3048780487804878,0.47560975609756095,0.7560975609756098,0.6463414634146342,0.5,0.32926829268292684,0.6463414634146342,0.5121951219512195,0.6707317073170732,0.3048780487804878,0.5609756097560976,0.4024390243902439,0.6463414634146342,0.5,0.573170731707317
16,0,0,0.19486772055620946,0.6463414634146342,0.47560975609756095,0.4024390243902439,0.524390243902439,0.36585365853658536,0.43902439024390244,0.8902439024390244,0.3780487804878049,1.0,0.47560975609756095,0.36585365853658536,0.24390243902439024,0.23170731707317074,0.36585365853658536,0.7804878048780488,0.2804878048780488,0.4268292682926829,0.47560975609756095,0.2804878048780488,0.8170731707317073,0.35365853658536583,0.6463414634146342,0.3170731707317073,0.36585365853658536,0.3902439024390244,0.6463414634146342,0.5365853658536586,0.6707317073170732,0.7317073170731707,0.47560975609756095
16,0,1,0.1608647068082063,0.32926829268292684,0.6707317073170732,0.4634146341463415,0.4024390243902439,0.573170731707317,0.3902439024390244,0.8170731707317073,0.4024390243902439,0.8414634146341463,0.5121951219512195,0.43902439024390244,0.32926829268292684,0.32926829268292684,0.36585365853658536,0.8170731707317073,0.4146341463414634,0.4024390243902439,0.4146341463414634,0.25609756097560976,0.8414634146341463,0.4024390243902439,0.4634146341463415,0.4878048780487805,0.4024390243902439,0.5,0.6585365853658537,0.4878048780487805,0.5975609756097561,0.6097560975609756,0.3780487804878049
16,0,2,0.17067362542822892,0.36585365853658536,0.6707317073170732,0.4634146341463415,0.2682926829268293,0.5853658536585366,0.3780487804878049,0.7317073170731707,0.3902439024390244,0.8170731707317073,0.3902439024390244,0.2926829268292683,0.3902439024390244,0.524390243902439,0.32926829268292684,0.7926829268292683,0.43902439024390244,0.2926829268292683,0.2804878048780488,0.4634146341463415,0.7926829268292683,0.4268292682926829,0.6341463414634146,0.36585365853658536,0.47560975609756095,0.3048780487804878,0.7560975609756098,0.45121951219512196,0.6951219512195121,0.6707317073170732,0.5609756097560976
16,0,3,0.16985839362419658,0.43902439024390244,0.7804878048780488,0.32926829268292684,0.3170731707317073,0.6585365853658537,0.6219512195121951,0.5609756097560976,0.5975609756097561,0.8170731707317073,0.35365853658536583,0.18292682926829268,0.524390243902439,0.6219512195121951,0.34146341463414637,0.7195121951219512,0.5121951219512195,0.4268292682926829,0.34146341463414637,0.4146341463414634,0.2682926829268293,0.45121951219512196,0.7682926829268293,0.3048780487804878,0.45121951219512196,0.34146341463414637,0.7804878048780488,0.5,0.6219512195121951,0.35365853658536583,0.5975609756097561
16,0,4,0.16175593084028397,0.4024390243902439,0.32926829268292684,0.5975609756097561,0.8536585365853658,0.2926829268292683,0.5609756097560976,0.573170731707317,0.4634146341463415,0.2926829268292683,0.6951219512195121,0.34146341463414637,0.5,0.4146341463414634,0.4024390243902439,0.43902439024390244,0.8170731707317073,0.6829268292682927,0.4146341463414634,0.4634146341463415,0.25609756097560976,0.4634146341463415,0.8414634146341463,0.4268292682926829,0.3170731707317073,0.45121951219512196,0.6707317073170732,0.5121951219512195,0.45121951219512196,0.4024390243902439,0.6707317073170732
16,0,5,0.14253171057255593,0.4146341463414634,0.3170731707317073,0.5,0.8170731707317073,0.43902439024390244,0.7195121951219512,0.35365853658536583,0.3902439024390244,0.45121951219512196,0.7682926829268293,0.5121951219512195,0.5121951219512195,0.4146341463414634,0.4024390243902439,0.4634146341463415,0.6707317073170732,0.6829268292682927,0.3902439024390244,0.524390243902439,0.4024390243902439,0.4024390243902439,0.4634146341463415,0.4634146341463415,0.6707317073170732,0.573170731707317,0.36585365853658536,0.7439024390243902,0.32926829268292684,0.2804878048780488,0.5609756097560976
16,0,6,0.11977737297147095,0.5609756097560976,0.32926829268292684,0.45121951219512196,0.34146341463414637,0.5853658536585366,0.5,0.5365853658536586,0.34146341463414637,0.36585365853658536,0.6585365853658537,0.45121951219512196,0.5487804878048781,0.4146341463414634,0.6707317073170732,0.4268292682926829,0.6097560975609756,0.6219512195121951,0.7804878048780488,0.3902439024390244,0.5365853658536586,0.5975609756097561,0.3048780487804878,0.5121951219512195,0.573170731707317,0.6219512195121951,0.6219512195121951,0.35365853658536583,0.4268292682926829,0.36585365853658536,0.5
16,0,7,0.1390101262116232,0.4878048780487805,0.6463414634146342,0.573170731707317,0.6829268292682927,0.4024390243902439,0.5121951219512195,0.5,0.573170731707317,0.47560975609756095,0.24390243902439024,0.6463414634146342,0.4268292682926829,0.25609756097560976,0.6097560975609756,0.7804878048780488,0.36585365853658536,0.3902439024390244,0.4268292682926829,0.6341463414634146,0.36585365853658536,0.573170731707317,0.47560975609756095,0.573170731707317,0.7804878048780488,0.2073170731707317,0.5365853658536586,0.47560975609756095,0.5,0.3902439024390244,0.4878048780487805
16,0,8,0.12268074478009065,0.4878048780487805,0.6219512195121951,0.35365853658536583,0.4634146341463415,0.6463414634146342,0.573170731707317,0.4146341463414634,0.6829268292682927,0.4268292682926829,0.23170731707317074,0.5365853658536586,0.45121951219512196,0.34146341463414637,0.6341463414634146,0.6097560975609756,0.5121951219512195,0.524390243902439,0.6341463414634146,0.2804878048780488,0.4146341463414634,0.573170731707317,0.45121951219512196,0.4146341463414634,0.6951219512195121,0.35365853658536583,0.5365853658536586,0.5609756097560976,0.36585365853658536,0.6951219512195121,0.5121951219512195
16,0,9,0.13055047503485498,0.4878048780487805,0.4878048780487805,0.5975609756097561,0.36585365853658536,0.5609756097560976,0.6219512195121951,0.4634146341463415,0.5975609756097561,0.3902439024390244,0.3902439024390244,0.4878048780487805,0.4878048780487805,0.4146341463414634,0.3048780487804878,0.5,0.524390243902439,0.6097560975609756,0.7073170731707317,0.5,0.5,0.43902439024390244,0.5487804878048781,0.2804878048780488,0.7073170731707317,0.6463414634146342,0.5,0.24390243902439024,0.7317073170731707,0.6585365853658537,0.24390243902439024
17,0,0,0.17211979282319365,0.34146341463414637,0.4268292682926829,0.4634146341463415,0.4146341463414634,0.9634146341463414,0.5,0.4146341463414634,0.3902439024390244,0.36585365853658536,0.573170731707317,0.35365853658536583,0.7317073170731707,0.6341463414634146,0.5,0.8292682926829268,0.7195121951219512,0.3048780487804878,0.2682926829268293,0.3902439024390244,0.47560975609756095,0.34146341463414637,0.524390243902439,0.4634146341463415,0.524390243902439,0.8536585365853658,0.4024390243902439,0.4024390243902439,0.3170731707317073,0.6707317073170732,0.43902439024390244
17,0,1,0.16747770146441848,0.3048780487804878,0.4634146341463415,0.32926829268292684,0.45121951219512196,0.9878048780487805,0.5365853658536586,0.4024390243902439,0.5,0.2804878048780488,0.5487804878048781,0.3780487804878049,0.8048780487804879,0.5975609756097561,0.43902439024390244,0.6951219512195121,0.4634146341463415,0.3780487804878049,0.4024390243902439,0.3902439024390244,0.34146341463414637,0.4878048780487805,0.3780487804878049,0.6341463414634146,0.7073170731707317,0.8048780487804879,0.4268292682926829,0.3780487804878049,0.34146341463414637,0.4634146341463415,0.6829268292682927
17,0,2,0.17263744750425747,0.4024390243902439,0.47560975609756095,0.573170731707317,0.43902439024390244,0.9878048780487805,0.45121951219512196,0.4146341463414634,0.43902439024390244,0.13414634146341464,0.5365853658536586,0.3048780487804878,0.7804878048780488,0.6463414634146342,0.35365853658536583,0.6585365853658537,0.6951219512195121,0.4634146341463415,0.5,0.5853658536585366,0.524390243902439,0.6097560975609756,0.5121951219512195,0.25609756097560976,0.4634146341463415,0.8048780487804879,0.4146341463414634,0.4878048780487805,0.2682926829268293,0.32926829268292684,0.4878048780487805
17,0,3,0.15140298337541178,0.45121951219512196,0.573170731707317,0.6219512195121951,0.4024390243902439,0.8536585365853658,0.5365853658536586,0.6097560975609756,0.5487804878048781,0.21951219512195122,0.3780487804878049,0.5487804878048781,0.7195121951219512,0.5609756097560976,0.36585365853658536,0.43902439024390244,0.43902439024390244,0.4634146341463415,0.6097560975609756,0.2926829268292683,0.3902439024390244,0.25609756097560976,0.5365853658536586,0.3048780487804878,0.5487804878048781,0.6707317073170732,0.524390243902439,0.5365853658536586,0.7926829268292683,0.2682926829268293,0.5365853658536586
17,0,4,0.13547018611706163,0.47560975609756095,0.4268292682926829,0.7195121951219512,0.43902439024390244,0.524390243902439,0.524390243902439,0.573170731707317,0.45121951219512196,0.43902439024390244,0.524390243902439,0.7073170731707317,0.3902439024390244,0.3902439024390244,0.4146341463414634,0.4024390243902439,0.4146341463414634,0.4024390243902439,0.35365853658536583,0.6585365853658537,0.8048780487804879,0.24390243902439024,0.36585365853658536,0.5,0.36585365853658536,0.7439024390243902,0.6707317073170732,0.6585365853658537,0.573170731707317,0.47560975609756095,0.36585365853658536
17,0,5,0.16545264767852771,0.4268292682926829,0.2804878048780488,0.5,0.5,0.1951219512195122,0.45121951219512196,0.524390243902439,0.25609756097560976,0.8170731707317073,0.4878048780487805,0.4268292682926829,0.4878048780487805,0.4878048780487805,0.9512195121951219,0.3902439024390244,0.5121951219512195,0.5365853658536586,0.5121951219512195,0.5609756097560976,0.4268292682926829,0.6463414634146342,0.2682926829268293,0.5487804878048781,0.5365853658536586,0.4634146341463415,0.524390243902439,0.7926829268292683,0.7682926829268293,0.32926829268292684,0.3902439024390244
17,0,6,0.1547707841858965,0.573170731707317,0.573170731707317,0.2804878048780488,0.4878048780487805,0.4268292682926829,0.4878048780487805,0.47560975609756095,0.25609756097560976,0.7804878048780488,0.4634146341463415,0.3902439024390244,0.5609756097560976,0.4146341463414634,0.6951219512195121,0.4268292682926829,0.524390243902439,0.13414634146341464,0.4268292682926829,0.4878048780487805,0.5,0.5975609756097561,0.5121951219512195,0.573170731707317,0.5,0.2926829268292683,0.4146341463414634,0.8170731707317073,0.43902439024390244,0.6463414634146342,0.8414634146341463
17,0,7,0.15267461469880483,0.5853658536585366,0.32926829268292684,0.3780487804878049,0.5975609756097561,0.5609756097560976,0.4878048780487805,0.2804878048780488,0.5609756097560976,0.6829268292682927,0.43902439024390244,0.6341463414634146,0.43902439024390244,0.35365853658536583,0.7073170731707317,0.524390243902439,0.5975609756097561,0.21951219512195122,0.5,0.5121951219512195,0.6585365853658537,0.7317073170731707,0.3902439024390244,0.573170731707317,0.5487804878048781,0.6097560975609756,0.2804878048780488,0.7682926829268293,0.1951219512195122,0.5609756097560976,0.2926829268292683
17,0,8,0.13822333759865071,0.5,0.7439024390243902,0.4878048780487805,0.24390243902439024,0.5365853658536586,0.47560975609756095,0.24390243902439024,0.4024390243902439,0.5609756097560976,0.43902439024390244,0.7439024390243902,0.524390243902439,0.2926829268292683,0.5487804878048781,0.5853658536585366,0.35365853658536583,0.7439024390243902,0.5365853658536586,0.4146341463414634,0.5365853658536586,0.5121951219512195,0.5609756097560976,0.5121951219512195,0.7926829268292683,0.4878048780487805,0.3170731707317073,0.6219512195121951,0.4024390243902439,0.3902439024390244,0.4878048780487805
17,0,9,0.1645211897955127,0.34146341463414637,0.5853658536585366,0.2926829268292683,0.5,0.3780487804878049,0.36585365853658536,0.7682926829268293,0.7195121951219512,0.7195121951219512,0.4024390243902439,0.4878048780487805,0.32926829268292684,0.5487804878048781,0.4146341463414634,0.5975609756097561,0.8292682926829268,0.6951219512195121,0.18292682926829268,0.35365853658536583,0.2926829268292683,0.524390243902439,0.34146341463414637,0.32926829268292684,0.4268292682926829,0.6707317073170732,0.5975609756097561,0.5853658536585366,0.6585365853658537,0.6585365853658537,0.4024390243902439
18,0,0,0.18559036468045656,0.47560975609756095,0.5365853658536586,0.5121951219512195,0.34146341463414637,0.4024390243902439,0.3902439024390244,0.3902439024390244,0.34146341463414637,0.975609756097561,0.43902439024390244,0.8536585365853658,0.5121951219512195,0.9512195121951219,0.45121951219512196,0.25609756097560976,0.7195121951219512,0.47560975609756095,0.5609756097560976,0.5121951219512195,0.5609756097560976,0.4878048780487805,0.35365853658536583,0.4268292682926829,0.2926829268292683,0.8414634146341463,0.4146341463414634,0.4878048780487805,0.4024390243902439,0.3170731707317073,0.3170731707317073
18,0,1,0.17895415205735885,0.5121951219512195,0.47560975609756095,0.36585365853658536,0.5487804878048781,0.5487804878048781,0.5975609756097561,0.4634146341463415,0.3170731707317073,0.975609756097561,0.2804878048780488,0.8536585365853658,0.5609756097560976,0.8292682926829268,0.3170731707317073,0.4146341463414634,0.6585365853658537,0.43902439024390244,0.6097560975609756,0.5,0.4878048780487805,0.4146341463414634,0.34146341463414637,0.2804878048780488,0.524390243902439,0.8414634146341463,0.3170731707317073,0.2926829268292683,0.4024390243902439,0.43902439024390244,0.3902439024390244
18,0,2,0.1800588178077244,0.47560975609756095,0.5,0.4146341463414634,0.3048780487804878,0.3780487804878049,0.524390243902439,0.3780487804878049,0.34146341463414637,0.8902439024390244,0.4268292682926829,0.8780487804878049,0.43902439024390244,0.8780487804878049,0.5975609756097561,0.524390243902439,0.7804878048780488,0.4634146341463415,0.3048780487804878,0.4878048780487805,0.45121951219512196,0.36585365853658536,0.21951219512195122,0.5609756097560976,0.5853658536585366,0.8048780487804879,0.4146341463414634,0.3780487804878049,0.4146341463414634,0.5609756097560976,0.25609756097560976
18,0,3,0.15582420170245895,0.32926829268292684,0.43902439024390244,0.4634146341463415,0.32926829268292684,0.7439024390243902,0.5,0.47560975609756095,0.5975609756097561,0.8414634146341463,0.5975609756097561,0.8780487804878049,0.4146341463414634,0.35365853658536583,0.6097560975609756,0.3902439024390244,0.5853658536585366,0.34146341463414637,0.24390243902439024,0.4634146341463415,0.3902439024390244,0.5,0.5609756097560976,0.6097560975609756,0.6463414634146342,0.6829268292682927,0.34146341463414637,0.5853658536585366,0.36585365853658536,0.32926829268292684,0.3902439024390244
18,0,4,0.13612728060854465,0.45121951219512196,0.2804878048780488,0.4878048780487805,0.3170731707317073,0.6585365853658537,0.5487804878048781,0.524390243902439,0.7195121951219512,0.4268292682926829,0.6219512195121951,0.7317073170731707,0.4634146341463415,0.47560975609756095,0.4024390243902439,0.5365853658536586,0.524390243902439,0.47560975609756095,0.24390243902439024,0.6463414634146342,0.24390243902439024,0.5975609756097561,0.524390243902439,0.524390243902439,0.4024390243902439,0.47560975609756095,0.7926829268292683,0.5609756097560976,0.573170731707317,0.4634146341463415,0.3048780487804878
18,0,5,0.13883170215373372,0.4024390243902439,0.5853658536585366,0.35365853658536583,0.573170731707317,0.3902439024390244,0.8048780487804879,0.7073170731707317,0.4634146341463415,0.5121951219512195,0.5365853658536586,0.5365853658536586,0.2926829268292683,0.32926829268292684,0.7439024390243902,0.3170731707317073,0.3902439024390244,0.34146341463414637,0.5609756097560976,0.6463414634146342,0.3170731707317073,0.43902439024390244,0.4146341463414634,0.43902439024390244,0.5975609756097561,0.4878048780487805,0.6341463414634146,0.6463414634146342,0.7073170731707317,0.4024390243902439,0.4268292682926829
18,0,6,0.12452567153525719,0.5853658536585366,0.36585365853658536,0.6829268292682927,0.47560975609756095,0.43902439024390244,0.5121951219512195,0.5121951219512195,0.45121951219512196,0.2926829268292683,0.3170731707317073,0.4146341463414634,0.6219512195121951,0.5365853658536586,0.6219512195121951,0.7317073170731707,0.5609756097560976,0.6707317073170732,0.4878048780487805,0.4024390243902439,0.3780487804878049,0.5853658536585366,0.4878048780487805,0.4268292682926829,0.6341463414634146,0.2804878048780488,0.6707317073170732,0.3048780487804878,0.6463414634146342,0.4268292682926829,0.47560975609756095
18,0,7,0.13403543086862524,0.5609756097560976,0.6219512195121951,0.5975609756097561,0.2926829268292683,0.36585365853658536,0.5487804878048781,0.5,0.5975609756097561,0.7073170731707317,0.17073170731707318,0.36585365853658536,0.4634146341463415,0.45121951219512196,0.4634146341463415,0.7682926829268293,0.6341463414634146,0.5365853658536586,0.6219512195121951,0.4268292682926829,0.6585365853658537,0.4024390243902439,0.4024390243902439,0.4634146341463415,0.573170731707317,0.5365853658536586,0.5975609756097561,0.32926829268292684,0.6341463414634146,0.36585365853658536,0.34146341463414637
18,0,8,0.12464504431058535,0.4634146341463415,0.3902439024390244,0.47560975609756095,0.4146341463414634,0.3902439024390244,0.5365853658536586,0.6463414634146342,0.4024390243902439,0.7317073170731707,0.3780487804878049,0.45121951219512196,0.36585365853658536,0.5853658536585366,0.6219512195121951,0.7926829268292683,0.6341463414634146,0.5121951219512195,0.45121951219512196,0.5975609756097561,0.5121951219512195,0.524390243902439,0.47560975609756095,0.36585365853658536,0.6951219512195121,0.5121951219512195,0.3048780487804878,0.45121951219512196,0.24390243902439024,0.5975609756097561,0.47560975609756095
18,0,9,0.13865304849311702,0.45121951219512196,0.36585365853658536,0.5609756097560976,0.34146341463414637,0.5121951219512195,0.6341463414634146,0.45121951219512196,0.3170731707317073,0.5853658536585366,0.4634146341463415,0.6097560975609756,0.4634146341463415,0.5975609756097561,0.6707317073170732,0.5121951219512195,0.7560975609756098,0.45121951219512196,0.4146341463414634,0.5609756097560976,0.45121951219512196,0.7682926829268293,0.3170731707317073,0.3780487804878049,0.4146341463414634,0.3902439024390244,0.2804878048780488,0.5121951219512195,0.4024390243902439,0.5,0.8658536585365854
19,0,0,0.15351651715390122,0.524390243902439,0.7195121951219512,0.4024390243902439,0.3780487804878049,0.3170731707317073,0.6341463414634146,0.36585365853658536,0.8170731707317073,0.4024390243902439,0.43902439024390244,0.5121951219512195,0.6585365853658537,0.5,0.7317073170731707,0.2804878048780488,0.5975609756097561,0.47560975609756095,0.5121951219512195,0.43902439024390244,0.3902439024390244,0.3780487804878049,0.34146341463414637,0.45121951219512196,0.3780487804878049,0.36585365853658536,0.9390243902439024,0.47560975609756095,0.5975609756097561,0.5853658536585366,0.3902439024390244
19,0,1,0.1332564719965633,0.4634146341463415,0.6707317073170732,0.4024390243902439,0.45121951219512196,0.47560975609756095,0.6219512195121951,0.36585365853658536,0.7560975609756098,0.2804878048780488,0.4634146341463415,0.573170731707317,0.7073170731707317,0.3048780487804878,0.6219512195121951,0.47560975609756095,0.5121951219512195,0.3902439024390244,0.35365853658536583,0.4024390243902439,0.2926829268292683,0.5121951219512195,0.45121951219512196,0.4146341463414634,0.47560975609756095,0.6097560975609756,0.8414634146341463,0.5365853658536586,0.6097560975609756,0.5,0.4634146341463415
19,0,2,0.14151947305308302,0.32926829268292684,0.6585365853658537,0.43902439024390244,0.7560975609756098,0.4878048780487805,0.5609756097560976,0.5121951219512195,0.6219512195121951,0.4268292682926829,0.47560975609756095,0.35365853658536583,0.35365853658536583,0.2926829268292683,0.7804878048780488,0.4146341463414634,0.4878048780487805,0.4634146341463415,0.4024390243902439,0.573170731707317,0.17073170731707318,0.5853658536585366,0.5365853658536586,0.45121951219512196,0.573170731707317,0.5975609756097561,0.7560975609756098,0.6219512195121951,0.5365853658536586,0.5,0.2804878048780488
19,0,3,0.15607850493440154,0.18292682926829268,0.34146341463414637,0.5609756097560976,0.35365853658536583,0.6097560975609756,0.35365853658536583,0.7073170731707317,0.34146341463414637,0.6585365853658537,0.34146341463414637,0.4878048780487805,0.524390243902439,0.47560975609756095,0.8048780487804879,0.4878048780487805,0.36585365853658536,0.5365853658536586,0.7439024390243902,0.5,0.45121951219512196,0.4146341463414634,0.7804878048780488,0.43902439024390244,0.6341463414634146,0.5,0.524390243902439,0.4878048780487805,0.7682926829268293,0.2926829268292683,0.32926829268292684
19,0,4,0.13355375395442934,0.4634146341463415,0.36585365853658536,0.6219512195121951,0.45121951219512196,0.8048780487804879,0.3048780487804878,0.2804878048780488,0.4024390243902439,0.43902439024390244,0.32926829268292684,0.43902439024390244,0.4634146341463415,0.5853658536585366,0.5487804878048781,0.5853658536585366,0.5121951219512195,0.43902439024390244,0.45121951219512196,0.6463414634146342,0.573170731707317,0.5609756097560976,0.7073170731707317,0.32926829268292684,0.6097560975609756,0.3902439024390244,0.35365853658536583,0.3902439024390244,0.7317073170731707,0.6829268292682927,0.5365853658536586
19,0,5,0.13321926510710522,0.6829268292682927,0.43902439024390244,0.35365853658536583,0.5487804878048781,0.47560975609756095,0.573170731707317,0.43902439024390244,0.35365853658536583,0.4878048780487805,0.6219512195121951,0.32926829268292684,0.524390243902439,0.5487804878048781,0.5,0.4634146341463415,0.36585365853658536,0.524390243902439,0.6707317073170732,0.3048780487804878,0.6707317073170732,0.4146341463414634,0.5487804878048781,0.6341463414634146,0.43902439024390244,0.4024390243902439,0.2682926829268293,0.3902439024390244,0.8292682926829268,0.7439024390243902,0.45121951219512196
19,0,6,0.13797205486566783,0.5609756097560976,0.5487804878048781,0.4146341463414634,0.573170731707317,0.6219512195121951,0.5609756097560976,0.4878048780487805,0.573170731707317,0.6341463414634146,0.5,0.5609756097560976,0.4024390243902439,0.3170731707317073,0.5121951219512195,0.6829268292682927,0.45121951219512196,0.5121951219512195,0.6219512195121951,0.24390243902439024,0.47560975609756095,0.6463414634146342,0.3048780487804878,0.5853658536585366,0.2804878048780488,0.36585365853658536,0.21951219512195122,0.4146341463414634,0.43902439024390244,0.7926829268292683,0.6951219512195121
19,0,7,0.15987552167574812,0.6951219512195121,0.7804878048780488,0.4024390243902439,0.32926829268292684,0.35365853658536583,0.8780487804878049,0.5365853658536586,0.6097560975609756,0.34146341463414637,0.4146341463414634,0.45121951219512196,0.35365853658536583,0.6585365853658537,0.3902439024390244,0.3048780487804878,0.6829268292682927,0.35365853658536583,0.6341463414634146,0.3048780487804878,0.35365853658536583,0.3170731707317073,0.4146341463414634,0.5975609756097561,0.43902439024390244,0.5121951219512195,0.4024390243902439,0.5121951219512195,0.524390243902439,0.7682926829268293,0.6829268292682927
19,0,8,0.12879188173296202,0.6219512195121951,0.6829268292682927,0.45121951219512196,0.3902439024390244,0.32926829268292684,0.3048780487804878,0.5609756097560976,0.3902439024390244,0.45121951219512196,0.7560975609756098,0.34146341463414637,0.5975609756097561,0.4878048780487805,0.4878048780487805,0.3780487804878049,0.4024390243902439,0.5487804878048781,0.524390243902439,0.4634146341463415,0.6341463414634146,0.5487804878048781,0.524390243902439,0.6829268292682927,0.1951219512195122,0.524390243902439,0.5,0.6829268292682927,0.4146341463414634,0.45121951219512196,0.6707317073170732
19,0,9,0.11637665435627212,0.6829268292682927,0.43902439024390244,0.5121951219512195,0.43902439024390244,0.4268292682926829,0.5365853658536586,0.4634146341463415,0.3902439024390244,0.6097560975609756,0.5853658536585366,0.6463414634146342,0.2682926829268293,0.3048780487804878,0.3780487804878049,0.6097560975609756,0.35365853658536583,0.5853658536585366,0.2926829268292683,0.5975609756097561,0.4268292682926829,0.43902439024390244,0.6707317073170732,0.573170731707317,0.5853658536585366,0.4146341463414634,0.4878048780487805,0.6829268292682927,0.47560975609756095,0.6097560975609756,0.5121951219512195
20,0,0,0.15806684630263074,0.3780487804878049,0.9512195121951219,0.4024390243902439,0.4024390243902439,0.5487804878048781,0.32926829268292684,0.5,0.5,0.524390243902439,0.2926829268292683,0.5853658536585366,0.43902439024390244,0.6341463414634146,0.4634146341463415,0.3902439024390244,0.36585365853658536,0.7804878048780488,0.5365853658536586,0.4634146341463415,0.3902439024390244,0.524390243902439,0.4634146341463415,0.36585365853658536,0.4146341463414634,0.36585365853658536,0.4146341463414634,0.3902439024390244,0.8048780487804879,0.8536585365853658,0.524390243902439
20,0,1,0.15937862685565404,0.45121951219512196,0.9390243902439024,0.3902439024390244,0.3780487804878049,0.6585365853658537,0.5365853658536586,0.3048780487804878,0.43902439024390244,0.6097560975609756,0.43902439024390244,0.5,0.5365853658536586,0.4878048780487805,0.2804878048780488,0.3780487804878049,0.7682926829268293,0.7682926829268293,0.4268292682926829,0.32926829268292684,0.32926829268292684,0.45121951219512196,0.36585365853658536,0.5121951219512195,0.524390243902439,0.47560975609756095,0.35365853658536583,0.3780487804878049,0.6585365853658537,0.8170731707317073,0.5121951219512195
20,0,2,0.14545803810275032,0.47560975609756095,0.7560975609756098,0.34146341463414637,0.35365853658536583,0.7317073170731707,0.524390243902439,0.6097560975609756,0.35365853658536583,0.43902439024390244,0.5487804878048781,0.43902439024390244,0.4268292682926829,0.3170731707317073,0.4878048780487805,0.5853658536585366,0.7804878048780488,0.6585365853658537,0.43902439024390244,0.2682926829268293,0.43902439024390244,0.36585365853658536,0.7439024390243902,0.3780487804878049,0.45121951219512196,0.4146341463414634,0.43902439024390244,0.4878048780487805,0.3902439024390244,0.8048780487804879,0.5487804878048781
20,0,3,0.1302843943025049,0.5365853658536586,0.47560975609756095,0.7682926829268293,0.5975609756097561,0.4024390243902439,0.45121951219512196,0.5121951219512195,0.43902439024390244,0.5121951219512195,0.7804878048780488,0.47560975609756095,0.5975609756097561,0.21951219512195122,0.35365853658536583,0.4024390243902439,0.6341463414634146,0.36585365853658536,0.34146341463414637,0.524390243902439,0.5609756097560976,0.6341463414634146,0.6097560975609756,0.2926829268292683,0.4146341463414634,0.5609756097560976,0.4268292682926829,0.6341463414634146,0.3780487804878049,0.45121951219512196,0.6463414634146342
20,0,4,0.12622589434396875,0.4146341463414634,0.4146341463414634,0.6951219512195121,0.7317073170731707,0.4024390243902439,0.5487804878048781,0.524390243902439,0.3048780487804878,0.43902439024390244,0.524390243902439,0.35365853658536583,0.5,0.5121951219512195,0.524390243902439,0.7195121951219512,0.7560975609756098,0.4146341463414634,0.25609756097560976,0.5121951219512195,0.6463414634146342,0.5365853658536586,0.5487804878048781,0.5121951219512195,0.6341463414634146,0.43902439024390244,0.3780487804878049,0.524390243902439,0.3902439024390244,0.3048780487804878,0.5365853658536586
20,0,5,0.13525044520011487,0.43902439024390244,0.4268292682926829,0.4024390243902439,0.5,0.5365853658536586,0.4024390243902439,0.4146341463414634,0.2926829268292683,0.6097560975609756,0.4878048780487805,0.4878048780487805,0.5,0.45121951219512196,0.5487804878048781,0.7439024390243902,0.5975609756097561,0.524390243902439,0.8048780487804879,0.5975609756097561,0.5487804878048781,0.43902439024390244,0.5975609756097561,0.4634146341463415,0.2926829268292683,0.45121951219512196,0.5121951219512195,0.4146341463414634,0.8780487804878049,0.32926829268292684,0.3048780487804878
20,0,6,0.1294828714525725,0.5487804878048781,0.4878048780487805,0.5365853658536586,0.5853658536585366,0.5853658536585366,0.5121951219512195,0.6829268292682927,0.47560975609756095,0.6585365853658537,0.43902439024390244,0.4878048780487805,0.35365853658536583,0.3170731707317073,0.5121951219512195,0.3048780487804878,0.4268292682926829,0.6219512195121951,0.7926829268292683,0.35365853658536583,0.36585365853658536,0.5853658536585366,0.5609756097560976,0.3048780487804878,0.4268292682926829,0.35365853658536583,0.47560975609756095,0.3902439024390244,0.8048780487804879,0.5365853658536586,0.5121951219512195
20,0,7,0.1456964103255701,0.47560975609756095,0.6951219512195121,0.3048780487804878,0.4268292682926829,0.5975609756097561,0.2804878048780488,0.8170731707317073,0.5,0.43902439024390244,0.45121951219512196,0.3048780487804878,0.47560975609756095,0.6707317073170732,0.4878048780487805,0.5365853658536586,0.36585365853658536,0.5121951219512195,0.7195121951219512,0.524390243902439,0.3048780487804878,0.36585365853658536,0.24390243902439024,0.6219512195121951,0.7560975609756098,0.3902439024390244,0.573170731707317,0.4146341463414634,0.573170731707317,0.524390243902439,0.6463414634146342
20,0,8,0.1532256128701105,0.6219512195121951,0.5121951219512195,0.7317073170731707,0.36585365853658536,0.3902439024390244,0.4268292682926829,0.6707317073170732,0.43902439024390244,0.6097560975609756,0.45121951219512196,0.4146341463414634,0.3902439024390244,0.32926829268292684,0.4878048780487805,0.7804878048780488,0.3780487804878049,0.7073170731707317,0.6707317073170732,0.6951219512195121,0.25609756097560976,0.5975609756097561,0.524390243902439,0.43902439024390244,0.7073170731707317,0.36585365853658536,0.34146341463414637,0.3170731707317073,0.524390243902439,0.2073170731707317,0.6463414634146342
20,0,9,0.12720394936980778,0.5365853658536586,0.6707317073170732,0.2073170731707317,0.43902439024390244,0.45121951219512196,0.5121951219512195,0.2926829268292683,0.4024390243902439,0.4878048780487805,0.5,0.4268292682926829,0.6951219512195121,0.7317073170731707,0.5853658536585366,0.5365853658536586,0.4268292682926829,0.3902439024390244,0.6341463414634146,0.45121951219512196,0.35365853658536583,0.524390243902439,0.5365853658536586,0.5,0.6951219512195121,0.524390243902439,0.7317073170731707,0.5,0.524390243902439,0.45121951219512196,0.2804878048780488
21,0,0,0.20028732088229304,0.7317073170731707,0.3780487804878049,0.3780487804878049,0.34146341463414637,0.3170731707317073,0.5365853658536586,0.4268292682926829,0.24390243902439024,0.573170731707317,0.5487804878048781,0.9390243902439024,0.7682926829268293,0.6097560975609756,0.5,0.34146341463414637,0.43902439024390244,0.35365853658536583,0.36585365853658536,0.24390243902439024,0.43902439024390244,0.573170731707317,0.3170731707317073,0.4146341463414634,0.7317073170731707,0.24390243902439024,0.7560975609756098,0.24390243902439024,0.9024390243902439,0.8292682926829268,0.5121951219512195
21,0,1,0.18145751367274016,0.5975609756097561,0.25609756097560976,0.2926829268292683,0.21951219512195122,0.45121951219512196,0.7317073170731707,0.4268292682926829,0.3780487804878049,0.5,0.43902439024390244,0.7804878048780488,0.8780487804878049,0.6341463414634146,0.3780487804878049,0.2682926829268293,0.4146341463414634,0.3780487804878049,0.32926829268292684,0.47560975609756095,0.5121951219512195,0.524390243902439,0.45121951219512196,0.5487804878048781,0.5609756097560976,0.47560975609756095,0.7926829268292683,0.36585365853658536,0.9024390243902439,0.7195121951219512,0.3170731707317073
21,0,2,0.14035873700817855,0.6097560975609756,0.32926829268292684,0.5487804878048781,0.3902439024390244,0.5121951219512195,0.3902439024390244,0.32926829268292684,0.5365853658536586,0.4634146341463415,0.4634146341463415,0.6219512195121951,0.6341463414634146,0.6097560975609756,0.4024390243902439,0.34146341463414637,0.5487804878048781,0.45121951219512196,0.3780487804878049,0.6829268292682927,0.3780487804878049,0.32926829268292684,0.573170731707317,0.5975609756097561,0.7682926829268293,0.24390243902439024,0.573170731707317,0.4634146341463415,0.8902439024390244,0.4634146341463415,0.47560975609756095
21,0,3,0.11016185161596308,0.5853658536585366,0.5121951219512195,0.47560975609756095,0.573170731707317,0.4634146341463415,0.573170731707317,0.36585365853658536,0.6951219512195121,0.4146341463414634,0.3780487804878049,0.5975609756097561,0.4878048780487805,0.5121951219512195,0.4268292682926829,0.4878048780487805,0.4634146341463415,0.6341463414634146,0.5609756097560976,0.5121951219512195,0.5,0.45121951219512196,0.2804878048780488,0.5487804878048781,0.6463414634146342,0.32926829268292684,0.5609756097560976,0.6829268292682927,0.47560975609756095,0.21951219512195122,0.5853658536585366
21,0,4,0.1535488058317541,0.15853658536585366,0.4634146341463415,0.3902439024390244,0.5853658536585366,0.7317073170731707,0.6707317073170732,0.5365853658536586,0.8414634146341463,0.6951219512195121,0.45121951219512196,0.32926829268292684,0.4878048780487805,0.5,0.32926829268292684,0.4878048780487805,0.5365853658536586,0.5365853658536586,0.4878048780487805,0.6585365853658537,0.32926829268292684,0.3780487804878049,0.5609756097560976,0.2926829268292683,0.524390243902439,0.2926829268292683,0.6463414634146342,0.5487804878048781,0.6341463414634146,0.2804878048780488,0.6341463414634146
21,0,5,0.11603537311014187,0.35365853658536583,0.5487804878048781,0.5853658536585366,0.47560975609756095,0.573170731707317,0.7195121951219512,0.43902439024390244,0.6097560975609756,0.7195121951219512,0.45121951219512196,0.5365853658536586,0.6585365853658537,0.2073170731707317,0.4634146341463415,0.5121951219512195,0.4634146341463415,0.5,0.4024390243902439,0.36585365853658536,0.5853658536585366,0.5,0.6341463414634146,0.3170731707317073,0.4634146341463415,0.34146341463414637,0.47560975609756095,0.5121951219512195,0.6341463414634146,0.524390243902439,0.4268292682926829
21,0,6,0.1410282063528812,0.6097560975609756,0.47560975609756095,0.6829268292682927,0.5853658536585366,0.4634146341463415,0.6951219512195121,0.5,0.1951219512195122,0.3048780487804878,0.4024390243902439,0.4878048780487805,0.7682926829268293,0.5121951219512195,0.524390243902439,0.4878048780487805,0.47560975609756095,0.5121951219512195,0.3170731707317073,0.5609756097560976,0.6463414634146342,0.5487804878048781,0.573170731707317,0.5609756097560976,0.21951219512195122,0.4634146341463415,0.6341463414634146,0.18292682926829268,0.6219512195121951,0.5487804878048781,0.43902439024390244
21,0,7,0.1308917840487682,0.5121951219512195,0.7682926829268293,0.5,0.4878048780487805,0.2926829268292683,0.3780487804878049,0.2682926829268293,0.5121951219512195,0.524390243902439,0.524390243902439,0.6097560975609756,0.5853658536585366,0.6341463414634146,0.4146341463414634,0.5365853658536586,0.3780487804878049,0.4024390243902439,0.2926829268292683,0.5,0.43902439024390244,0.573170731707317,0.7439024390243902,0.45121951219512196,0.47560975609756095,0.6585365853658537,0.47560975609756095,0.3048780487804878,0.5853658536585366,0.7560975609756098,0.4146341463414634
21,0,8,0.12626516200531498,0.2804878048780488,0.7073170731707317,0.4024390243902439,0.524390243902439,0.4634146341463415,0.5609756097560976,0.5609756097560976,0.6341463414634146,0.47560975609756095,0.43902439024390244,0.43902439024390244,0.45121951219512196,0.5975609756097561,0.43902439024390244,0.2073170731707317,0.4634146341463415,0.6585365853658537,0.4024390243902439,0.6463414634146342,0.47560975609756095,0.32926829268292684,0.573170731707317,0.524390243902439,0.5853658536585366,0.8170731707317073,0.3780487804878049,0.5121951219512195,0.5975609756097561,0.47560975609756095,0.3780487804878049
21,0,9,0.14879381521009177,0.4878048780487805,0.7804878048780488,0.32926829268292684,0.21951219512195122,0.45121951219512196,0.36585365853658536,0.5975609756097561,0.5121951219512195,0.3048780487804878,0.2682926829268293,0.5853658536585366,0.5975609756097561,0.7682926829268293,0.4878048780487805,0.25609756097560976,0.4878048780487805,0.5853658536585366,0.524390243902439,0.5487804878048781,0.6707317073170732,0.5121951219512195,0.6219512195121951,0.47560975609756095,0.4024390243902439,0.7317073170731707,0.524390243902439,0.6585365853658537,0.573170731707317,0.2926829268292683,0.3780487804878049
22,0,0,0.17318218214748612,0.4634146341463415,0.4268292682926829,0.4024390243902439,0.2682926829268293,0.6097560975609756,0.9878048780487805,0.2926829268292683,0.34146341463414637,0.36585365853658536,0.5609756097560976,0.5,0.3902439024390244,0.5121951219512195,0.7926829268292683,0.4146341463414634,0.3170731707317073,0.4634146341463415,0.3902439024390244,0.4634146341463415,0.7439024390243902,0.35365853658536583,0.5487804878048781,0.4878048780487805,0.47560975609756095,0.6585365853658537,0.6829268292682927,0.524390243902439,0.32926829268292684,0.35365853658536583,0.8780487804878049
22,0,1,0.15838016047787118,0.5121951219512195,0.45121951219512196,0.4878048780487805,0.4146341463414634,0.5853658536585366,0.926829268292683,0.34146341463414637,0.43902439024390244,0.5365853658536586,0.3902439024390244,0.6463414634146342,0.36585365853658536,0.7439024390243902,0.7804878048780488,0.34146341463414637,0.43902439024390244,0.4146341463414634,0.524390243902439,0.25609756097560976,0.7073170731707317,0.524390243902439,0.5975609756097561,0.32926829268292684,0.47560975609756095,0.5975609756097561,0.7073170731707317,0.21951219512195122,0.4146341463414634,0.43902439024390244,0.3902439024390244
22,0,2,0.13954402957051412,0.47560975609756095,0.2073170731707317,0.4634146341463415,0.3902439024390244,0.5487804878048781,0.7073170731707317,0.573170731707317,0.5609756097560976,0.5609756097560976,0.45121951219512196,0.7439024390243902,0.4024390243902439,0.7926829268292683,0.36585365853658536,0.6463414634146342,0.6341463414634146,0.45121951219512196,0.47560975609756095,0.21951219512195122,0.35365853658536583,0.47560975609756095,0.5487804878048781,0.34146341463414637,0.6829268292682927,0.5121951219512195,0.6219512195121951,0.3902439024390244,0.4024390243902439,0.573170731707317,0.4268292682926829
22,0,3,0.13477311079741203,0.43902439024390244,0.34146341463414637,0.4634146341463415,0.6829268292682927,0.4634146341463415,0.4268292682926829,0.6585365853658537,0.6097560975609756,0.524390243902439,0.43902439024390244,0.7439024390243902,0.24390243902439024,0.7073170731707317,0.5609756097560976,0.5,0.4268292682926829,0.3902439024390244,0.3170731707317073,0.7439024390243902,0.6219512195121951,0.4878048780487805,0.5121951219512195,0.47560975609756095,0.4878048780487805,0.2682926829268293,0.36585365853658536,0.5,0.45121951219512196,0.7317073170731707,0.4146341463414634
22,0,4,0.12798101187734884,0.4024390243902439,0.6463414634146342,0.45121951219512196,0.7560975609756098,0.4634146341463415,0.23170731707317074,0.8170731707317073,0.4024390243902439,0.47560975609756095,0.6097560975609756,0.4878048780487805,0.34146341463414637,0.5975609756097561,0.4024390243902439,0.5365853658536586,0.47560975609756095,0.4024390243902439,0.4146341463414634,0.7073170731707317,0.3902439024390244,0.5121951219512195,0.45121951219512196,0.5121951219512195,0.4878048780487805,0.6585365853658537,0.43902439024390244,0.5,0.5365853658536586,0.5853658536585366,0.3048780487804878
22,0,5,0.12778718924321694,0.4634146341463415,0.6219512195121951,0.4146341463414634,0.47560975609756095,0.5121951219512195,0.34146341463414637,0.7439024390243902,0.45121951219512196,0.6585365853658537,0.6463414634146342,0.5365853658536586,0.524390243902439,0.4024390243902439,0.34146341463414637,0.4634146341463415,0.6585365853658537,0.7560975609756098,0.573170731707317,0.7317073170731707,0.36585365853658536,0.35365853658536583,0.6097560975609756,0.4878048780487805,0.4146341463414634,0.47560975609756095,0.4024390243902439,0.5121951219512195,0.2682926829268293,0.3902439024390244,0.4024390243902439
22,0,6,0.1378642220591471,0.6219512195121951,0.5609756097560976,0.573170731707317,0.4146341463414634,0.4146341463414634,0.4146341463414634,0.5487804878048781,0.6341463414634146,0.6341463414634146,0.8414634146341463,0.2926829268292683,0.4024390243902439,0.45121951219512196,0.6951219512195121,0.3170731707317073,0.2682926829268293,0.4268292682926829,0.7682926829268293,0.573170731707317,0.4146341463414634,0.3048780487804878,0.6463414634146342,0.3780487804878049,0.4878048780487805,0.5609756097560976,0.524390243902439,0.5365853658536586,0.3780487804878049,0.43902439024390244,0.47560975609756095
22,0,7,0.16962475060628124,0.4634146341463415,0.34146341463414637,0.5121951219512195,0.23170731707317074,0.43902439024390244,0.43902439024390244,0.6097560975609756,0.7073170731707317,0.5975609756097561,0.8658536585365854,0.45121951219512196,0.3780487804878049,0.3780487804878049,0.5487804878048781,0.5487804878048781,0.5975609756097561,0.6097560975609756,0.45121951219512196,0.25609756097560976,0.3170731707317073,0.5121951219512195,0.9512195121951219,0.43902439024390244,0.2682926829268293,0.6463414634146342,0.6951219512195121,0.4268292682926829,0.2682926829268293,0.4146341463414634,0.6341463414634146
22,0,8,0.14528753278321163,0.3170731707317073,0.4878048780487805,0.7682926829268293,0.45121951219512196,0.5853658536585366,0.4268292682926829,0.32926829268292684,0.4634146341463415,0.5365853658536586,0.7804878048780488,0.3170731707317073,0.4268292682926829,0.45121951219512196,0.524390243902439,0.47560975609756095,0.6097560975609756,0.4878048780487805,0.5,0.5609756097560976,0.43902439024390244,0.3048780487804878,0.8536585365853658,0.34146341463414637,0.24390243902439024,0.573170731707317,0.7073170731707317,0.3902439024390244,0.5121951219512195,0.6585365853658537,0.47560975609756095
22,0,9,0.12182920725602124,0.5975609756097561,0.4146341463414634,0.5609756097560976,0.4878048780487805,0.5,0.36585365853658536,0.5,0.4146341463414634,0.4268292682926829,0.4024390243902439,0.24390243902439024,0.43902439024390244,0.5487804878048781,0.5121951219512195,0.6463414634146342,0.7926829268292683,0.5365853658536586,0.4146341463414634,0.4634146341463415,0.47560975609756095,0.2804878048780488,0.5975609756097561,0.5,0.5487804878048781,0.2804878048780488,0.524390243902439,0.6097560975609756,0.6341463414634146,0.7317073170731707,0.5487804878048781
23,0,0,0.1873979330894413,0.34146341463414637,0.32926829268292684,0.34146341463414637,0.4024390243902439,1.0,0.5609756097560976,0.5365853658536586,0.4146341463414634,0.7926829268292683,0.3902439024390244,0.4024390243902439,0.32926829268292684,0.7682926829268293,0.4634146341463415,0.7073170731707317,0.3048780487804878,0.5365853658536586,0.3048780487804878,0.4268292682926829,0.3780487804878049,0.6341463414634146,0.2804878048780488,0.45121951219512196,0.7439024390243902,0.8170731707317073,0.35365853658536583,0.7073170731707317,0.4268292682926829,0.2804878048780488,0.573170731707317
23,0,1,0.1755419923458203,0.4024390243902439,0.47560975609756095,0.3902439024390244,0.524390243902439,0.975609756097561,0.5487804878048781,0.36585365853658536,0.4024390243902439,0.8536585365853658,0.5975609756097561,0.36585365853658536,0.5,0.45121951219512196,0.4146341463414634,0.2804878048780488,0.4024390243902439,0.7682926829268293,0.4878048780487805,0.43902439024390244,0.2073170731707317,0.7560975609756098,0.3170731707317073,0.32926829268292684,0.5609756097560976,0.6951219512195121,0.4024390243902439,0.7439024390243902,0.45121951219512196,0.5365853658536586,0.35365853658536583
23,0,2,0.1488604343382159,0.4268292682926829,0.24390243902439024,0.524390243902439,0.573170731707317,0.9878048780487805,0.6341463414634146,0.3048780487804878,0.34146341463414637,0.36585365853658536,0.5609756097560976,0.5,0.47560975609756095,0.5,0.4268292682926829,0.3780487804878049,0.524390243902439,0.6341463414634146,0.4268292682926829,0.3780487804878049,0.4878048780487805,0.7073170731707317,0.5121951219512195,0.3902439024390244,0.7439024390243902,0.36585365853658536,0.36585365853658536,0.6707317073170732,0.5609756097560976,0.5365853658536586,0.45121951219512196
23,0,3,0.11274168742080536,0.2682926829268293,0.36585365853658536,0.6463414634146342,0.4878048780487805,0.6951219512195121,0.5,0.6097560975609756,0.5365853658536586,0.6707317073170732,0.6463414634146342,0.4634146341463415,0.524390243902439,0.45121951219512196,0.43902439024390244,0.5365853658536586,0.5975609756097561,0.4634146341463415,0.45121951219512196,0.5609756097560976,0.47560975609756095,0.36585365853658536,0.34146341463414637,0.3170731707317073,0.5365853658536586,0.4024390243902439,0.6707317073170732,0.3902439024390244,0.5,0.4268292682926829,0.6585365853658537
23,0,4,0.12456547517109401,0.4268292682926829,0.47560975609756095,0.3170731707317073,0.3902439024390244,0.6219512195121951,0.47560975609756095,0.5853658536585366,0.5,0.5,0.45121951219512196,0.45121951219512196,0.7926829268292683,0.4146341463414634,0.6585365853658537,0.6829268292682927,0.6219512195121951,0.2073170731707317,0.5121951219512195,0.6585365853658537,0.4634146341463415,0.4024390243902439,0.6097560975609756,0.4024390243902439,0.3902439024390244,0.43902439024390244,0.6707317073170732,0.5,0.34146341463414637,0.573170731707317,0.4634146341463415
23,0,5,0.13961506242294874,0.3902439024390244,0.6707317073170732,0.3048780487804878,0.5487804878048781,0.34146341463414637,0.4024390243902439,0.5365853658536586,0.5121951219512195,0.6219512195121951,0.3170731707317073,0.5853658536585366,0.8414634146341463,0.5487804878048781,0.47560975609756095,0.7682926829268293,0.5975609756097561,0.5121951219512195,0.5609756097560976,0.6341463414634146,0.4268292682926829,0.573170731707317,0.5121951219512195,0.524390243902439,0.3780487804878049,0.3780487804878049,0.24390243902439024,0.4024390243902439,0.3170731707317073,0.6707317073170732,0.4024390243902439
23,0,6,0.13557992302133948,0.5121951219512195,0.6829268292682927,0.3170731707317073,0.6341463414634146,0.5365853658536586,0.573170731707317,0.5853658536585366,0.4878048780487805,0.4878048780487805,0.47560975609756095,0.3048780487804878,0.34146341463414637,0.5121951219512195,0.47560975609756095,0.5853658536585366,0.36585365853658536,0.6219512195121951,0.21951219512195122,0.5975609756097561,0.5975609756097561,0.573170731707317,0.5365853658536586,0.4878048780487805,0.2804878048780488,0.5487804878048781,0.7682926829268293,0.3902439024390244,0.6463414634146342,0.6219512195121951,0.23170731707317074
23,0,7,0.143881767841489,0.4878048780487805,0.5,0.3902439024390244,0.573170731707317,0.5975609756097561,0.6097560975609756,0.4024390243902439,0.47560975609756095,0.35365853658536583,0.5853658536585366,0.573170731707317,0.3902439024390244,0.47560975609756095,0.7682926829268293,0.6463414634146342,0.4268292682926829,0.5609756097560976,0.2926829268292683,0.36585365853658536,0.573170731707317,0.7926829268292683,0.45121951219512196,0.43902439024390244,0.6219512195121951,0.25609756097560976,0.7804878048780488,0.43902439024390244,0.573170731707317,0.4024390243902439,0.1951219512195122
23,0,8,0.12547747395590553,0.6707317073170732,0.6219512195121951,0.524390243902439,0.5609756097560976,0.35365853658536583,0.35365853658536583,0.5121951219512195,0.5487804878048781,0.43902439024390244,0.5121951219512195,0.4268292682926829,0.524390243902439,0.3902439024390244,0.7804878048780488,0.3902439024390244,0.5121951219512195,0.4268292682926829,0.25609756097560976,0.4634146341463415,0.5609756097560976,0.5853658536585366,0.6463414634146342,0.2926829268292683,0.7926829268292683,0.36585365853658536,0.6219512195121951,0.43902439024390244,0.4634146341463415,0.4878048780487805,0.47560975609756095
23,0,9,0.12975059588556473,0.7439024390243902,0.2682926829268293,0.6219512195121951,0.3780487804878049,0.6219512195121951,0.4878048780487805,0.4268292682926829,0.5487804878048781,0.5487804878048781,0.5975609756097561,0.5487804878048781,0.6585365853658537,0.5365853658536586,0.43902439024390244,0.2926829268292683,0.32926829268292684,0.4634146341463415,0.3780487804878049,0.3048780487804878,0.36585365853658536,0.5365853658536586,0.573170731707317,0.6219512195121951,0.6951219512195121,0.2926829268292683,0.6951219512195121,0.5487804878048781,0.5609756097560976,0.45121951219512196,0.4634146341463415
24,0,0,0.1688338183519934,0.45121951219512196,0.36585365853658536,0.5121951219512195,0.7804878048780488,0.36585365853658536,0.36585365853658536,0.35365853658536583,0.35365853658536583,0.9878048780487805,0.4024390243902439,0.32926829268292684,0.9146341463414634,0.35365853658536583,0.43902439024390244,0.5,0.3780487804878049,0.4024390243902439,0.3902439024390244,0.5121951219512195,0.6951219512195121,0.5609756097560976,0.7195121951219512,0.5487804878048781,0.5853658536585366,0.5609756097560976,0.3048780487804878,0.43902439024390244,0.45121951219512196,0.3902439024390244,0.5853658536585366
24,0,1,0.1630988333095256,0.2804878048780488,0.4146341463414634,0.5609756097560976,0.8048780487804879,0.6585365853658537,0.3170731707317073,0.4878048780487805,0.5487804878048781,0.9146341463414634,0.2926829268292683,0.32926829268292684,0.8292682926829268,0.4024390243902439,0.4268292682926829,0.32926829268292684,0.5853658536585366,0.4146341463414634,0.5487804878048781,0.5609756097560976,0.6707317073170732,0.4878048780487805,0.6219512195121951,0.5487804878048781,0.45121951219512196,0.6219512195121951,0.4024390243902439,0.3048780487804878,0.3048780487804878,0.36585365853658536,0.5121951219512195
24,0,2,0.15179538917404345,0.4634146341463415,0.5487804878048781,0.5365853658536586,0.35365853658536583,0.5853658536585366,0.32926829268292684,0.5365853658536586,0.5365853658536586,0.9024390243902439,0.5365853658536586,0.3902439024390244,0.7439024390243902,0.3902439024390244,0.2926829268292683,0.3780487804878049,0.573170731707317,0.3170731707317073,0.5365853658536586,0.573170731707317,0.7926829268292683,0.5609756097560976,0.6219512195121951,0.35365853658536583,0.36585365853658536,0.6585365853658537,0.5487804878048781,0.524390243902439,0.3048780487804878,0.5,0.24390243902439024
24,0,3,0.13351662990813754,0.6951219512195121,0.6341463414634146,0.4024390243902439,0.21951219512195122,0.5975609756097561,0.4634146341463415,0.5975609756097561,0.34146341463414637,0.8780487804878049,0.32926829268292684,0.47560975609756095,0.4878048780487805,0.5,0.4024390243902439,0.4878048780487805,0.3170731707317073,0.43902439024390244,0.5853658536585366,0.524390243902439,0.5487804878048781,0.35365853658536583,0.5853658536585366,0.43902439024390244,0.4268292682926829,0.5,0.7073170731707317,0.573170731707317,0.4146341463414634,0.6341463414634146,0.43902439024390244
24,0,4,0.1755137497276107,0.8536585365853658,0.2682926829268293,0.5,0.18292682926829268,0.5487804878048781,0.4146341463414634,0.5,0.34146341463414637,0.8902439024390244,0.5609756097560976,0.7073170731707317,0.5853658536585366,0.3780487804878049,0.3170731707317073,0.5609756097560976,0.43902439024390244,0.5975609756097561,0.6829268292682927,0.6097560975609756,0.3780487804878049,0.45121951219512196,0.6097560975609756,0.3170731707317073,0.7439024390243902,0.21951219512195122,0.6219512195121951,0.32926829268292684,0.6341463414634146,0.36585365853658536,0.3902439024390244
24,0,5,0.13473632272226307,0.8292682926829268,0.8170731707317073,0.5,0.43902439024390244,0.4268292682926829,0.35365853658536583,0.5609756097560976,0.35365853658536583,0.32926829268292684,0.4634146341463415,0.5487804878048781,0.3170731707317073,0.5609756097560976,0.36585365853658536,0.4878048780487805,0.524390243902439,0.4634146341463415,0.5975609756097561,0.3902439024390244,0.5853658536585366,0.47560975609756095,0.35365853658536583,0.5121951219512195,0.6097560975609756,0.5121951219512195,0.3170731707317073,0.4878048780487805,0.8048780487804879,0.5121951219512195,0.5
24,0,6,0.14267076593301636,0.2926829268292683,0.6707317073170732,0.47560975609756095,0.47560975609756095,0.6097560975609756,0.35365853658536583,0.524390243902439,0.5853658536585366,0.6463414634146342,0.3902439024390244,0.8292682926829268,0.36585365853658536,0.3780487804878049,0.4024390243902439,0.6585365853658537,0.6951219512195121,0.6585365853658537,0.35365853658536583,0.36585365853658536,0.4634146341463415,0.43902439024390244,0.5365853658536586,0.3902439024390244,0.5487804878048781,0.5,0.4878048780487805,0.15853658536585366,0.6707317073170732,0.45121951219512196,0.6219512195121951
24,0,7,0.14630758415421613,0.3902439024390244,0.6707317073170732,0.4634146341463415,0.6951219512195121,0.34146341463414637,0.5487804878048781,0.5975609756097561,0.7560975609756098,0.6097560975609756,0.4634146341463415,0.6097560975609756,0.45121951219512196,0.4024390243902439,0.4878048780487805,0.1951219512195122,0.6219512195121951,0.5853658536585366,0.45121951219512196,0.5975609756097561,0.0975609756097561,0.4634146341463415,0.6341463414634146,0.6097560975609756,0.6097560975609756,0.45121951219512196,0.36585365853658536,0.32926829268292684,0.5487804878048781,0.6097560975609756,0.34146341463414637
24,0,8,0.13510375270011774,0.4268292682926829,0.6829268292682927,0.4878048780487805,0.2804878048780488,0.35365853658536583,0.6585365853658537,0.3170731707317073,0.7195121951219512,0.47560975609756095,0.4878048780487805,0.3170731707317073,0.32926829268292684,0.5365853658536586,0.5609756097560976,0.5487804878048781,0.573170731707317,0.6463414634146342,0.4024390243902439,0.6219512195121951,0.24390243902439024,0.4268292682926829,0.5121951219512195,0.6707317073170732,0.6219512195121951,0.4146341463414634,0.4634146341463415,0.7195121951219512,0.5975609756097561,0.5609756097560976,0.34146341463414637
24,0,9,0.12720394936980778,0.4634146341463415,0.23170731707317074,0.35365853658536583,0.6341463414634146,0.45121951219512196,0.4878048780487805,0.5,0.5121951219512195,0.5121951219512195,0.5487804878048781,0.5,0.5365853658536586,0.5609756097560976,0.5121951219512195,0.36585365853658536,0.6097560975609756,0.6707317073170732,0.32926829268292684,0.573170731707317,0.5121951219512195,0.2804878048780488,0.6829268292682927,0.5609756097560976,0.43902439024390244,0.5487804878048781,0.6219512195121951,0.8414634146341463,0.34146341463414637,0.36585365853658536,0.45121951219512196
25,0,0,0.19168724940996293,0.4268292682926829,0.3902439024390244,0.8902439024390244,0.6585365853658537,0.4146341463414634,0.7804878048780488,0.2682926829268293,0.32926829268292684,0.4024390243902439,0.524390243902439,0.34146341463414637,0.8292682926829268,0.7560975609756098,0.3170731707317073,0.3902439024390244,0.6097560975609756,0.975609756097561,0.7682926829268293,0.43902439024390244,0.2682926829268293,0.4146341463414634,0.4146341463414634,0.47560975609756095,0.3780487804878049,0.3780487804878049,0.32926829268292684,0.3902439024390244,0.34146341463414637,0.5365853658536586,0.5609756097560976
25,0,1,0.17576776992124984,0.34146341463414637,0.36585365853658536,0.5853658536585366,0.7317073170731707,0.32926829268292684,0.8048780487804879,0.32926829268292684,0.45121951219512196,0.3780487804878049,0.35365853658536583,0.6463414634146342,0.8780487804878049,0.6219512195121951,0.34146341463414637,0.32926829268292684,0.6463414634146342,0.9390243902439024,0.6585365853658537,0.3902439024390244,0.5365853658536586,0.5609756097560976,0.4268292682926829,0.5365853658536586,0.3170731707317073,0.4268292682926829,0.3902439024390244,0.524390243902439,0.3048780487804878,0.5609756097560976,0.2926829268292683
25,0,2,0.1768082409701408,0.35365853658536583,0.6707317073170732,0.4268292682926829,0.6341463414634146,0.573170731707317,0.6463414634146342,0.6219512195121951,0.5365853658536586,0.3048780487804878,0.34146341463414637,0.6463414634146342,0.975609756097561,0.3780487804878049,0.47560975609756095,0.4878048780487805,0.8536585365853658,0.8414634146341463,0.45121951219512196,0.2926829268292683,0.32926829268292684,0.3048780487804878,0.4024390243902439,0.4878048780487805,0.36585365853658536,0.3170731707317073,0.25609756097560976,0.45121951219512196,0.5,0.6219512195121951,0.45121951219512196
25,0,3,0.13714316992872938,0.6341463414634146,0.5975609756097561,0.2804878048780488,0.4878048780487805,0.7560975609756098,0.7073170731707317,0.6585365853658537,0.4024390243902439,0.524390243902439,0.32926829268292684,0.6585365853658537,0.4146341463414634,0.5487804878048781,0.36585365853658536,0.4878048780487805,0.5365853658536586,0.3170731707317073,0.5487804878048781,0.6707317073170732,0.43902439024390244,0.4634146341463415,0.2073170731707317,0.5853658536585366,0.32926829268292684,0.5,0.524390243902439,0.5,0.4268292682926829,0.3780487804878049,0.7195121951219512
25,0,4,0.11624879130243981,0.4634146341463415,0.6219512195121951,0.34146341463414637,0.5121951219512195,0.7560975609756098,0.5975609756097561,0.6951219512195121,0.5,0.3170731707317073,0.5121951219512195,0.45121951219512196,0.4024390243902439,0.524390243902439,0.524390243902439,0.5609756097560976,0.43902439024390244,0.45121951219512196,0.36585365853658536,0.5609756097560976,0.4634146341463415,0.3170731707317073,0.5609756097560976,0.45121951219512196,0.4024390243902439,0.5853658536585366,0.45121951219512196,0.43902439024390244,0.7560975609756098,0.34146341463414637,0.6341463414634146
25,0,5,0.12817454141762508,0.524390243902439,0.35365853658536583,0.5609756097560976,0.5365853658536586,0.7926829268292683,0.3902439024390244,0.5487804878048781,0.34146341463414637,0.4634146341463415,0.5975609756097561,0.5121951219512195,0.6219512195121951,0.4634146341463415,0.35365853658536583,0.36585365853658536,0.2926829268292683,0.4268292682926829,0.6951219512195121,0.3780487804878049,0.4146341463414634,0.32926829268292684,0.6097560975609756,0.3902439024390244,0.4878048780487805,0.524390243902439,0.6341463414634146,0.6585365853658537,0.4146341463414634,0.5853658536585366,0.7317073170731707
25,0,6,0.12500247865874842,0.6585365853658537,0.43902439024390244,0.5,0.23170731707317074,0.6097560975609756,0.6219512195121951,0.4878048780487805,0.4268292682926829,0.32926829268292684,0.4146341463414634,0.5,0.524390243902439,0.8292682926829268,0.45121951219512196,0.4878048780487805,0.3780487804878049,0.5853658536585366,0.3780487804878049,0.34146341463414637,0.7195121951219512,0.3780487804878049,0.5609756097560976,0.45121951219512196,0.5975609756097561,0.524390243902439,0.43902439024390244,0.5487804878048781,0.6463414634146342,0.5609756097560976,0.3780487804878049
25,0,7,0.1118588101877411,0.7317073170731707,0.4878048780487805,0.6341463414634146,0.3780487804878049,0.43902439024390244,0.5975609756097561,0.4634146341463415,0.524390243902439,0.4024390243902439,0.4878048780487805,0.32926829268292684,0.4146341463414634,0.6829268292682927,0.5121951219512195,0.5365853658536586,0.6341463414634146,0.6219512195121951,0.4024390243902439,0.4268292682926829,0.524390243902439,0.4146341463414634,0.3170731707317073,0.34146341463414637,0.6463414634146342,0.4634146341463415,0.36585365853658536,0.47560975609756095,0.6463414634146342,0.6219512195121951,0.47560975609756095
25,0,8,0.1318352284626959,0.6097560975609756,0.45121951219512196,0.45121951219512196,0.3048780487804878,0.32926829268292684,0.3170731707317073,0.3170731707317073,0.6707317073170732,0.6707317073170732,0.4878048780487805,0.5121951219512195,0.15853658536585366,0.45121951219512196,0.3780487804878049,0.5853658536585366,0.6341463414634146,0.5487804878048781,0.524390243902439,0.5121951219512195,0.34146341463414637,0.6829268292682927,0.5365853658536586,0.4268292682926829,0.573170731707317,0.5,0.6341463414634146,0.6829268292682927,0.47560975609756095,0.6097560975609756,0.6219512195121951
25,0,9,0.11932123452980378,0.4634146341463415,0.4268292682926829,0.47560975609756095,0.45121951219512196,0.43902439024390244,0.2926829268292683,0.5365853658536586,0.6585365853658537,0.6951219512195121,0.36585365853658536,0.5975609756097561,0.6463414634146342,0.7439024390243902,0.4878048780487805,0.3902439024390244,0.5365853658536586,0.2804878048780488,0.5365853658536586,0.4268292682926829,0.4878048780487805,0.6707317073170732,0.43902439024390244,0.3780487804878049,0.3780487804878049,0.5853658536585366,0.4878048780487805,0.5365853658536586,0.7195121951219512,0.4146341463414634,0.45121951219512196
26,0,0,0.1674184906789496,0.3780487804878049,0.34146341463414637,0.43902439024390244,0.4878048780487805,0.3048780487804878,0.36585365853658536,0.6829268292682927,0.4878048780487805,0.45121951219512196,0.5,0.8292682926829268,0.47560975609756095,0.45121951219512196,0.2682926829268293,0.524390243902439,0.3780487804878049,0.7804878048780488,0.7195121951219512,0.4146341463414634,0.4024390243902439,0.9390243902439024,0.2682926829268293,0.5975609756097561,0.6463414634146342,0.34146341463414637,0.5,0.5121951219512195,0.4024390243902439,0.3780487804878049,0.7317073170731707
26,0,1,0.16218442412302786,0.3902439024390244,0.4878048780487805,0.45121951219512196,0.45121951219512196,0.4146341463414634,0.5853658536585366,0.6219512195121951,0.4024390243902439,0.2804878048780488,0.524390243902439,0.8902439024390244,0.5365853658536586,0.32926829268292684,0.3902439024390244,0.43902439024390244,0.4634146341463415,0.8414634146341463,0.36585365853658536,0.5121951219512195,0.32926829268292684,0.8902439024390244,0.524390243902439,0.6219512195121951,0.5121951219512195,0.4878048780487805,0.32926829268292684,0.4268292682926829,0.36585365853658536,0.35365853658536583,0.7804878048780488
26,0,2,0.1298651659704794,0.34146341463414637,0.43902439024390244,0.3048780487804878,0.3780487804878049,0.524390243902439,0.5,0.6951219512195121,0.5487804878048781,0.4146341463414634,0.47560975609756095,0.7926829268292683,0.4634146341463415,0.4634146341463415,0.5,0.3048780487804878,0.4634146341463415,0.4634146341463415,0.47560975609756095,0.4634146341463415,0.5121951219512195,0.7804878048780488,0.7439024390243902,0.35365853658536583,0.47560975609756095,0.5121951219512195,0.3902439024390244,0.4634146341463415,0.5487804878048781,0.45121951219512196,0.7560975609756098
26,0,3,0.14583244808660242,0.2682926829268293,0.36585365853658536,0.3048780487804878,0.45121951219512196,0.4634146341463415,0.6097560975609756,0.8536585365853658,0.4634146341463415,0.43902439024390244,0.573170731707317,0.5975609756097561,0.6097560975609756,0.5,0.4024390243902439,0.2926829268292683,0.6585365853658537,0.2682926829268293,0.5365853658536586,0.5853658536585366,0.5609756097560976,0.6341463414634146,0.7804878048780488,0.4024390243902439,0.4024390243902439,0.573170731707317,0.34146341463414637,0.3048780487804878,0.6097560975609756,0.524390243902439,0.6219512195121951
26,0,4,0.13957955051536095,0.5609756097560976,0.4024390243902439,0.9146341463414634,0.47560975609756095,0.4878048780487805,0.6463414634146342,0.5121951219512195,0.4146341463414634,0.2804878048780488,0.3902439024390244,0.6097560975609756,0.36585365853658536,0.7317073170731707,0.4268292682926829,0.3780487804878049,0.5,0.3902439024390244,0.36585365853658536,0.5487804878048781,0.7073170731707317,0.6341463414634146,0.6341463414634146,0.4268292682926829,0.5975609756097561,0.5487804878048781,0.4024390243902439,0.25609756097560976,0.47560975609756095,0.5,0.4146341463414634
26,0,5,0.14789151985778537,0.47560975609756095,0.47560975609756095,0.9024390243902439,0.7439024390243902,0.2926829268292683,0.5975609756097561,0.21951219512195122,0.6585365853658537,0.3902439024390244,0.4146341463414634,0.5975609756097561,0.5,0.3902439024390244,0.524390243902439,0.4634146341463415,0.5121951219512195,0.4878048780487805,0.6463414634146342,0.43902439024390244,0.4146341463414634,0.3048780487804878,0.32926829268292684,0.6951219512195121,0.7317073170731707,0.3048780487804878,0.5121951219512195,0.4634146341463415,0.47560975609756095,0.5487804878048781,0.4878048780487805
26,0,6,0.14042935776082713,0.4024390243902439,0.4634146341463415,0.6341463414634146,0.6951219512195121,0.4268292682926829,0.4634146341463415,0.2682926829268293,0.5121951219512195,0.5365853658536586,0.3902439024390244,0.5853658536585366,0.3780487804878049,0.5,0.5609756097560976,0.6951219512195121,0.3780487804878049,0.35365853658536583,0.6951219512195121,0.43902439024390244,0.5975609756097561,0.2682926829268293,0.7317073170731707,0.3902439024390244,0.6585365853658537,0.3048780487804878,0.7195121951219512,0.7073170731707317,0.36585365853658536,0.43902439024390244,0.43902439024390244
26,0,7,0.1195287859730233,0.47560975609756095,0.7560975609756098,0.32926829268292684,0.47560975609756095,0.34146341463414637,0.43902439024390244,0.4268292682926829,0.5,0.6097560975609756,0.4634146341463415,0.6341463414634146,0.4634146341463415,0.524390243902439,0.34146341463414637,0.34146341463414637,0.4146341463414634,0.5853658536585366,0.6951219512195121,0.4268292682926829,0.524390243902439,0.5365853658536586,0.4878048780487805,0.6829268292682927,0.6219512195121951,0.4878048780487805,0.43902439024390244,0.7317073170731707,0.4268292682926829,0.2926829268292683,0.524390243902439
26,0,8,0.15048339058764035,0.3170731707317073,0.6951219512195121,0.47560975609756095,0.2804878048780488,0.524390243902439,0.3902439024390244,0.6341463414634146,0.43902439024390244,0.5853658536585366,0.4878048780487805,0.8048780487804879,0.4146341463414634,0.5,0.25609756097560976,0.36585365853658536,0.7804878048780488,0.36585365853658536,0.6219512195121951,0.6585365853658537,0.4024390243902439,0.47560975609756095,0.5121951219512195,0.47560975609756095,0.7560975609756098,0.6707317073170732,0.4268292682926829,0.43902439024390244,0.6219512195121951,0.34146341463414637,0.2804878048780488
26,0,9,0.11603537311014188,0.5365853658536586,0.5853658536585366,0.45121951219512196,0.524390243902439,0.5121951219512195,0.4024390243902439,0.4878048780487805,0.4878048780487805,0.2926829268292683,0.4268292682926829,0.6829268292682927,0.4268292682926829,0.4634146341463415,0.43902439024390244,0.7073170731707317,0.5487804878048781,0.4878048780487805,0.5,0.6829268292682927,0.4024390243902439,0.3048780487804878,0.36585365853658536,0.5,0.43902439024390244,0.7073170731707317,0.3048780487804878,0.45121951219512196,0.5487804878048781,0.6951219512195121,0.6341463414634146
27,0,0,0.18049879114003528,0.524390243902439,0.7439024390243902,0.6097560975609756,0.8658536585365854,0.5,0.573170731707317,0.524390243902439,0.3902439024390244,0.5,0.2926829268292683,0.4024390243902439,0.3170731707317073,0.5853658536585366,1.0,0.3048780487804878,0.34146341463414637,0.34146341463414637,0.34146341463414637,0.6951219512195121,0.3902439024390244,0.8170731707317073,0.5,0.3170731707317073,0.4268292682926829,0.32926829268292684,0.5,0.5487804878048781,0.6463414634146342,0.32926829268292684,0.34146341463414637
27,0,1,0.16055624112302033,0.5975609756097561,0.6707317073170732,0.4878048780487805,0.9146341463414634,0.5121951219512195,0.5853658536585366,0.43902439024390244,0.3048780487804878,0.43902439024390244,0.3902439024390244,0.34146341463414637,0.43902439024390244,0.4878048780487805,0.975609756097561,0.524390243902439,0.3902439024390244,0.4146341463414634,0.4146341463414634,0.47560975609756095,0.4268292682926829,0.7926829268292683,0.25609756097560976,0.573170731707317,0.4024390243902439,0.4268292682926829,0.36585365853658536,0.5975609756097561,0.4634146341463415,0.5121951219512195,0.3780487804878049
27,0,2,0.14078193014039525,0.7926829268292683,0.7195121951219512,0.5853658536585366,0.6585365853658537,0.4634146341463415,0.6463414634146342,0.32926829268292684,0.5365853658536586,0.2926829268292683,0.5121951219512195,0.5121951219512195,0.3902439024390244,0.4268292682926829,0.9024390243902439,0.573170731707317,0.43902439024390244,0.6463414634146342,0.35365853658536583,0.4878048780487805,0.4634146341463415,0.4878048780487805,0.5487804878048781,0.4024390243902439,0.35365853658536583,0.4024390243902439,0.524390243902439,0.32926829268292684,0.4146341463414634,0.4024390243902439,0.4024390243902439
27,0,3,0.12832915491342245,0.6829268292682927,0.3902439024390244,0.5365853658536586,0.45121951219512196,0.34146341463414637,0.5487804878048781,0.4146341463414634,0.47560975609756095,0.3170731707317073,0.6097560975609756,0.5121951219512195,0.6707317073170732,0.4878048780487805,0.6585365853658537,0.4878048780487805,0.3048780487804878,0.7682926829268293,0.5,0.3170731707317073,0.3902439024390244,0.4634146341463415,0.3780487804878049,0.5365853658536586,0.8414634146341463,0.5,0.43902439024390244,0.3902439024390244,0.5365853658536586,0.5,0.5487804878048781
27,0,4,0.1660806672162723,0.5121951219512195,0.35365853658536583,0.5365853658536586,0.43902439024390244,0.34146341463414637,0.36585365853658536,0.573170731707317,0.4268292682926829,0.9146341463414634,0.4268292682926829,0.35365853658536583,0.35365853658536583,0.5609756097560976,0.6829268292682927,0.32926829268292684,0.6097560975609756,0.6951219512195121,0.4878048780487805,0.8658536585365854,0.4024390243902439,0.4634146341463415,0.6219512195121951,0.3902439024390244,0.8536585365853658,0.5365853658536586,0.47560975609756095,0.2682926829268293,0.2926829268292683,0.4878048780487805,0.3780487804878049
27,0,5,0.14879381521009177,0.4146341463414634,0.6585365853658537,0.36585365853658536,0.2926829268292683,0.5365853658536586,0.4268292682926829,0.5487804878048781,0.45121951219512196,0.7195121951219512,0.2926829268292683,0.3902439024390244,0.43902439024390244,0.36585365853658536,0.4878048780487805,0.6463414634146342,0.6341463414634146,0.32926829268292684,0.4146341463414634,0.9634146341463414,0.35365853658536583,0.4878048780487805,0.5609756097560976,0.5121951219512195,0.8048780487804879,0.524390243902439,0.524390243902439,0.3780487804878049,0.4878048780487805,0.4268292682926829,0.5609756097560976
27,0,6,0.16376615510962347,0.6097560975609756,0.5121951219512195,0.4024390243902439,0.4268292682926829,0.5365853658536586,0.34146341463414637,0.573170731707317,0.4634146341463415,0.6707317073170732,0.3902439024390244,0.2804878048780488,0.4146341463414634,0.5365853658536586,0.524390243902439,0.7195121951219512,0.5365853658536586,0.3170731707317073,0.6219512195121951,0.975609756097561,0.7804878048780488,0.6341463414634146,0.5121951219512195,0.4268292682926829,0.25609756097560976,0.4634146341463415,0.2682926829268293,0.6341463414634146,0.2073170731707317,0.4634146341463415,0.5
27,0,7,0.17105080517095836,0.6951219512195121,0.24390243902439024,0.34146341463414637,0.5365853658536586,0.47560975609756095,0.5,0.43902439024390244,0.4878048780487805,0.7682926829268293,0.573170731707317,0.3048780487804878,0.1951219512195122,0.7073170731707317,0.5121951219512195,0.7073170731707317,0.6829268292682927,0.6707317073170732,0.6829268292682927,0.9146341463414634,0.5487804878048781,0.5121951219512195,0.4146341463414634,0.3902439024390244,0.4024390243902439,0.36585365853658536,0.2804878048780488,0.43902439024390244,0.2926829268292683,0.5853658536585366,0.32926829268292684
27,0,8,0.1640383679479661,0.6097560975609756,0.21951219512195122,0.7195121951219512,0.3170731707317073,0.5487804878048781,0.45121951219512196,0.25609756097560976,0.6707317073170732,0.5609756097560976,0.5365853658536586,0.25609756097560976,0.7073170731707317,0.36585365853658536,0.4024390243902439,0.5121951219512195,0.47560975609756095,0.4634146341463415,0.5,0.6585365853658537,0.4634146341463415,0.35365853658536583,0.36585365853658536,0.3780487804878049,0.8292682926829268,0.34146341463414637,0.4878048780487805,0.573170731707317,0.5487804878048781,0.926829268292683,0.5
27,0,9,0.1254774739559055,0.5609756097560976,0.4878048780487805,0.4878048780487805,0.3902439024390244,0.5,0.524390243902439,0.32926829268292684,0.6097560975609756,0.43902439024390244,0.5121951219512195,0.3170731707317073,0.7560975609756098,0.4634146341463415,0.5975609756097561,0.5487804878048781,0.4268292682926829,0.7317073170731707,0.5487804878048781,0.36585365853658536,0.35365853658536583,0.5121951219512195,0.4146341463414634,0.573170731707317,0.6219512195121951,0.3048780487804878,0.4634146341463415,0.24390243902439024,0.6463414634146342,0.573170731707317,0.6951219512195121
28,0,0,0.17157168516080765,0.34146341463414637,0.36585365853658536,0.4024390243902439,0.4634146341463415,0.43902439024390244,0.2682926829268293,0.8048780487804879,0.6219512195121951,0.3780487804878049,0.8780487804878049,0.4634146341463415,0.43902439024390244,0.43902439024390244,0.43902439024390244,0.6707317073170732,0.5121951219512195,0.7682926829268293,0.4146341463414634,0.3780487804878049,0.5,0.3902439024390244,0.5121951219512195,0.2926829268292683,0.7926829268292683,0.4268292682926829,0.3780487804878049,0.4268292682926829,0.43902439024390244,0.4146341463414634,0.9390243902439024
28,0,1,0.1616946248191924,0.36585365853658536,0.3902439024390244,0.4146341463414634,0.4634146341463415,0.45121951219512196,0.4024390243902439,0.7560975609756098,0.6707317073170732,0.3902439024390244,0.7804878048780488,0.24390243902439024,0.4878048780487805,0.32926829268292684,0.4146341463414634,0.7073170731707317,0.35365853658536583,0.8292682926829268,0.3780487804878049,0.4878048780487805,0.45121951219512196,0.5,0.36585365853658536,0.5853658536585366,0.7317073170731707,0.35365853658536583,0.4024390243902439,0.47560975609756095,0.4878048780487805,0.45121951219512196,0.8780487804878049
28,0,2,0.15639580248681467,0.5975609756097561,0.6829268292682927,0.524390243902439,0.3902439024390244,0.2926829268292683,0.35365853658536583,0.7926829268292683,0.6585365853658537,0.3902439024390244,0.4634146341463415,0.3780487804878049,0.4146341463414634,0.3048780487804878,0.3902439024390244,0.5121951219512195,0.4268292682926829,0.8536585365853658,0.4024390243902439,0.45121951219512196,0.43902439024390244,0.45121951219512196,0.3780487804878049,0.45121951219512196,0.8048780487804879,0.5,0.524390243902439,0.4268292682926829,0.5487804878048781,0.34146341463414637,0.8536585365853658
28,0,3,0.14190427519794008,0.5487804878048781,0.6585365853658537,0.573170731707317,0.5121951219512195,0.2804878048780488,0.4634146341463415,0.5121951219512195,0.6097560975609756,0.4146341463414634,0.4024390243902439,0.4634146341463415,0.47560975609756095,0.2926829268292683,0.34146341463414637,0.4634146341463415,0.5853658536585366,0.8292682926829268,0.6585365853658537,0.34146341463414637,0.6463414634146342,0.2804878048780488,0.4146341463414634,0.6219512195121951,0.7439024390243902,0.3780487804878049,0.32926829268292684,0.35365853658536583,0.6097560975609756,0.5365853658536586,0.6585365853658537
28,0,4,0.1267745347814229,0.45121951219512196,0.5365853658536586,0.5609756097560976,0.43902439024390244,0.25609756097560976,0.7439024390243902,0.5975609756097561,0.6463414634146342,0.4268292682926829,0.47560975609756095,0.5975609756097561,0.35365853658536583,0.3048780487804878,0.4268292682926829,0.4146341463414634,0.5487804878048781,0.6341463414634146,0.6463414634146342,0.47560975609756095,0.6829268292682927,0.5365853658536586,0.3902439024390244,0.5487804878048781,0.47560975609756095,0.5487804878048781,0.524390243902439,0.34146341463414637,0.6585365853658537,0.5487804878048781,0.2073170731707317
28,0,5,0.125398433019586,0.4146341463414634,0.47560975609756095,0.5853658536585366,0.4878048780487805,0.9512195121951219,0.6951219512195121,0.573170731707317,0.4146341463414634,0.4268292682926829,0.3170731707317073,0.5853658536585366,0.4878048780487805,0.4878048780487805,0.4878048780487805,0.6097560975609756,0.5365853658536586,0.18292682926829268,0.4634146341463415,0.36585365853658536,0.5,0.45121951219512196,0.4634146341463415,0.4146341463414634,0.5365853658536586,0.45121951219512196,0.5,0.5609756097560976,0.5487804878048781,0.5365853658536586,0.4878048780487805
28,0,6,0.16431012981151039,0.7073170731707317,0.5,0.32926829268292684,0.2804878048780488,0.9512195121951219,0.7439024390243902,0.4024390243902439,0.3048780487804878,0.524390243902439,0.6219512195121951,0.5853658536585366,0.36585365853658536,0.6341463414634146,0.47560975609756095,0.6951219512195121,0.4024390243902439,0.4634146341463415,0.21951219512195122,0.5975609756097561,0.6097560975609756,0.5121951219512195,0.7682926829268293,0.32926829268292684,0.4634146341463415,0.5365853658536586,0.35365853658536583,0.32926829268292684,0.4146341463414634,0.4146341463414634,0.4634146341463415
28,0,7,0.16218442412302786,0.45121951219512196,0.3048780487804878,0.3780487804878049,0.2926829268292683,0.9512195121951219,0.7073170731707317,0.3048780487804878,0.6219512195121951,0.4878048780487805,0.5609756097560976,0.573170731707317,0.47560975609756095,0.7317073170731707,0.5,0.6585365853658537,0.47560975609756095,0.5853658536585366,0.36585365853658536,0.3048780487804878,0.3902439024390244,0.36585365853658536,0.5975609756097561,0.8048780487804879,0.3902439024390244,0.5121951219512195,0.3048780487804878,0.32926829268292684,0.5,0.4268292682926829,0.6463414634146342
28,0,8,0.1353237318189852,0.18292682926829268,0.43902439024390244,0.36585365853658536,0.4268292682926829,0.5365853658536586,0.524390243902439,0.5609756097560976,0.8292682926829268,0.6951219512195121,0.45121951219512196,0.3902439024390244,0.43902439024390244,0.6707317073170732,0.5,0.6707317073170732,0.45121951219512196,0.5,0.7317073170731707,0.32926829268292684,0.45121951219512196,0.5487804878048781,0.573170731707317,0.6585365853658537,0.35365853658536583,0.4634146341463415,0.3170731707317073,0.4878048780487805,0.43902439024390244,0.4268292682926829,0.5853658536585366
28,0,9,0.13307033351766454,0.5121951219512195,0.43902439024390244,0.4878048780487805,0.2926829268292683,0.7682926829268293,0.5975609756097561,0.7195121951219512,0.6829268292682927,0.5487804878048781,0.43902439024390244,0.36585365853658536,0.2804878048780488,0.3170731707317073,0.7073170731707317,0.45121951219512196,0.45121951219512196,0.6097560975609756,0.5121951219512195,0.3048780487804878,0.45121951219512196,0.5975609756097561,0.3780487804878049,0.45121951219512196,0.5609756097560976,0.6097560975609756,0.43902439024390244,0.7073170731707317,0.34146341463414637,0.5,0.47560975609756095
29,0,0,0.19484227924523792,0.4878048780487805,0.35365853658536583,0.8048780487804879,0.3170731707317073,0.8780487804878049,0.3902439024390244,0.34146341463414637,0.3902439024390244,0.2682926829268293,0.5365853658536586,0.45121951219512196,0.4146341463414634,0.9390243902439024,0.5975609756097561,0.45121951219512196,0.3048780487804878,0.5121951219512195,0.7073170731707317,0.7073170731707317,0.3780487804878049,0.6341463414634146,0.3048780487804878,0.5365853658536586,0.4024390243902439,0.5121951219512195,0.35365853658536583,0.975609756097561,0.2804878048780488,0.36585365853658536,0.4024390243902439
29,0,1,0.16479215543033043,0.5975609756097561,0.36585365853658536,0.5,0.3902439024390244,0.45121951219512196,0.6097560975609756,0.36585365853658536,0.4634146341463415,0.43902439024390244,0.43902439024390244,0.43902439024390244,0.5365853658536586,0.8170731707317073,0.573170731707317,0.2682926829268293,0.3048780487804878,0.524390243902439,0.7682926829268293,0.7439024390243902,0.4878048780487805,0.6219512195121951,0.5,0.5853658536585366,0.3048780487804878,0.47560975609756095,0.47560975609756095,0.975609756097561,0.25609756097560976,0.43902439024390244,0.2804878048780488
29,0,2,0.14965755079651166,0.5,0.4024390243902439,0.5609756097560976,0.3902439024390244,0.3902439024390244,0.7317073170731707,0.5365853658536586,0.5609756097560976,0.45121951219512196,0.5121951219512195,0.43902439024390244,0.36585365853658536,0.7804878048780488,0.2804878048780488,0.43902439024390244,0.43902439024390244,0.35365853658536583,0.8536585365853658,0.6829268292682927,0.3902439024390244,0.6341463414634146,0.4146341463414634,0.4146341463414634,0.4268292682926829,0.3170731707317073,0.4268292682926829,0.8780487804878049,0.4268292682926829,0.4878048780487805,0.5121951219512195
29,0,3,0.13213570800567354,0.4878048780487805,0.4634146341463415,0.6219512195121951,0.524390243902439,0.35365853658536583,0.6341463414634146,0.5,0.45121951219512196,0.573170731707317,0.7195121951219512,0.5,0.4146341463414634,0.6463414634146342,0.3170731707317073,0.5487804878048781,0.4146341463414634,0.4634146341463415,0.524390243902439,0.36585365853658536,0.3902439024390244,0.3170731707317073,0.6341463414634146,0.3780487804878049,0.43902439024390244,0.3780487804878049,0.6097560975609756,0.9146341463414634,0.4878048780487805,0.32926829268292684,0.5975609756097561
29,0,4,0.12452567153525719,0.45121951219512196,0.5365853658536586,0.7195121951219512,0.36585365853658536,0.5121951219512195,0.4878048780487805,0.36585365853658536,0.573170731707317,0.573170731707317,0.5365853658536586,0.4146341463414634,0.43902439024390244,0.4268292682926829,0.5975609756097561,0.4634146341463415,0.5,0.4878048780487805,0.5,0.34146341463414637,0.3170731707317073,0.45121951219512196,0.5,0.4878048780487805,0.47560975609756095,0.7073170731707317,0.6951219512195121,0.8658536585365854,0.25609756097560976,0.4878048780487805,0.4634146341463415
29,0,5,0.12952115168148054,0.6463414634146342,0.3780487804878049,0.6463414634146342,0.5487804878048781,0.8292682926829268,0.24390243902439024,0.35365853658536583,0.43902439024390244,0.3170731707317073,0.4146341463414634,0.35365853658536583,0.4634146341463415,0.47560975609756095,0.6585365853658537,0.524390243902439,0.47560975609756095,0.5365853658536586,0.5487804878048781,0.5609756097560976,0.4024390243902439,0.6219512195121951,0.5365853658536586,0.573170731707317,0.3048780487804878,0.4146341463414634,0.47560975609756095,0.5609756097560976,0.3780487804878049,0.6707317073170732,0.6463414634146342
29,0,6,0.11422691895729094,0.35365853658536583,0.524390243902439,0.45121951219512196,0.25609756097560976,0.5365853658536586,0.4268292682926829,0.3780487804878049,0.6463414634146342,0.4024390243902439,0.4024390243902439,0.7195121951219512,0.5609756097560976,0.5487804878048781,0.5487804878048781,0.4268292682926829,0.5365853658536586,0.43902439024390244,0.6829268292682927,0.7073170731707317,0.4146341463414634,0.6707317073170732,0.524390243902439,0.32926829268292684,0.43902439024390244,0.5365853658536586,0.4634146341463415,0.6097560975609756,0.47560975609756095,0.5853658536585366,0.4024390243902439
29,0,7,0.11163699991556886,0.5487804878048781,0.6219512195121951,0.4878048780487805,0.573170731707317,0.6219512195121951,0.15853658536585366,0.5609756097560976,0.3780487804878049,0.4024390243902439,0.4878048780487805,0.7195121951219512,0.5365853658536586,0.45121951219512196,0.2926829268292683,0.5853658536585366,0.43902439024390244,0.5487804878048781,0.45121951219512196,0.4878048780487805,0.6097560975609756,0.4634146341463415,0.36585365853658536,0.4146341463414634,0.4268292682926829,0.6219512195121951,0.47560975609756095,0.573170731707317,0.5487804878048781,0.6097560975609756,0.5365853658536586
29,0,8,0.12312443789121702,0.6463414634146342,0.4146341463414634,0.6219512195121951,0.47560975609756095,0.6219512195121951,0.573170731707317,0.6707317073170732,0.4024390243902439,0.45121951219512196,0.45121951219512196,0.7439024390243902,0.5365853658536586,0.36585365853658536,0.23170731707317074,0.5487804878048781,0.4634146341463415,0.47560975609756095,0.3902439024390244,0.4268292682926829,0.6463414634146342,0.5121951219512195,0.5121951219512195,0.4268292682926829,0.6951219512195121,0.2804878048780488,0.4146341463414634,0.6341463414634146,0.5,0.3170731707317073,0.5487804878048781
29,0,9,0.1387245375664378,0.47560975609756095,0.6097560975609756,0.6463414634146342,0.7073170731707317,0.2073170731707317,0.36585365853658536,0.6707317073170732,0.4878048780487805,0.5121951219512195,0.5121951219512195,0.3780487804878049,0.573170731707317,0.5853658536585366,0.45121951219512196,0.5121951219512195,0.35365853658536583,0.5365853658536586,0.5609756097560976,0.2073170731707317,0.6585365853658537,0.4146341463414634,0.2926829268292683,0.6463414634146342,0.7317073170731707,0.5365853658536586,0.6341463414634146,0.5975609756097561,0.4024390243902439,0.36585365853658536,0.36585365853658536
30,0,0,0.18153945430174043,0.34146341463414637,0.3902439024390244,0.8658536585365854,0.34146341463414637,0.36585365853658536,0.7195121951219512,1.0,0.4878048780487805,0.4024390243902439,0.35365853658536583,0.3170731707317073,0.9390243902439024,0.6097560975609756,0.3170731707317073,0.34146341463414637,0.43902439024390244,0.5,0.3048780487804878,0.36585365853658536,0.573170731707317,0.43902439024390244,0.5121951219512195,0.524390243902439,0.3780487804878049,0.6951219512195121,0.5853658536585366,0.4634146341463415,0.4024390243902439,0.45121951219512196,0.573170731707317
30,0,1,0.1529665668473722,0.36585365853658536,0.5,0.5121951219512195,0.32926829268292684,0.4268292682926829,0.6829268292682927,0.9634146341463414,0.3902439024390244,0.4146341463414634,0.36585365853658536,0.4146341463414634,0.926829268292683,0.5487804878048781,0.3902439024390244,0.3780487804878049,0.43902439024390244,0.5609756097560976,0.32926829268292684,0.4146341463414634,0.5853658536585366,0.47560975609756095,0.524390243902439,0.5,0.47560975609756095,0.6951219512195121,0.3048780487804878,0.4878048780487805,0.5365853658536586,0.45121951219512196,0.6097560975609756
30,0,2,0.13228569183148764,0.524390243902439,0.34146341463414637,0.4634146341463415,0.47560975609756095,0.35365853658536583,0.6829268292682927,0.5,0.47560975609756095,0.5609756097560976,0.6219512195121951,0.35365853658536583,0.9878048780487805,0.4878048780487805,0.5,0.524390243902439,0.3170731707317073,0.3902439024390244,0.5853658536585366,0.5609756097560976,0.4634146341463415,0.47560975609756095,0.524390243902439,0.2926829268292683,0.6097560975609756,0.5,0.524390243902439,0.4878048780487805,0.3780487804878049,0.3902439024390244,0.6463414634146342
30,0,3,0.12778718924321694,0.5,0.32926829268292684,0.34146341463414637,0.4634146341463415,0.5975609756097561,0.524390243902439,0.3048780487804878,0.43902439024390244,0.5609756097560976,0.5975609756097561,0.5853658536585366,0.9146341463414634,0.35365853658536583,0.5487804878048781,0.5975609756097561,0.4268292682926829,0.3902439024390244,0.6585365853658537,0.524390243902439,0.43902439024390244,0.35365853658536583,0.4268292682926829,0.3170731707317073,0.6707317073170732,0.5121951219512195,0.5365853658536586,0.43902439024390244,0.5121951219512195,0.5121951219512195,0.6219512195121951
30,0,4,0.14207884073964383,0.7439024390243902,0.6341463414634146,0.47560975609756095,0.32926829268292684,0.5975609756097561,0.5487804878048781,0.2073170731707317,0.7317073170731707,0.34146341463414637,0.5121951219512195,0.5975609756097561,0.5609756097560976,0.2804878048780488,0.5365853658536586,0.5,0.4268292682926829,0.4024390243902439,0.6097560975609756,0.36585365853658536,0.5853658536585366,0.4634146341463415,0.6219512195121951,0.32926829268292684,0.5,0.1951219512195122,0.6951219512195121,0.45121951219512196,0.6463414634146342,0.5365853658536586,0.573170731707317
30,0,5,0.14446630604810456,0.5,0.7073170731707317,0.524390243902439,0.45121951219512196,0.6829268292682927,0.7439024390243902,0.24390243902439024,0.35365853658536583,0.45121951219512196,0.6585365853658537,0.6829268292682927,0.32926829268292684,0.34146341463414637,0.5121951219512195,0.4146341463414634,0.6463414634146342,0.4634146341463415,0.24390243902439024,0.43902439024390244,0.4878048780487805,0.6341463414634146,0.6707317073170732,0.5487804878048781,0.5487804878048781,0.35365853658536583,0.6707317073170732,0.36585365853658536,0.25609756097560976,0.573170731707317,0.5
30,0,6,0.15655421010615814,0.23170731707317074,0.7073170731707317,0.4146341463414634,0.3780487804878049,0.47560975609756095,0.45121951219512196,0.3170731707317073,0.524390243902439,0.7560975609756098,0.4024390243902439,0.7195121951219512,0.5609756097560976,0.2682926829268293,0.2804878048780488,0.4634146341463415,0.5487804878048781,0.573170731707317,0.3048780487804878,0.4024390243902439,0.6097560975609756,0.7926829268292683,0.5853658536585366,0.2682926829268293,0.5487804878048781,0.4878048780487805,0.8292682926829268,0.524390243902439,0.5487804878048781,0.5487804878048781,0.47560975609756095
30,0,7,0.15633239449617406,0.34146341463414637,0.7804878048780488,0.4878048780487805,0.3780487804878049,0.5853658536585366,0.3048780487804878,0.6097560975609756,0.3902439024390244,0.7682926829268293,0.5,0.4268292682926829,0.4146341463414634,0.35365853658536583,0.4878048780487805,0.5,0.5853658536585366,0.4878048780487805,0.1951219512195122,0.7317073170731707,0.5365853658536586,0.6585365853658537,0.6951219512195121,0.5975609756097561,0.3902439024390244,0.4024390243902439,0.7926829268292683,0.573170731707317,0.3902439024390244,0.4146341463414634,0.21951219512195122
30,0,8,0.16836336444314456,0.3048780487804878,0.6341463414634146,0.12195121951219512,0.32926829268292684,0.4878048780487805,0.5,0.43902439024390244,0.3780487804878049,0.6463414634146342,0.6097560975609756,0.2804878048780488,0.32926829268292684,0.524390243902439,0.5853658536585366,0.8170731707317073,0.4268292682926829,0.524390243902439,0.8902439024390244,0.5609756097560976,0.5365853658536586,0.34146341463414637,0.4268292682926829,0.45121951219512196,0.573170731707317,0.8292682926829268,0.6585365853658537,0.5609756097560976,0.4146341463414634,0.5121951219512195,0.3048780487804878
30,0,9,0.1560785049344015,0.6341463414634146,0.524390243902439,0.524390243902439,0.4024390243902439,0.4634146341463415,0.34146341463414637,0.5609756097560976,0.45121951219512196,0.3902439024390244,0.4268292682926829,0.3048780487804878,0.32926829268292684,0.5121951219512195,0.3780487804878049,0.8292682926829268,0.7195121951219512,0.2804878048780488,0.8414634146341463,0.3780487804878049,0.524390243902439,0.36585365853658536,0.3780487804878049,0.3048780487804878,0.5121951219512195,0.7804878048780488,0.6707317073170732,0.6707317073170732,0.524390243902439,0.5975609756097561,0.3780487804878049
31,0,0,0.187186183944877,0.45121951219512196,0.6829268292682927,0.3780487804878049,0.5121951219512195,0.6219512195121951,0.4878048780487805,0.32926829268292684,0.3048780487804878,0.4268292682926829,0.2804878048780488,0.5853658536585366,0.9024390243902439,0.4634146341463415,0.3048780487804878,0.7682926829268293,0.47560975609756095,0.5,0.6585365853658537,0.34146341463414637,0.4024390243902439,0.5365853658536586,0.24390243902439024,0.2926829268292683,0.6219512195121951,0.9878048780487805,0.8170731707317073,0.3048780487804878,0.47560975609756095,0.35365853658536583,0.4878048780487805
31,0,1,0.14144939655804453,0.36585365853658536,0.5,0.4146341463414634,0.32926829268292684,0.5,0.4634146341463415,0.3048780487804878,0.4268292682926829,0.5,0.4024390243902439,0.7195121951219512,0.7926829268292683,0.5,0.5487804878048781,0.8414634146341463,0.3902439024390244,0.3902439024390244,0.6219512195121951,0.5365853658536586,0.36585365853658536,0.5609756097560976,0.43902439024390244,0.4634146341463415,0.4146341463414634,0.8780487804878049,0.4634146341463415,0.47560975609756095,0.5609756097560976,0.43902439024390244,0.3902439024390244
31,0,2,0.12712598187895843,0.5121951219512195,0.5365853658536586,0.3780487804878049,0.3902439024390244,0.4268292682926829,0.36585365853658536,0.4024390243902439,0.4146341463414634,0.5975609756097561,0.5853658536585366,0.573170731707317,0.6951219512195121,0.6951219512195121,0.6219512195121951,0.4878048780487805,0.47560975609756095,0.3902439024390244,0.4634146341463415,0.35365853658536583,0.4878048780487805,0.4878048780487805,0.5365853658536586,0.5853658536585366,0.3780487804878049,0.6341463414634146,0.3780487804878049,0.3048780487804878,0.9024390243902439,0.5365853658536586,0.4024390243902439
31,0,3,0.12543795971340282,0.4024390243902439,0.5,0.5609756097560976,0.4634146341463415,0.34146341463414637,0.573170731707317,0.573170731707317,0.5609756097560976,0.6341463414634146,0.4146341463414634,0.3048780487804878,0.5121951219512195,0.4268292682926829,0.573170731707317,0.4268292682926829,0.4634146341463415,0.4024390243902439,0.5,0.6951219512195121,0.4878048780487805,0.2926829268292683,0.5121951219512195,0.4268292682926829,0.7317073170731707,0.32926829268292684,0.3048780487804878,0.7317073170731707,0.5365853658536586,0.7439024390243902,0.573170731707317
31,0,4,0.11658944783138653,0.5975609756097561,0.3780487804878049,0.6219512195121951,0.4634146341463415,0.5365853658536586,0.5609756097560976,0.6463414634146342,0.5975609756097561,0.5,0.36585365853658536,0.5975609756097561,0.5975609756097561,0.32926829268292684,0.5853658536585366,0.3170731707317073,0.4146341463414634,0.5365853658536586,0.4268292682926829,0.43902439024390244,0.5975609756097561,0.34146341463414637,0.3780487804878049,0.4024390243902439,0.4024390243902439,0.34146341463414637,0.43902439024390244,0.7682926829268293,0.6097560975609756,0.6463414634146342,0.5609756097560976
31,0,5,0.11977737297147094,0.6097560975609756,0.2926829268292683,0.5609756097560976,0.5975609756097561,0.6707317073170732,0.5365853658536586,0.43902439024390244,0.3780487804878049,0.4634146341463415,0.5975609756097561,0.4878048780487805,0.34146341463414637,0.5487804878048781,0.4146341463414634,0.573170731707317,0.5121951219512195,0.5487804878048781,0.34146341463414637,0.524390243902439,0.36585365853658536,0.5975609756097561,0.3902439024390244,0.2073170731707317,0.43902439024390244,0.7073170731707317,0.5487804878048781,0.6219512195121951,0.6585365853658537,0.4146341463414634,0.6097560975609756
31,0,6,0.16691435095648627,0.6951219512195121,0.5365853658536586,0.3780487804878049,0.3048780487804878,0.5609756097560976,0.3902439024390244,0.35365853658536583,0.3048780487804878,0.7073170731707317,0.5975609756097561,0.524390243902439,0.4024390243902439,0.7682926829268293,0.524390243902439,0.6829268292682927,0.35365853658536583,0.6951219512195121,0.18292682926829268,0.5975609756097561,0.34146341463414637,0.7926829268292683,0.3902439024390244,0.18292682926829268,0.524390243902439,0.6341463414634146,0.5853658536585366,0.2682926829268293,0.6219512195121951,0.4878048780487805,0.6097560975609756
31,0,7,0.14312176279214603,0.524390243902439,0.5365853658536586,0.4024390243902439,0.2804878048780488,0.4146341463414634,0.5,0.524390243902439,0.43902439024390244,0.5487804878048781,0.6219512195121951,0.7682926829268293,0.4268292682926829,0.9146341463414634,0.5487804878048781,0.573170731707317,0.5,0.4146341463414634,0.4024390243902439,0.6585365853658537,0.6707317073170732,0.524390243902439,0.23170731707317074,0.34146341463414637,0.43902439024390244,0.5365853658536586,0.6097560975609756,0.34146341463414637,0.5609756097560976,0.2682926829268293,0.47560975609756095
31,0,8,0.15775290985310778,0.6829268292682927,0.3780487804878049,0.47560975609756095,0.45121951219512196,0.34146341463414637,0.32926829268292684,0.4024390243902439,0.34146341463414637,0.3170731707317073,0.2926829268292683,0.5609756097560976,0.524390243902439,0.6951219512195121,0.9024390243902439,0.7682926829268293,0.6829268292682927,0.4268292682926829,0.34146341463414637,0.4024390243902439,0.3780487804878049,0.7439024390243902,0.4878048780487805,0.6585365853658537,0.36585365853658536,0.6219512195121951,0.36585365853658536,0.6097560975609756,0.573170731707317,0.4878048780487805,0.3902439024390244
31,0,9,0.13609085859301417,0.5853658536585366,0.5609756097560976,0.4268292682926829,0.4146341463414634,0.2682926829268293,0.6585365853658537,0.4146341463414634,0.5609756097560976,0.35365853658536583,0.4634146341463415,0.4878048780487805,0.6463414634146342,0.34146341463414637,0.5487804878048781,0.5609756097560976,0.45121951219512196,0.5487804878048781,0.43902439024390244,0.34146341463414637,0.4878048780487805,0.5609756097560976,0.32926829268292684,0.7804878048780488,0.7073170731707317,0.4024390243902439,0.34146341463414637,0.8536585365853658,0.5487804878048781,0.3780487804878049,0.5365853658536586
32,0,0,0.18534980675086174,0.4634146341463415,0.5,0.4634146341463415,0.6341463414634146,0.5121951219512195,0.4878048780487805,0.7682926829268293,0.2926829268292683,0.3902439024390244,0.47560975609756095,0.3048780487804878,0.8292682926829268,0.3170731707317073,0.6707317073170732,0.4634146341463415,0.43902439024390244,0.6219512195121951,0.5975609756097561,0.2682926829268293,0.3780487804878049,0.4634146341463415,0.43902439024390244,0.7439024390243902,0.975609756097561,0.3902439024390244,0.2073170731707317,0.35365853658536583,0.8048780487804879,0.5121951219512195,0.23170731707317074
32,0,1,0.16909787349034575,0.34146341463414637,0.6219512195121951,0.3048780487804878,0.573170731707317,0.5487804878048781,0.43902439024390244,0.6219512195121951,0.2073170731707317,0.35365853658536583,0.47560975609756095,0.47560975609756095,0.926829268292683,0.5365853658536586,0.6707317073170732,0.3780487804878049,0.4634146341463415,0.6341463414634146,0.5365853658536586,0.36585365853658536,0.4634146341463415,0.25609756097560976,0.45121951219512196,0.5609756097560976,0.926829268292683,0.4634146341463415,0.4024390243902439,0.35365853658536583,0.7926829268292683,0.4024390243902439,0.45121951219512196
32,0,2,0.15159931323966233,0.36585365853658536,0.47560975609756095,0.4634146341463415,0.5609756097560976,0.5609756097560976,0.36585365853658536,0.6463414634146342,0.4024390243902439,0.32926829268292684,0.36585365853658536,0.3902439024390244,0.7926829268292683,0.5609756097560976,0.5,0.524390243902439,0.5487804878048781,0.3048780487804878,0.6463414634146342,0.5121951219512195,0.34146341463414637,0.524390243902439,0.2804878048780488,0.6097560975609756,0.975609756097561,0.4634146341463415,0.4634146341463415,0.45121951219512196,0.3048780487804878,0.5609756097560976,0.7073170731707317
32,0,3,0.1450826618947652,0.35365853658536583,0.35365853658536583,0.5365853658536586,0.3048780487804878,0.4024390243902439,0.4268292682926829,0.6097560975609756,0.6707317073170732,0.6707317073170732,0.2804878048780488,0.2804878048780488,0.6463414634146342,0.6707317073170732,0.45121951219512196,0.47560975609756095,0.5853658536585366,0.4146341463414634,0.5487804878048781,0.573170731707317,0.4634146341463415,0.6097560975609756,0.6219512195121951,0.6341463414634146,0.6829268292682927,0.5853658536585366,0.5,0.2804878048780488,0.14634146341463414,0.5487804878048781,0.6707317073170732
32,0,4,0.1565542101061582,0.36585365853658536,0.4024390243902439,0.6341463414634146,0.2073170731707317,0.524390243902439,0.2926829268292683,0.2926829268292683,0.6219512195121951,0.8048780487804879,0.35365853658536583,0.5,0.7073170731707317,0.4146341463414634,0.6219512195121951,0.4634146341463415,0.5853658536585366,0.4146341463414634,0.5487804878048781,0.5121951219512195,0.4878048780487805,0.6097560975609756,0.8048780487804879,0.4024390243902439,0.4634146341463415,0.5487804878048781,0.5,0.6463414634146342,0.10975609756097561,0.5853658536585366,0.573170731707317
32,0,5,0.1573753594677345,0.6463414634146342,0.6341463414634146,0.4878048780487805,0.4024390243902439,0.3780487804878049,0.45121951219512196,0.5121951219512195,0.7682926829268293,0.6219512195121951,0.2804878048780488,0.6219512195121951,0.36585365853658536,0.43902439024390244,0.4634146341463415,0.23170731707317074,0.36585365853658536,0.8780487804878049,0.25609756097560976,0.6951219512195121,0.573170731707317,0.4878048780487805,0.6829268292682927,0.2926829268292683,0.6219512195121951,0.6463414634146342,0.47560975609756095,0.524390243902439,0.2804878048780488,0.4878048780487805,0.4268292682926829
32,0,6,0.1543538276321633,0.5365853658536586,0.47560975609756095,0.5365853658536586,0.4268292682926829,0.5,0.45121951219512196,0.34146341463414637,0.35365853658536583,0.3170731707317073,0.3902439024390244,0.5487804878048781,0.5365853658536586,0.43902439024390244,0.7317073170731707,0.6463414634146342,0.6585365853658537,0.7804878048780488,0.5,0.0975609756097561,0.6951219512195121,0.3780487804878049,0.6097560975609756,0.573170731707317,0.34146341463414637,0.32926829268292684,0.5,0.47560975609756095,0.8414634146341463,0.3902439024390244,0.5975609756097561
32,0,7,0.1488604343382159,0.5,0.32926829268292684,0.3170731707317073,0.3902439024390244,0.6341463414634146,0.4024390243902439,0.6463414634146342,0.524390243902439,0.3048780487804878,0.4146341463414634,0.3902439024390244,0.5121951219512195,0.4024390243902439,0.4024390243902439,0.8536585365853658,0.524390243902439,0.8292682926829268,0.524390243902439,0.4146341463414634,0.524390243902439,0.5487804878048781,0.524390243902439,0.6829268292682927,0.3780487804878049,0.32926829268292684,0.3170731707317073,0.5121951219512195,0.8048780487804879,0.45121951219512196,0.6097560975609756
32,0,8,0.14644305416856657,0.3902439024390244,0.3902439024390244,0.4268292682926829,0.32926829268292684,0.4634146341463415,0.6829268292682927,0.4268292682926829,0.7560975609756098,0.5121951219512195,0.4146341463414634,0.6097560975609756,0.5,0.3048780487804878,0.6951219512195121,0.9024390243902439,0.3902439024390244,0.8048780487804879,0.36585365853658536,0.3902439024390244,0.35365853658536583,0.4146341463414634,0.4024390243902439,0.4878048780487805,0.5975609756097561,0.47560975609756095,0.3902439024390244,0.5121951219512195,0.6341463414634146,0.5487804878048781,0.4268292682926829
32,0,9,0.1302843943025049,0.4146341463414634,0.7195121951219512,0.5853658536585366,0.4146341463414634,0.3902439024390244,0.5975609756097561,0.3048780487804878,0.5365853658536586,0.5,0.4024390243902439,0.6341463414634146,0.524390243902439,0.5609756097560976,0.5,0.8414634146341463,0.35365853658536583,0.36585365853658536,0.573170731707317,0.45121951219512196,0.4024390243902439,0.45121951219512196,0.2804878048780488,0.5853658536585366,0.6707317073170732,0.43902439024390244,0.573170731707317,0.6951219512195121,0.3170731707317073,0.4878048780487805,0.4268292682926829
33,0,0,0.18660263483505396,0.5975609756097561,0.32926829268292684,0.5121951219512195,0.32926829268292684,0.4268292682926829,0.3170731707317073,0.32926829268292684,0.34146341463414637,0.3780487804878049,0.8658536585365854,1.0,0.4634146341463415,0.5121951219512195,0.45121951219512196,0.3048780487804878,0.6341463414634146,0.4878048780487805,0.4146341463414634,0.3902439024390244,0.3902439024390244,0.36585365853658536,0.6463414634146342,0.9390243902439024,0.5121951219512195,0.7804878048780488,0.6707317073170732,0.5,0.32926829268292684,0.3902439024390244,0.3902439024390244
33,0,1,0.16037087691906968,0.6341463414634146,0.5365853658536586,0.5853658536585366,0.45121951219512196,0.34146341463414637,0.3902439024390244,0.4024390243902439,0.5,0.5365853658536586,0.5,0.9390243902439024,0.6341463414634146,0.5121951219512195,0.32926829268292684,0.3780487804878049,0.5609756097560976,0.4146341463414634,0.23170731707317074,0.3780487804878049,0.34146341463414637,0.35365853658536583,0.5365853658536586,0.9024390243902439,0.5121951219512195,0.4634146341463415,0.5853658536585366,0.7317073170731707,0.5121951219512195,0.24390243902439024,0.5609756097560976
33,0,2,0.1422880366920674,0.524390243902439,0.43902439024390244,0.4634146341463415,0.5365853658536586,0.4878048780487805,0.4878048780487805,0.5,0.34146341463414637,0.6585365853658537,0.4634146341463415,0.6463414634146342,0.573170731707317,0.3902439024390244,0.45121951219512196,0.7317073170731707,0.21951219512195122,0.47560975609756095,0.2682926829268293,0.5,0.6463414634146342,0.3902439024390244,0.573170731707317,0.9146341463414634,0.4268292682926829,0.573170731707317,0.7073170731707317,0.47560975609756095,0.4268292682926829,0.2926829268292683,0.4146341463414634
33,0,3,0.15630068085460705,0.524390243902439,0.4878048780487805,0.2926829268292683,0.5853658536585366,0.2804878048780488,0.4024390243902439,0.6097560975609756,0.4268292682926829,0.5975609756097561,0.35365853658536583,0.6219512195121951,0.6463414634146342,0.5853658536585366,0.5,0.7317073170731707,0.2926829268292683,0.32926829268292684,0.4146341463414634,0.6097560975609756,0.7682926829268293,0.2804878048780488,0.5975609756097561,0.926829268292683,0.3780487804878049,0.5121951219512195,0.4634146341463415,0.3902439024390244,0.4634146341463415,0.3170731707317073,0.6097560975609756
33,0,4,0.10386158974095161,0.4878048780487805,0.5609756097560976,0.45121951219512196,0.45121951219512196,0.6341463414634146,0.5365853658536586,0.36585365853658536,0.4024390243902439,0.5975609756097561,0.4878048780487805,0.45121951219512196,0.6341463414634146,0.7804878048780488,0.47560975609756095,0.47560975609756095,0.5121951219512195,0.3780487804878049,0.43902439024390244,0.43902439024390244,0.45121951219512196,0.5121951219512195,0.6219512195121951,0.2804878048780488,0.36585365853658536,0.5365853658536586,0.5,0.4878048780487805,0.5121951219512195,0.45121951219512196,0.7195121951219512
33,0,5,0.15270708139022954,0.4146341463414634,0.4024390243902439,0.5365853658536586,0.2804878048780488,0.4634146341463415,0.2804878048780488,0.7073170731707317,0.8048780487804879,0.5975609756097561,0.5365853658536586,0.25609756097560976,0.3902439024390244,0.6097560975609756,0.5975609756097561,0.5121951219512195,0.6341463414634146,0.4268292682926829,0.8170731707317073,0.32926829268292684,0.524390243902439,0.5365853658536586,0.524390243902439,0.4268292682926829,0.5853658536585366,0.3902439024390244,0.36585365853658536,0.7073170731707317,0.4024390243902439,0.25609756097560976,0.6829268292682927
33,0,6,0.12770957782443096,0.6707317073170732,0.3902439024390244,0.47560975609756095,0.3902439024390244,0.4878048780487805,0.3902439024390244,0.4024390243902439,0.7073170731707317,0.4146341463414634,0.5975609756097561,0.573170731707317,0.5487804878048781,0.43902439024390244,0.5853658536585366,0.34146341463414637,0.6951219512195121,0.5121951219512195,0.34146341463414637,0.573170731707317,0.3048780487804878,0.3170731707317073,0.35365853658536583,0.5,0.6463414634146342,0.5,0.4024390243902439,0.7682926829268293,0.6341463414634146,0.4024390243902439,0.6341463414634146
33,0,7,0.1396505653001718,0.5365853658536586,0.5853658536585366,0.45121951219512196,0.5365853658536586,0.524390243902439,0.3902439024390244,0.4878048780487805,0.6829268292682927,0.5609756097560976,0.5975609756097561,0.6219512195121951,0.6585365853658537,0.4024390243902439,0.4024390243902439,0.4146341463414634,0.6829268292682927,0.2682926829268293,0.926829268292683,0.4146341463414634,0.4024390243902439,0.21951219512195122,0.4634146341463415,0.2926829268292683,0.6097560975609756,0.47560975609756095,0.3780487804878049,0.5853658536585366,0.45121951219512196,0.5,0.47560975609756095
33,0,8,0.13164708047405704,0.4268292682926829,0.2804878048780488,0.2682926829268293,0.4878048780487805,0.6951219512195121,0.47560975609756095,0.6707317073170732,0.5853658536585366,0.4268292682926829,0.5,0.573170731707317,0.524390243902439,0.6463414634146342,0.3780487804878049,0.3780487804878049,0.3902439024390244,0.34146341463414637,0.8048780487804879,0.573170731707317,0.6585365853658537,0.4268292682926829,0.3902439024390244,0.4878048780487805,0.5609756097560976,0.3170731707317073,0.6341463414634146,0.45121951219512196,0.47560975609756095,0.47560975609756095,0.6951219512195121
33,0,9,0.15051632993149283,0.6585365853658537,0.7195121951219512,0.4268292682926829,0.6219512195121951,0.6097560975609756,0.6463414634146342,0.4146341463414634,0.6951219512195121,0.32926829268292684,0.5365853658536586,0.5853658536585366,0.3048780487804878,0.5121951219512195,0.43902439024390244,0.3902439024390244,0.5975609756097561,0.5609756097560976,0.9878048780487805,0.3780487804878049,0.4634146341463415,0.35365853658536583,0.34146341463414637,0.36585365853658536,0.4146341463414634,0.524390243902439,0.43902439024390244,0.43902439024390244,0.2926829268292683,0.5853658536585366,0.36585365853658536
34,0,0,0.16037087691906968,0.35365853658536583,0.5609756097560976,0.25609756097560976,0.4268292682926829,0.8170731707317073,0.34146341463414637,0.4024390243902439,0.43902439024390244,0.47560975609756095,0.7195121951219512,0.9390243902439024,0.7804878048780488,0.36585365853658536,0.47560975609756095,0.45121951219512196,0.4878048780487805,0.32926829268292684,0.5487804878048781,0.47560975609756095,0.35365853658536583,0.7317073170731707,0.32926829268292684,0.6463414634146342,0.5121951219512195,0.6097560975609756,0.5121951219512195,0.3902439024390244,0.4146341463414634,0.4024390243902439,0.45121951219512196
34,0,1,0.13172237191885894,0.3780487804878049,0.573170731707317,0.4268292682926829,0.45121951219512196,0.8048780487804879,0.6463414634146342,0.47560975609756095,0.4024390243902439,0.4024390243902439,0.5,0.8170731707317073,0.6341463414634146,0.5609756097560976,0.524390243902439,0.3902439024390244,0.5853658536585366,0.36585365853658536,0.5609756097560976,0.2926829268292683,0.47560975609756095,0.7317073170731707,0.4634146341463415,0.6219512195121951,0.34146341463414637,0.524390243902439,0.47560975609756095,0.36585365853658536,0.35365853658536583,0.3780487804878049,0.47560975609756095
34,0,2,0.11448701854025879,0.43902439024390244,0.2804878048780488,0.5365853658536586,0.573170731707317,0.6707317073170732,0.5609756097560976,0.5121951219512195,0.34146341463414637,0.5365853658536586,0.5365853658536586,0.6463414634146342,0.5853658536585366,0.3780487804878049,0.45121951219512196,0.4268292682926829,0.4634146341463415,0.5121951219512195,0.4634146341463415,0.3902439024390244,0.6463414634146342,0.5487804878048781,0.2073170731707317,0.4634146341463415,0.6707317073170732,0.6829268292682927,0.35365853658536583,0.5609756097560976,0.45121951219512196,0.573170731707317,0.5365853658536586
34,0,3,0.13772031364616888,0.4878048780487805,0.45121951219512196,0.5365853658536586,0.7195121951219512,0.6341463414634146,0.524390243902439,0.45121951219512196,0.4878048780487805,0.47560975609756095,0.8048780487804879,0.5,0.17073170731707318,0.6585365853658537,0.2682926829268293,0.43902439024390244,0.35365853658536583,0.524390243902439,0.45121951219512196,0.45121951219512196,0.5853658536585366,0.32926829268292684,0.6707317073170732,0.35365853658536583,0.3902439024390244,0.7073170731707317,0.3780487804878049,0.5609756097560976,0.43902439024390244,0.6219512195121951,0.573170731707317
34,0,4,0.16631928898763237,0.36585365853658536,0.4146341463414634,0.47560975609756095,0.5975609756097561,0.7560975609756098,0.5487804878048781,0.2926829268292683,0.5121951219512195,0.32926829268292684,0.3780487804878049,0.3780487804878049,0.4146341463414634,0.8902439024390244,0.6951219512195121,0.5487804878048781,0.2073170731707317,0.5975609756097561,0.8658536585365854,0.4268292682926829,0.524390243902439,0.2682926829268293,0.6707317073170732,0.43902439024390244,0.36585365853658536,0.5,0.5,0.5853658536585366,0.4024390243902439,0.7073170731707317,0.34146341463414637
34,0,5,0.1870537190043998,0.6219512195121951,0.4146341463414634,0.0975609756097561,0.47560975609756095,0.5365853658536586,0.47560975609756095,0.35365853658536583,0.5487804878048781,0.2926829268292683,0.3902439024390244,0.4268292682926829,0.5121951219512195,0.573170731707317,0.8170731707317073,0.6341463414634146,0.3902439024390244,0.6463414634146342,0.8170731707317073,0.36585365853658536,0.43902439024390244,0.7682926829268293,0.7195121951219512,0.6707317073170732,0.4268292682926829,0.3780487804878049,0.3780487804878049,0.23170731707317074,0.8414634146341463,0.15853658536585366,0.5975609756097561
34,0,6,0.14162452278155543,0.6707317073170732,0.4024390243902439,0.25609756097560976,0.36585365853658536,0.5,0.47560975609756095,0.7804878048780488,0.5121951219512195,0.5121951219512195,0.32926829268292684,0.45121951219512196,0.5365853658536586,0.36585365853658536,0.524390243902439,0.43902439024390244,0.573170731707317,0.43902439024390244,0.7804878048780488,0.5365853658536586,0.45121951219512196,0.7926829268292683,0.7073170731707317,0.36585365853658536,0.3902439024390244,0.3048780487804878,0.4146341463414634,0.573170731707317,0.45121951219512196,0.4024390243902439,0.6951219512195121
34,0,7,0.12484374528848514,0.5121951219512195,0.3902439024390244,0.573170731707317,0.4878048780487805,0.6707317073170732,0.4268292682926829,0.7804878048780488,0.5609756097560976,0.573170731707317,0.5975609756097561,0.5487804878048781,0.2682926829268293,0.43902439024390244,0.5487804878048781,0.3170731707317073,0.6585365853658537,0.4024390243902439,0.34146341463414637,0.3780487804878049,0.43902439024390244,0.35365853658536583,0.6707317073170732,0.6341463414634146,0.6341463414634146,0.34146341463414637,0.45121951219512196,0.5975609756097561,0.36585365853658536,0.4878048780487805,0.5487804878048781
34,0,8,0.17528764496420438,0.524390243902439,0.5487804878048781,0.7926829268292683,0.4634146341463415,0.35365853658536583,0.34146341463414637,0.5121951219512195,0.2073170731707317,0.7073170731707317,0.7195121951219512,0.8292682926829268,0.2682926829268293,0.2804878048780488,0.4268292682926829,0.7317073170731707,0.5853658536585366,0.36585365853658536,0.3780487804878049,0.4268292682926829,0.32926829268292684,0.43902439024390244,0.5609756097560976,0.7439024390243902,0.5121951219512195,0.5975609756097561,0.4634146341463415,0.3780487804878049,0.18292682926829268,0.7560975609756098,0.573170731707317
34,0,9,0.14228803669206744,0.32926829268292684,0.6219512195121951,0.6585365853658537,0.34146341463414637,0.6219512195121951,0.47560975609756095,0.4146341463414634,0.5121951219512195,0.5,0.5121951219512195,0.7195121951219512,0.4634146341463415,0.5365853658536586,0.3780487804878049,0.47560975609756095,0.524390243902439,0.5,0.36585365853658536,0.5609756097560976,0.2926829268292683,0.4268292682926829,0.524390243902439,0.7439024390243902,0.47560975609756095,0.9146341463414634,0.573170731707317,0.2926829268292683,0.4146341463414634,0.573170731707317,0.25609756097560976
35,0,0,0.19524894241500534,0.7682926829268293,0.47560975609756095,0.4634146341463415,0.3048780487804878,0.45121951219512196,0.8536585365853658,0.3780487804878049,0.3048780487804878,0.35365853658536583,0.4146341463414634,0.7804878048780488,0.4146341463414634,0.2804878048780488,0.3048780487804878,0.9512195121951219,0.47560975609756095,0.3170731707317073,0.3170731707317073,0.3780487804878049,0.7560975609756098,0.6829268292682927,0.3902439024390244,0.7195121951219512,0.2804878048780488,0.5609756097560976,0.32926829268292684,0.6707317073170732,0.4634146341463415,0.7804878048780488,0.3780487804878049
35,0,1,0.166020958184245,0.6951219512195121,0.573170731707317,0.2926829268292683,0.35365853658536583,0.4634146341463415,0.8292682926829268,0.5609756097560976,0.4024390243902439,0.3780487804878049,0.32926829268292684,0.6951219512195121,0.34146341463414637,0.5121951219512195,0.5853658536585366,0.926829268292683,0.4146341463414634,0.3780487804878049,0.4024390243902439,0.5,0.4268292682926829,0.4878048780487805,0.36585365853658536,0.6951219512195121,0.43902439024390244,0.35365853658536583,0.2682926829268293,0.8048780487804879,0.4268292682926829,0.6585365853658537,0.43902439024390244
35,0,2,0.15806684630263076,0.3902439024390244,0.3048780487804878,0.3780487804878049,0.45121951219512196,0.7804878048780488,0.7560975609756098,0.5853658536585366,0.21951219512195122,0.5121951219512195,0.4146341463414634,0.7439024390243902,0.4268292682926829,0.4634146341463415,0.43902439024390244,0.9512195121951219,0.4146341463414634,0.5487804878048781,0.45121951219512196,0.5121951219512195,0.6463414634146342,0.4268292682926829,0.4146341463414634,0.35365853658536583,0.5487804878048781,0.5,0.5487804878048781,0.7073170731707317,0.4146341463414634,0.3780487804878049,0.3170731707317073
35,0,3,0.1463075841542161,0.4878048780487805,0.3048780487804878,0.5365853658536586,0.43902439024390244,0.7439024390243902,0.32926829268292684,0.5853658536585366,0.32926829268292684,0.7682926829268293,0.6341463414634146,0.6341463414634146,0.5121951219512195,0.3780487804878049,0.4146341463414634,0.8902439024390244,0.23170731707317074,0.6341463414634146,0.47560975609756095,0.3780487804878049,0.2804878048780488,0.5853658536585366,0.4268292682926829,0.6097560975609756,0.524390243902439,0.4024390243902439,0.47560975609756095,0.524390243902439,0.4634146341463415,0.5121951219512195,0.4878048780487805
35,0,4,0.13198555374352877,0.4024390243902439,0.573170731707317,0.4146341463414634,0.5,0.5,0.35365853658536583,0.2926829268292683,0.573170731707317,0.7195121951219512,0.5609756097560976,0.6829268292682927,0.4878048780487805,0.6585365853658537,0.3780487804878049,0.8170731707317073,0.1951219512195122,0.36585365853658536,0.34146341463414637,0.573170731707317,0.6097560975609756,0.5365853658536586,0.4024390243902439,0.5121951219512195,0.47560975609756095,0.4146341463414634,0.6219512195121951,0.5975609756097561,0.4146341463414634,0.5,0.524390243902439
35,0,5,0.1501205807893172,0.3780487804878049,0.8414634146341463,0.36585365853658536,0.6463414634146342,0.43902439024390244,0.4268292682926829,0.32926829268292684,0.6341463414634146,0.3048780487804878,0.5,0.5487804878048781,0.6585365853658537,0.5609756097560976,0.34146341463414637,0.573170731707317,0.4634146341463415,0.6341463414634146,0.4268292682926829,0.5487804878048781,0.45121951219512196,0.5121951219512195,0.5853658536585366,0.9024390243902439,0.21951219512195122,0.2804878048780488,0.45121951219512196,0.5609756097560976,0.4878048780487805,0.3780487804878049,0.5487804878048781
35,0,6,0.12646131741642108,0.36585365853658536,0.45121951219512196,0.35365853658536583,0.5,0.35365853658536583,0.6829268292682927,0.5487804878048781,0.5365853658536586,0.24390243902439024,0.4024390243902439,0.5365853658536586,0.7195121951219512,0.6463414634146342,0.6829268292682927,0.43902439024390244,0.4634146341463415,0.45121951219512196,0.43902439024390244,0.3902439024390244,0.4878048780487805,0.6463414634146342,0.524390243902439,0.524390243902439,0.3170731707317073,0.4634146341463415,0.45121951219512196,0.45121951219512196,0.524390243902439,0.573170731707317,0.8292682926829268
35,0,7,0.12068447790999344,0.5975609756097561,0.43902439024390244,0.43902439024390244,0.524390243902439,0.45121951219512196,0.4634146341463415,0.4024390243902439,0.5487804878048781,0.45121951219512196,0.6219512195121951,0.2926829268292683,0.7439024390243902,0.2804878048780488,0.5975609756097561,0.3780487804878049,0.4024390243902439,0.4878048780487805,0.7804878048780488,0.6341463414634146,0.36585365853658536,0.43902439024390244,0.4024390243902439,0.3902439024390244,0.6829268292682927,0.4878048780487805,0.5609756097560976,0.45121951219512196,0.47560975609756095,0.6097560975609756,0.5975609756097561
35,0,8,0.12840639184783803,0.5853658536585366,0.34146341463414637,0.36585365853658536,0.524390243902439,0.47560975609756095,0.4634146341463415,0.32926829268292684,0.47560975609756095,0.3170731707317073,0.5975609756097561,0.6707317073170732,0.47560975609756095,0.21951219512195122,0.6219512195121951,0.6707317073170732,0.6463414634146342,0.573170731707317,0.5853658536585366,0.5609756097560976,0.8048780487804879,0.4878048780487805,0.5,0.4634146341463415,0.6341463414634146,0.34146341463414637,0.5975609756097561,0.45121951219512196,0.3902439024390244,0.45121951219512196,0.3780487804878049
35,0,9,0.13377628188540108,0.4878048780487805,0.4268292682926829,0.43902439024390244,0.36585365853658536,0.6219512195121951,0.3902439024390244,0.5853658536585366,0.36585365853658536,0.7560975609756098,0.6707317073170732,0.5,0.3170731707317073,0.34146341463414637,0.43902439024390244,0.5609756097560976,0.4268292682926829,0.5365853658536586,0.5487804878048781,0.5609756097560976,0.6707317073170732,0.7804878048780488,0.34146341463414637,0.5609756097560976,0.7195121951219512,0.4268292682926829,0.3170731707317073,0.2682926829268293,0.573170731707317,0.524390243902439,0.47560975609756095
36,0,0,0.1866291993785489,0.35365853658536583,0.4024390243902439,0.2926829268292683,0.6829268292682927,0.5487804878048781,0.6219512195121951,0.2804878048780488,0.2804878048780488,0.4146341463414634,0.43902439024390244,0.32926829268292684,0.45121951219512196,0.9878048780487805,0.7195121951219512,0.573170731707317,0.4878048780487805,0.4634146341463415,0.9512195121951219,0.4146341463414634,0.2804878048780488,0.5609756097560976,0.7073170731707317,0.47560975609756095,0.8170731707317073,0.47560975609756095,0.2804878048780488,0.4146341463414634,0.5121951219512195,0.4146341463414634,0.36585365853658536
36,0,1,0.18197584785040155,0.3170731707317073,0.35365853658536583,0.3780487804878049,0.8658536585365854,0.3902439024390244,0.5,0.45121951219512196,0.5487804878048781,0.34146341463414637,0.35365853658536583,0.35365853658536583,0.34146341463414637,0.926829268292683,0.8414634146341463,0.6097560975609756,0.47560975609756095,0.6097560975609756,0.9512195121951219,0.43902439024390244,0.4024390243902439,0.45121951219512196,0.6463414634146342,0.4024390243902439,0.6585365853658537,0.2804878048780488,0.4146341463414634,0.4268292682926829,0.4024390243902439,0.4024390243902439,0.4634146341463415
36,0,2,0.17604958470847404,0.4146341463414634,0.573170731707317,0.43902439024390244,0.8658536585365854,0.45121951219512196,0.4268292682926829,0.45121951219512196,0.5487804878048781,0.4146341463414634,0.3170731707317073,0.6585365853658537,0.3170731707317073,0.9512195121951219,0.45121951219512196,0.35365853658536583,0.4268292682926829,0.3780487804878049,0.9512195121951219,0.47560975609756095,0.23170731707317074,0.4878048780487805,0.6585365853658537,0.45121951219512196,0.6951219512195121,0.5,0.47560975609756095,0.3170731707317073,0.45121951219512196,0.5609756097560976,0.3048780487804878
36,0,3,0.17029561028986515,0.43902439024390244,0.8170731707317073,0.45121951219512196,0.34146341463414637,0.524390243902439,0.36585365853658536,0.2926829268292683,0.5,0.4878048780487805,0.23170731707317074,0.524390243902439,0.5487804878048781,0.8292682926829268,0.5121951219512195,0.524390243902439,0.3780487804878049,0.36585365853658536,0.975609756097561,0.36585365853658536,0.23170731707317074,0.43902439024390244,0.4268292682926829,0.4024390243902439,0.7073170731707317,0.6707317073170732,0.47560975609756095,0.3902439024390244,0.6219512195121951,0.5,0.6585365853658537
36,0,4,0.12276153553285771,0.34146341463414637,0.5853658536585366,0.5609756097560976,0.4878048780487805,0.6219512195121951,0.4146341463414634,0.5121951219512195,0.6585365853658537,0.45121951219512196,0.3048780487804878,0.5487804878048781,0.5,0.6097560975609756,0.3048780487804878,0.5,0.47560975609756095,0.4634146341463415,0.8536585365853658,0.4268292682926829,0.4878048780487805,0.4024390243902439,0.6951219512195121,0.5121951219512195,0.34146341463414637,0.4634146341463415,0.5121951219512195,0.2804878048780488,0.5487804878048781,0.6341463414634146,0.5
36,0,5,0.1560785049344015,0.4634146341463415,0.7195121951219512,0.43902439024390244,0.45121951219512196,0.45121951219512196,0.5975609756097561,0.4024390243902439,0.25609756097560976,0.5121951219512195,0.47560975609756095,0.3780487804878049,0.524390243902439,0.4634146341463415,0.5975609756097561,0.6829268292682927,0.43902439024390244,0.6463414634146342,0.2073170731707317,0.6097560975609756,0.2682926829268293,0.6463414634146342,0.6951219512195121,0.36585365853658536,0.4146341463414634,0.43902439024390244,0.35365853658536583,0.9634146341463414,0.43902439024390244,0.6585365853658537,0.43902439024390244
36,0,6,0.15534626109695554,0.5487804878048781,0.43902439024390244,0.3902439024390244,0.36585365853658536,0.6707317073170732,0.7195121951219512,0.6951219512195121,0.2804878048780488,0.2926829268292683,0.34146341463414637,0.35365853658536583,0.43902439024390244,0.5,0.4878048780487805,0.5365853658536586,0.3780487804878049,0.5121951219512195,0.5121951219512195,0.573170731707317,0.5609756097560976,0.43902439024390244,0.43902439024390244,0.7804878048780488,0.6341463414634146,0.3048780487804878,0.6219512195121951,0.6951219512195121,0.8048780487804879,0.15853658536585366,0.524390243902439
36,0,7,0.16991675418033342,0.6585365853658537,0.32926829268292684,0.3170731707317073,0.3048780487804878,0.7439024390243902,0.5365853658536586,0.6707317073170732,0.5853658536585366,0.2804878048780488,0.25609756097560976,0.47560975609756095,0.21951219512195122,0.5,0.6463414634146342,0.4024390243902439,0.3170731707317073,0.7439024390243902,0.524390243902439,0.6707317073170732,0.4878048780487805,0.6341463414634146,0.45121951219512196,0.7926829268292683,0.3048780487804878,0.7073170731707317,0.7073170731707317,0.5975609756097561,0.43902439024390244,0.4268292682926829,0.2682926829268293
36,0,8,0.1703538210624727,0.7682926829268293,0.47560975609756095,0.573170731707317,0.43902439024390244,0.5,0.3902439024390244,0.43902439024390244,0.35365853658536583,0.4268292682926829,0.43902439024390244,0.7926829268292683,0.32926829268292684,0.15853658536585366,0.524390243902439,0.43902439024390244,0.15853658536585366,0.8658536585365854,0.7682926829268293,0.7439024390243902,0.4024390243902439,0.43902439024390244,0.6463414634146342,0.5609756097560976,0.5975609756097561,0.4878048780487805,0.6707317073170732,0.3902439024390244,0.4268292682926829,0.4634146341463415,0.32926829268292684
36,0,9,0.1359450729501039,0.6097560975609756,0.35365853658536583,0.8414634146341463,0.4024390243902439,0.5609756097560976,0.3780487804878049,0.3902439024390244,0.4878048780487805,0.4268292682926829,0.6341463414634146,0.7439024390243902,0.5365853658536586,0.2804878048780488,0.4146341463414634,0.6097560975609756,0.6097560975609756,0.3902439024390244,0.34146341463414637,0.4878048780487805,0.34146341463414637,0.35365853658536583,0.6829268292682927,0.5,0.5609756097560976,0.3780487804878049,0.5975609756097561,0.573170731707317,0.6341463414634146,0.5487804878048781,0.32926829268292684
37,0,0,0.16412900523342408,0.5121951219512195,0.9634146341463414,0.3780487804878049,0.5,0.45121951219512196,0.36585365853658536,0.4878048780487805,0.3170731707317073,0.45121951219512196,0.5121951219512195,0.6097560975609756,0.8536585365853658,0.7317073170731707,0.4268292682926829,0.3902439024390244,0.35365853658536583,0.8658536585365854,0.5121951219512195,0.2926829268292683,0.36585365853658536,0.5609756097560976,0.32926829268292684,0.45121951219512196,0.4268292682926829,0.32926829268292684,0.3780487804878049,0.5975609756097561,0.5121951219512195,0.5487804878048781,0.524390243902439
37,0,1,0.15505878961594027,0.2926829268292683,0.8902439024390244,0.47560975609756095,0.524390243902439,0.4634146341463415,0.4024390243902439,0.47560975609756095,0.4024390243902439,0.4024390243902439,0.4268292682926829,0.6585365853658537,0.8170731707317073,0.8048780487804879,0.3170731707317073,0.34146341463414637,0.32926829268292684,0.6219512195121951,0.45121951219512196,0.43902439024390244,0.3170731707317073,0.6707317073170732,0.45121951219512196,0.35365853658536583,0.5,0.34146341463414637,0.5365853658536586,0.6707317073170732,0.45121951219512196,0.5487804878048781,0.6219512195121951
37,0,2,0.12543795971340282,0.4024390243902439,0.8780487804878049,0.5,0.4024390243902439,0.4268292682926829,0.5487804878048781,0.5121951219512195,0.5487804878048781,0.5,0.4634146341463415,0.7560975609756098,0.5487804878048781,0.573170731707317,0.573170731707317,0.2682926829268293,0.5,0.5853658536585366,0.5121951219512195,0.35365853658536583,0.2682926829268293,0.6585365853658537,0.4146341463414634,0.3780487804878049,0.5121951219512195,0.5853658536585366,0.3780487804878049,0.43902439024390244,0.5853658536585366,0.47560975609756095,0.45121951219512196
37,0,3,0.10820951908140737,0.4634146341463415,0.524390243902439,0.5975609756097561,0.3780487804878049,0.36585365853658536,0.43902439024390244,0.4024390243902439,0.573170731707317,0.5121951219512195,0.45121951219512196,0.6341463414634146,0.5121951219512195,0.5365853658536586,0.5975609756097561,0.5487804878048781,0.5975609756097561,0.3780487804878049,0.4878048780487805,0.5121951219512195,0.4268292682926829,0.32926829268292684,0.6463414634146342,0.5609756097560976,0.5487804878048781,0.7560975609756098,0.5365853658536586,0.4268292682926829,0.1951219512195122,0.5121951219512195,0.5487804878048781
37,0,4,0.1490268518684826,0.6463414634146342,0.24390243902439024,0.7682926829268293,0.573170731707317,0.3780487804878049,0.7439024390243902,0.3902439024390244,0.5609756097560976,0.3780487804878049,0.3780487804878049,0.24390243902439024,0.3780487804878049,0.5,0.5975609756097561,0.6097560975609756,0.7804878048780488,0.2682926829268293,0.524390243902439,0.5,0.7195121951219512,0.3780487804878049,0.4268292682926829,0.5121951219512195,0.43902439024390244,0.7195121951219512,0.5853658536585366,0.4146341463414634,0.4024390243902439,0.4878048780487805,0.45121951219512196
37,0,5,0.15856785182614502,0.7804878048780488,0.2926829268292683,0.7439024390243902,0.47560975609756095,0.6219512195121951,0.6219512195121951,0.4634146341463415,0.35365853658536583,0.524390243902439,0.524390243902439,0.36585365853658536,0.45121951219512196,0.4146341463414634,0.45121951219512196,0.45121951219512196,0.8048780487804879,0.2926829268292683,0.5609756097560976,0.3780487804878049,0.7804878048780488,0.6097560975609756,0.18292682926829268,0.6341463414634146,0.2682926829268293,0.5,0.6341463414634146,0.524390243902439,0.5609756097560976,0.43902439024390244,0.2926829268292683
37,0,6,0.13943741244334498,0.7926829268292683,0.3780487804878049,0.4268292682926829,0.3170731707317073,0.4878048780487805,0.35365853658536583,0.45121951219512196,0.4878048780487805,0.6707317073170732,0.47560975609756095,0.8414634146341463,0.4268292682926829,0.36585365853658536,0.7195121951219512,0.573170731707317,0.4268292682926829,0.43902439024390244,0.8048780487804879,0.4268292682926829,0.36585365853658536,0.5975609756097561,0.5975609756097561,0.4268292682926829,0.5487804878048781,0.4024390243902439,0.4146341463414634,0.4878048780487805,0.524390243902439,0.3902439024390244,0.3780487804878049
37,0,7,0.1623371833394511,0.5609756097560976,0.7560975609756098,0.3048780487804878,0.3170731707317073,0.2804878048780488,0.43902439024390244,0.7195121951219512,0.5853658536585366,0.6707317073170732,0.4024390243902439,0.7195121951219512,0.5487804878048781,0.524390243902439,0.8414634146341463,0.4024390243902439,0.43902439024390244,0.32926829268292684,0.6463414634146342,0.4146341463414634,0.45121951219512196,0.7804878048780488,0.5,0.2073170731707317,0.45121951219512196,0.32926829268292684,0.34146341463414637,0.47560975609756095,0.43902439024390244,0.6829268292682927,0.43902439024390244
37,0,8,0.13224821182171667,0.5609756097560976,0.5,0.6585365853658537,0.43902439024390244,0.5121951219512195,0.45121951219512196,0.573170731707317,0.4268292682926829,0.47560975609756095,0.3170731707317073,0.7682926829268293,0.3902439024390244,0.6951219512195121,0.3902439024390244,0.47560975609756095,0.2682926829268293,0.4268292682926829,0.6585365853658537,0.2682926829268293,0.5609756097560976,0.6219512195121951,0.5365853658536586,0.45121951219512196,0.6951219512195121,0.2682926829268293,0.3780487804878049,0.5609756097560976,0.4634146341463415,0.5121951219512195,0.6951219512195121
37,0,9,0.17750780942622565,0.5,0.3170731707317073,0.8048780487804879,0.6463414634146342,0.7926829268292683,0.6707317073170732,0.6951219512195121,0.5487804878048781,0.3048780487804878,0.5121951219512195,0.17073170731707318,0.3780487804878049,0.5,0.5121951219512195,0.4146341463414634,0.5853658536585366,0.45121951219512196,0.3048780487804878,0.2926829268292683,0.6585365853658537,0.15853658536585366,0.8292682926829268,0.5487804878048781,0.3048780487804878,0.35365853658536583,0.524390243902439,0.5365853658536586,0.45121951219512196,0.7560975609756098,0.47560975609756095
38,0,0,0.18723914368110284,0.5121951219512195,0.4024390243902439,0.35365853658536583,1.0,0.3902439024390244,0.4878048780487805,0.34146341463414637,0.2804878048780488,0.573170731707317,0.5121951219512195,0.34146341463414637,0.36585365853658536,0.6951219512195121,0.3902439024390244,0.8902439024390244,0.3902439024390244,0.36585365853658536,0.35365853658536583,0.5365853658536586,0.35365853658536583,0.7926829268292683,0.45121951219512196,0.7560975609756098,0.25609756097560976,0.45121951219512196,0.3780487804878049,0.4878048780487805,0.47560975609756095,0.5609756097560976,0.8536585365853658
38,0,1,0.1699167541803334,0.4146341463414634,0.34146341463414637,0.524390243902439,0.975609756097561,0.6097560975609756,0.4146341463414634,0.47560975609756095,0.5853658536585366,0.35365853658536583,0.43902439024390244,0.4634146341463415,0.32926829268292684,0.6341463414634146,0.3780487804878049,0.8170731707317073,0.5,0.36585365853658536,0.35365853658536583,0.34146341463414637,0.4146341463414634,0.8658536585365854,0.45121951219512196,0.6585365853658537,0.3902439024390244,0.4268292682926829,0.35365853658536583,0.5,0.34146341463414637,0.47560975609756095,0.8048780487804879
38,0,2,0.16643847158192207,0.25609756097560976,0.47560975609756095,0.4268292682926829,0.9024390243902439,0.45121951219512196,0.3902439024390244,0.5487804878048781,0.32926829268292684,0.3048780487804878,0.6219512195121951,0.5121951219512195,0.7560975609756098,0.7682926829268293,0.5,0.5853658536585366,0.4024390243902439,0.32926829268292684,0.2804878048780488,0.3048780487804878,0.5121951219512195,0.8536585365853658,0.43902439024390244,0.45121951219512196,0.5,0.7682926829268293,0.5365853658536586,0.3902439024390244,0.3902439024390244,0.45121951219512196,0.5609756097560976
38,0,3,0.15626896077698874,0.2682926829268293,0.4024390243902439,0.5975609756097561,0.9024390243902439,0.2804878048780488,0.3048780487804878,0.6219512195121951,0.4146341463414634,0.45121951219512196,0.3780487804878049,0.43902439024390244,0.8170731707317073,0.5853658536585366,0.5609756097560976,0.6097560975609756,0.573170731707317,0.32926829268292684,0.5,0.45121951219512196,0.4634146341463415,0.6097560975609756,0.5121951219512195,0.5609756097560976,0.5853658536585366,0.7439024390243902,0.32926829268292684,0.6341463414634146,0.3902439024390244,0.4268292682926829,0.25609756097560976
38,0,4,0.1380079804110926,0.25609756097560976,0.6951219512195121,0.4146341463414634,0.524390243902439,0.3170731707317073,0.4024390243902439,0.573170731707317,0.4878048780487805,0.45121951219512196,0.4268292682926829,0.6707317073170732,0.6585365853658537,0.524390243902439,0.5365853658536586,0.5487804878048781,0.524390243902439,0.4634146341463415,0.43902439024390244,0.7682926829268293,0.36585365853658536,0.35365853658536583,0.4146341463414634,0.2682926829268293,0.5,0.8902439024390244,0.5853658536585366,0.4024390243902439,0.5609756097560976,0.4878048780487805,0.4878048780487805
38,0,5,0.13811570097939463,0.4268292682926829,0.6097560975609756,0.4634146341463415,0.3902439024390244,0.6463414634146342,0.5121951219512195,0.5975609756097561,0.4146341463414634,0.5365853658536586,0.7439024390243902,0.32926829268292684,0.6341463414634146,0.2073170731707317,0.6707317073170732,0.7073170731707317,0.32926829268292684,0.4268292682926829,0.6219512195121951,0.3048780487804878,0.573170731707317,0.5,0.4268292682926829,0.32926829268292684,0.45121951219512196,0.6829268292682927,0.36585365853658536,0.5365853658536586,0.7073170731707317,0.4024390243902439,0.45121951219512196
38,0,6,0.13627287132460425,0.5975609756097561,0.6951219512195121,0.5487804878048781,0.3780487804878049,0.6219512195121951,0.2926829268292683,0.4024390243902439,0.3780487804878049,0.4634146341463415,0.7195121951219512,0.47560975609756095,0.5,0.4268292682926829,0.45121951219512196,0.6341463414634146,0.4268292682926829,0.13414634146341464,0.43902439024390244,0.5487804878048781,0.6219512195121951,0.5609756097560976,0.5975609756097561,0.4024390243902439,0.4024390243902439,0.43902439024390244,0.4634146341463415,0.7073170731707317,0.3780487804878049,0.7804878048780488,0.5121951219512195
38,0,7,0.1512719552389025,0.4634146341463415,0.5121951219512195,0.35365853658536583,0.4024390243902439,0.7682926829268293,0.7195121951219512,0.4268292682926829,0.36585365853658536,0.2804878048780488,0.6219512195121951,0.23170731707317074,0.5853658536585366,0.5,0.3780487804878049,0.5121951219512195,0.35365853658536583,0.4024390243902439,0.3902439024390244,0.6585365853658537,0.5975609756097561,0.524390243902439,0.6951219512195121,0.5975609756097561,0.4634146341463415,0.34146341463414637,0.5853658536585366,0.47560975609756095,0.3170731707317073,0.8902439024390244,0.5853658536585366
38,0,8,0.11500545297402924,0.3780487804878049,0.5853658536585366,0.4634146341463415,0.4634146341463415,0.3780487804878049,0.5487804878048781,0.45121951219512196,0.43902439024390244,0.4878048780487805,0.34146341463414637,0.4146341463414634,0.6707317073170732,0.5487804878048781,0.2804878048780488,0.5121951219512195,0.8048780487804879,0.45121951219512196,0.6097560975609756,0.7073170731707317,0.6219512195121951,0.4878048780487805,0.5487804878048781,0.5121951219512195,0.6585365853658537,0.43902439024390244,0.3780487804878049,0.5487804878048781,0.3902439024390244,0.47560975609756095,0.4024390243902439
38,0,9,0.14542395303184238,0.5,0.45121951219512196,0.6097560975609756,0.4268292682926829,0.47560975609756095,0.5,0.32926829268292684,0.6829268292682927,0.4878048780487805,0.36585365853658536,0.7682926829268293,0.5,0.5853658536585366,0.4146341463414634,0.23170731707317074,0.8048780487804879,0.5365853658536586,0.5121951219512195,0.7439024390243902,0.5609756097560976,0.4024390243902439,0.4146341463414634,0.4024390243902439,0.7317073170731707,0.5975609756097561,0.34146341463414637,0.36585365853658536,0.6219512195121951,0.35365853658536583,0.2804878048780488
39,0,0,0.17255127956901456,0.3902439024390244,0.4024390243902439,0.4146341463414634,0.5,0.34146341463414637,0.7439024390243902,0.36585365853658536,0.5365853658536586,0.4878048780487805,0.34146341463414637,0.4024390243902439,0.6951219512195121,0.9512195121951219,0.4146341463414634,0.4268292682926829,0.4878048780487805,0.2926829268292683,0.45121951219512196,0.3780487804878049,0.43902439024390244,0.32926829268292684,0.8780487804878049,0.7439024390243902,0.4878048780487805,0.4878048780487805,0.35365853658536583,0.3170731707317073,0.6829268292682927,0.4634146341463415,0.7926829268292683
39,0,1,0.16440061726938987,0.3780487804878049,0.5975609756097561,0.6463414634146342,0.5121951219512195,0.2804878048780488,0.6951219512195121,0.4634146341463415,0.4146341463414634,0.45121951219512196,0.32926829268292684,0.34146341463414637,0.6097560975609756,0.8170731707317073,0.32926829268292684,0.4024390243902439,0.5609756097560976,0.45121951219512196,0.3780487804878049,0.5365853658536586,0.2804878048780488,0.3780487804878049,0.8048780487804879,0.9024390243902439,0.4634146341463415,0.3902439024390244,0.35365853658536583,0.4024390243902439,0.573170731707317,0.4878048780487805,0.7682926829268293
39,0,2,0.1612955677091024,0.4024390243902439,0.6219512195121951,0.5365853658536586,0.45121951219512196,0.4878048780487805,0.3170731707317073,0.4024390243902439,0.4268292682926829,0.47560975609756095,0.32926829268292684,0.4268292682926829,0.3902439024390244,0.9024390243902439,0.6829268292682927,0.3902439024390244,0.47560975609756095,0.45121951219512196,0.36585365853658536,0.5609756097560976,0.36585365853658536,0.573170731707317,0.8292682926829268,0.8536585365853658,0.5853658536585366,0.34146341463414637,0.5,0.4146341463414634,0.36585365853658536,0.3048780487804878,0.7682926829268293
39,0,3,0.15396794245938175,0.5609756097560976,0.3780487804878049,0.7439024390243902,0.32926829268292684,0.2804878048780488,0.35365853658536583,0.36585365853658536,0.573170731707317,0.6463414634146342,0.5487804878048781,0.3048780487804878,0.32926829268292684,0.7926829268292683,0.7317073170731707,0.35365853658536583,0.4024390243902439,0.43902439024390244,0.47560975609756095,0.6097560975609756,0.45121951219512196,0.524390243902439,0.4634146341463415,0.7439024390243902,0.6707317073170732,0.5365853658536586,0.5609756097560976,0.5975609756097561,0.2682926829268293,0.2926829268292683,0.6707317073170732
39,0,4,0.1603399620509426,0.6097560975609756,0.3170731707317073,0.7317073170731707,0.5487804878048781,0.3902439024390244,0.25609756097560976,0.45121951219512196,0.4268292682926829,0.7560975609756098,0.6097560975609756,0.573170731707317,0.36585365853658536,0.4024390243902439,0.5975609756097561,0.2682926829268293,0.25609756097560976,0.5365853658536586,0.43902439024390244,0.2926829268292683,0.2926829268292683,0.5365853658536586,0.524390243902439,0.43902439024390244,0.7439024390243902,0.7439024390243902,0.6097560975609756,0.8048780487804879,0.36585365853658536,0.47560975609756095,0.6341463414634146
39,0,5,0.15658587239996077,0.6829268292682927,0.2682926829268293,0.5609756097560976,0.15853658536585366,0.6341463414634146,0.2073170731707317,0.524390243902439,0.5487804878048781,0.4634146341463415,0.6951219512195121,0.7195121951219512,0.47560975609756095,0.5121951219512195,0.524390243902439,0.5,0.5365853658536586,0.7804878048780488,0.43902439024390244,0.34146341463414637,0.3780487804878049,0.45121951219512196,0.5487804878048781,0.4268292682926829,0.3048780487804878,0.7926829268292683,0.6829268292682927,0.4146341463414634,0.3902439024390244,0.6219512195121951,0.4146341463414634
39,0,6,0.14846027115642146,0.2804878048780488,0.43902439024390244,0.524390243902439,0.24390243902439024,0.6951219512195121,0.573170731707317,0.7317073170731707,0.45121951219512196,0.4146341463414634,0.6219512195121951,0.6097560975609756,0.3902439024390244,0.3048780487804878,0.7195121951219512,0.4634146341463415,0.573170731707317,0.36585365853658536,0.2926829268292683,0.5121951219512195,0.4634146341463415,0.524390243902439,0.5365853658536586,0.25609756097560976,0.36585365853658536,0.7439024390243902,0.573170731707317,0.4268292682926829,0.7317073170731707,0.6951219512195121,0.47560975609756095
39,0,7,0.15273954118045482,0.4634146341463415,0.8048780487804879,0.4878048780487805,0.25609756097560976,0.47560975609756095,0.4024390243902439,0.7804878048780488,0.5609756097560976,0.5609756097560976,0.7804878048780488,0.3780487804878049,0.524390243902439,0.43902439024390244,0.5,0.5975609756097561,0.4878048780487805,0.4634146341463415,0.25609756097560976,0.4268292682926829,0.45121951219512196,0.5853658536585366,0.25609756097560976,0.47560975609756095,0.6829268292682927,0.6951219512195121,0.4024390243902439,0.24390243902439024,0.6951219512195121,0.35365853658536583,0.5121951219512195
39,0,8,0.15572873092762166,0.35365853658536583,0.6829268292682927,0.3780487804878049,0.4268292682926829,0.4024390243902439,0.4634146341463415,0.3170731707317073,0.6097560975609756,0.3902439024390244,0.5365853658536586,0.7560975609756098,0.7439024390243902,0.4878048780487805,0.24390243902439024,0.8536585365853658,0.32926829268292684,0.524390243902439,0.36585365853658536,0.3902439024390244,0.47560975609756095,0.4268292682926829,0.4146341463414634,0.6463414634146342,0.5975609756097561,0.23170731707317074,0.45121951219512196,0.6585365853658537,0.5975609756097561,0.5121951219512195,0.7317073170731707
39,0,9,0.1618172136349965,0.6463414634146342,0.35365853658536583,0.5853658536585366,0.6097560975609756,0.14634146341463414,0.5,0.4024390243902439,0.45121951219512196,0.6219512195121951,0.7073170731707317,0.45121951219512196,0.6829268292682927,0.4878048780487805,0.4146341463414634,0.7195121951219512,0.3170731707317073,0.5,0.6341463414634146,0.6585365853658537,0.4268292682926829,0.1951219512195122,0.4024390243902439,0.9146341463414634,0.4268292682926829,0.2926829268292683,0.3780487804878049,0.5121951219512195,0.4878048780487805,0.45121951219512196,0.6219512195121951
